Date,TSLA,BND,SPY
2015-01-02,14.620667457580566,59.40545654296875,169.68783569335938
2015-01-05,14.005999565124512,59.57788848876953,166.62332153320312
2015-01-06,14.085332870483398,59.750431060791016,165.0539093017578
2015-01-07,14.063332557678223,59.786338806152344,167.11065673828125
2015-01-08,14.041333198547363,59.69291687011719,170.07611083984375
2015-01-09,13.77733325958252,59.793514251708984,168.7131805419922
2015-01-12,13.480667114257812,59.87255096435547,167.39157104492188
2015-01-13,13.616666793823242,59.930118560791016,166.9207305908203
2015-01-14,12.845999717712402,60.06665802001953,165.91294860839844
2015-01-15,12.791333198547363,60.33260726928711,164.39308166503906
2015-01-16,12.871333122253418,60.15287780761719,166.5490264892578
2015-01-20,12.795332908630371,60.088260650634766,166.90415954589844
2015-01-21,13.104666709899902,59.97322463989258,167.74668884277344
2015-01-22,13.441332817077637,59.98758316040039,170.2412567138672
2015-01-23,13.419333457946777,60.181663513183594,169.307861328125
2015-01-26,13.770000457763672,60.109798431396484,169.704345703125
2015-01-27,13.732000350952148,60.14574432373047,167.46583557128906
2015-01-28,13.291333198547363,60.3613395690918,165.31825256347656
2015-01-29,13.680000305175781,60.29667282104492,166.84632873535156
2015-01-30,13.573332786560059,60.627323150634766,164.74827575683594
2015-02-02,14.062666893005371,60.55524826049805,166.7885284423828
2015-02-03,14.557332992553711,60.368072509765625,169.2004852294922
2015-02-04,14.569999694824219,60.389625549316406,168.55616760253906
2015-02-05,14.732666969299316,60.25998306274414,170.2578125
2015-02-06,14.490667343139648,59.87109375,169.78701782226562
2015-02-09,14.498666763305664,59.849449157714844,169.02703857421875
2015-02-10,14.419333457946777,59.741451263427734,170.8277587890625
2015-02-11,14.186667442321777,59.741451263427734,170.9268798828125
2015-02-12,13.525333404541016,59.770267486572266,172.57066345214844
2015-02-13,13.584667205810547,59.6334114074707,173.28099060058594
2015-02-17,13.623332977294922,59.395713806152344,173.55361938476562
2015-02-18,13.630666732788086,59.56136703491211,173.57008361816406
2015-02-19,14.11400032043457,59.51095962524414,173.44622802734375
2015-02-20,14.473999977111816,59.52541732788086,174.48699951171875
2015-02-23,13.822667121887207,59.64780807495117,174.4622039794922
2015-02-24,13.607333183288574,59.8927001953125,174.95779418945312
2015-02-25,13.583999633789062,59.950321197509766,174.80911254882812
2015-02-26,13.812666893005371,59.78464126586914,174.60263061523438
2015-02-27,13.555999755859375,59.83505630493164,174.00794982910156
2015-03-02,13.155332565307617,59.64167404174805,175.10647583007812
2015-03-03,13.303999900817871,59.56953430175781,174.38787841796875
2015-03-04,13.496000289916992,59.56953430175781,173.6527099609375
2015-03-05,13.375332832336426,59.60554885864258,173.84271240234375
2015-03-06,12.925333023071289,59.25919723510742,171.39768981933594
2015-03-09,12.725333213806152,59.33134078979492,172.10809326171875
2015-03-10,12.687999725341797,59.56230163574219,169.31617736816406
2015-03-11,12.916000366210938,59.6271858215332,168.91970825195312
2015-03-12,12.73799991607666,59.670509338378906,171.06729125976562
2015-03-13,12.578666687011719,59.61281204223633,170.01824951171875
2015-03-16,13.046667098999023,59.7282829284668,172.28977966308594
2015-03-17,12.982000350952148,59.778770446777344,171.77764892578125
2015-03-18,13.380666732788086,60.14681625366211,173.84271240234375
2015-03-19,13.043333053588867,59.966392517089844,173.0497283935547
2015-03-20,13.20533275604248,60.125144958496094,174.57723999023438
2015-03-23,13.308667182922363,60.154014587402344,174.23703002929688
2015-03-24,13.447999954223633,60.25505447387695,173.25796508789062
2015-03-25,12.953332901000977,60.16123962402344,170.71905517578125
2015-03-26,12.694000244140625,59.966392517089844,170.31256103515625
2015-03-27,12.333333015441895,60.02411651611328,170.7024688720703
2015-03-30,12.704667091369629,60.09629440307617,172.7850799560547
2015-03-31,12.584667205810547,60.16123962402344,171.27499389648438
2015-04-01,12.505999565124512,60.40068054199219,170.66937255859375
2015-04-02,12.733332633972168,60.32108688354492,171.28326416015625
2015-04-06,13.539999961853027,60.371707916259766,172.43658447265625
2015-04-07,13.550000190734863,60.407875061035156,171.98028564453125
2015-04-08,13.844667434692383,60.3644905090332,172.5609893798828
2015-04-09,14.005999565124512,60.234275817871094,173.32437133789062
2015-04-10,14.0600004196167,60.20536804199219,174.27020263671875
2015-04-13,13.985333442687988,60.21980667114258,173.4819793701172
2015-04-14,13.830666542053223,60.32828903198242,173.81385803222656
2015-04-15,13.85533332824707,60.386165618896484,174.59378051757812
2015-04-16,13.779999732971191,60.371707916259766,174.54400634765625
2015-04-17,13.78600025177002,60.47296142578125,172.5360870361328
2015-04-20,13.684666633605957,60.407875061035156,174.112548828125
2015-04-21,13.96066665649414,60.33552169799805,173.9051513671875
2015-04-22,14.629332542419434,60.111324310302734,174.7596893310547
2015-04-23,14.573332786560059,60.22702407836914,175.19949340820312
2015-04-24,14.562000274658203,60.32108688354492,175.60604858398438
2015-04-27,15.436667442321777,60.27766036987305,174.87596130371094
2015-04-28,15.36533260345459,60.08963394165039,175.43177795410156
2015-04-29,15.49666690826416,59.901573181152344,174.70994567871094
2015-04-30,15.069999694824219,59.96670150756836,172.9592742919922
2015-05-01,15.0686674118042,59.784793853759766,174.83436584472656
2015-05-04,15.36733341217041,59.69783401489258,175.3322296142578
2015-05-05,15.529999732971191,59.60361862182617,173.32437133789062
2015-05-06,15.362000465393066,59.436927795410156,172.6107940673828
2015-05-07,15.786666870117188,59.56016540527344,173.2994842529297
2015-05-08,15.77400016784668,59.719573974609375,175.5810546875
2015-05-11,15.965999603271484,59.40797805786133,174.74313354492188
2015-05-12,16.31599998474121,59.33549499511719,174.22052001953125
2015-05-13,16.211999893188477,59.306488037109375,174.25364685058594
2015-05-14,16.273332595825195,59.42243957519531,176.07069396972656
2015-05-15,16.589332580566406,59.661598205566406,176.261474609375
2015-05-18,16.583332061767578,59.444210052490234,176.8091278076172
2015-05-19,16.47599983215332,59.31372833251953,176.7509765625
2015-05-20,16.290000915527344,59.31372833251953,176.6265869140625
2015-05-21,16.374666213989258,59.50218963623047,177.14096069335938
2015-05-22,16.51533317565918,59.465919494628906,176.7178192138672
2015-05-26,16.497333526611328,59.61088943481445,174.81777954101562
2015-05-27,16.495332717895508,59.639869689941406,176.47723388671875
2015-05-28,16.76333236694336,59.647090911865234,176.27809143066406
2015-05-29,16.719999313354492,59.6688346862793,175.18284606933594
2015-06-01,16.6299991607666,59.46987533569336,175.5396728515625
2015-06-02,16.55666732788086,59.3028450012207,175.3654022216797
2015-06-03,16.599332809448242,59.04146194458008,175.830078125
2015-06-04,16.39466667175293,59.18667984008789,174.34486389160156
2015-06-05,16.609333038330078,58.95433807373047,174.0461883544922
2015-06-08,17.086000442504883,59.026920318603516,172.97586059570312
2015-06-09,17.066667556762695,58.852638244628906,172.95095825195312
2015-06-10,16.713333129882812,58.729217529296875,175.0251922607422
2015-06-11,16.76066780090332,59.00514221191406,175.58937072753906
2015-06-12,16.71266746520996,58.96162796020508,174.24534606933594
2015-06-15,16.691999435424805,58.96883010864258,173.4985809326172
2015-06-16,16.874666213989258,59.12133026123047,174.4444122314453
2015-06-17,17.360666275024414,59.14312744140625,174.72654724121094
2015-06-18,17.459333419799805,59.09951400756836,176.5435791015625
2015-06-19,17.500667572021484,59.26652526855469,175.7598876953125
2015-06-22,17.319332122802734,58.98337173461914,176.66029357910156
2015-06-23,17.844667434692383,58.845420837402344,176.7853546142578
2015-06-24,17.67799949645996,58.95433807373047,175.50140380859375
2015-06-25,17.91933250427246,58.87445831298828,174.96783447265625
2015-06-26,17.805999755859375,58.7655029296875,174.93447875976562
2015-06-29,17.468000411987305,59.063228607177734,171.26602172851562
2015-06-30,17.884000778198242,59.00514221191406,171.62454223632812
2015-07-01,17.94333267211914,58.86180877685547,173.00022888183594
2015-07-02,18.667999267578125,59.007347106933594,172.84182739257812
2015-07-06,18.648000717163086,59.21106719970703,172.3498992919922
2015-07-07,17.858667373657227,59.26926803588867,173.4337158203125
2015-07-08,16.997333526611328,59.43659591674805,170.5240478515625
2015-07-09,17.19466781616211,59.240169525146484,170.83248901367188
2015-07-10,17.27666664123535,58.96371078491211,172.9835205078125
2015-07-13,17.477333068847656,58.825435638427734,174.89280700683594
2015-07-14,17.709999084472656,58.9345817565918,175.65147399902344
2015-07-15,17.542667388916016,59.1019172668457,175.59310913085938
2015-07-16,17.778667449951172,59.1019172668457,177.0021209716797
2015-07-17,18.310667037963867,59.10920715332031,177.15225219726562
2015-07-20,18.817333221435547,59.02916717529297,177.2439422607422
2015-07-21,17.784666061401367,59.13829040527344,176.5436248779297
2015-07-22,17.857999801635742,59.1601448059082,176.22677612304688
2015-07-23,17.81333351135254,59.2983512878418,175.23460388183594
2015-07-24,17.694000244140625,59.33473587036133,173.41709899902344
2015-07-27,16.867332458496094,59.45115661621094,172.4082489013672
2015-07-28,17.654666900634766,59.34929275512695,174.5259552001953
2015-07-29,17.58799934387207,59.2983512878418,175.7265625
2015-07-30,17.785999298095703,59.320167541503906,175.76820373535156
2015-07-31,17.74333381652832,59.52391815185547,175.50140380859375
2015-08-03,17.332666397094727,59.66168975830078,174.90945434570312
2015-08-04,17.75200080871582,59.45755386352539,174.56765747070312
2015-08-05,18.0086669921875,59.36280059814453,175.14288330078125
2015-08-06,16.408666610717773,59.399234771728516,173.70884704589844
2015-08-07,16.167333602905273,59.52320861816406,173.37535095214844
2015-08-10,16.076000213623047,59.399234771728516,175.55978393554688
2015-08-11,15.824666976928711,59.625267028808594,173.97569274902344
2015-08-12,15.878000259399414,59.60337829589844,174.18409729003906
2015-08-13,16.167333602905273,59.479469299316406,173.96737670898438
2015-08-14,16.209999084472656,59.45755386352539,174.60096740722656
2015-08-17,16.999332427978516,59.56696701049805,175.57647705078125
2015-08-18,17.381332397460938,59.45755386352539,175.06790161132812
2015-08-19,17.016666412353516,59.66897964477539,173.68389892578125
2015-08-20,16.14533233642578,59.72004699707031,170.05709838867188
2015-08-21,15.38466739654541,59.81483840942383,164.93801879882812
2015-08-24,14.591333389282227,59.80023956298828,157.99298095703125
2015-08-25,14.66866683959961,59.60337829589844,156.13372802734375
2015-08-26,14.989333152770996,59.34818649291992,162.12828063964844
2015-08-27,16.19933319091797,59.428401947021484,166.13856506347656
2015-08-28,16.565332412719727,59.45755386352539,166.14694213867188
2015-08-31,16.604000091552734,59.37734603881836,164.8045654296875
2015-09-01,15.908666610717773,59.522037506103516,159.88555908203125
2015-09-02,16.512666702270508,59.47821044921875,162.9203338623047
2015-09-03,16.3713321685791,59.522037506103516,163.03712463378906
2015-09-04,16.1286678314209,59.66817092895508,160.5692138671875
2015-09-08,16.544666290283203,59.522037506103516,164.6044464111328
2015-09-09,16.5939998626709,59.50741958618164,162.40342712402344
2015-09-10,16.565332412719727,59.3831901550293,163.28720092773438
2015-09-11,16.682666778564453,59.50741958618164,164.0292205810547
2015-09-14,16.87933349609375,59.522037506103516,163.4206085205078
2015-09-15,16.904666900634766,59.273597717285156,165.46324157714844
2015-09-16,17.483333587646484,59.2370719909668,166.8972625732422
2015-09-17,17.471332550048828,59.57315444946289,166.5220947265625
2015-09-18,17.374666213989258,59.74118423461914,163.80087280273438
2015-09-21,17.613332748413086,59.522037506103516,164.64732360839844
2015-09-22,17.395999908447266,59.63163375854492,162.51025390625
2015-09-23,17.40399932861328,59.63163375854492,162.2504425048828
2015-09-24,17.541332244873047,59.65353775024414,161.66380310058594
2015-09-25,17.12733268737793,59.54392623901367,161.62188720703125
2015-09-28,16.562000274658203,59.69740295410156,157.5656280517578
2015-09-29,16.44333267211914,59.74118423461914,157.6578369140625
2015-09-30,16.559999465942383,59.85809326171875,160.59947204589844
2015-10-01,15.991999626159668,59.89030838012695,161.01849365234375
2015-10-02,16.504667282104492,60.11723327636719,163.42373657226562
2015-10-05,16.40999984741211,59.88300323486328,166.33181762695312
2015-10-06,16.097333908081055,59.9635124206543,165.7618865966797
2015-10-07,15.46399974822998,59.9635124206543,167.11961364746094
2015-10-08,15.114666938781738,59.86836242675781,168.62814331054688
2015-10-09,14.712667465209961,59.86102294921875,168.72874450683594
2015-10-12,14.371999740600586,59.9635124206543,168.887939453125
2015-10-13,14.616666793823242,60.00011444091797,167.82359313964844
2015-10-14,14.458666801452637,60.219764709472656,167.0190887451172
2015-10-15,14.753999710083008,60.10259246826172,169.58352661132812
2015-10-16,15.133999824523926,60.08062744140625,170.35455322265625
2015-10-19,15.206666946411133,60.08062744140625,170.43838500976562
2015-10-20,14.20199966430664,59.985469818115234,170.22047424316406
2015-10-21,14.005999565124512,60.095298767089844,169.16453552246094
2015-10-22,14.114666938781738,60.19776916503906,172.02227783203125
2015-10-23,13.939332962036133,60.044044494628906,173.90802001953125
2015-10-26,14.350666999816895,60.10995101928711,173.4805908203125
2015-10-27,14.023332595825195,60.12458419799805,173.14535522460938
2015-10-28,14.197333335876465,59.95620346069336,175.1147918701172
2015-10-29,14.108667373657227,59.74392318725586,175.01422119140625
2015-10-30,13.795332908630371,59.87565994262695,174.26004028320312
2015-11-02,14.252667427062988,59.757572174072266,176.32159423828125
2015-11-03,13.890000343322754,59.65483474731445,176.8328857421875
2015-11-04,15.442000389099121,59.69154739379883,176.29653930664062
2015-11-05,15.451333045959473,59.581520080566406,176.12051391601562
2015-11-06,15.490667343139648,59.34672546386719,176.0282745361328
2015-11-09,15.022000312805176,59.29542922973633,174.38571166992188
2015-11-10,14.433333396911621,59.361427307128906,174.78794860839844
2015-11-11,14.60533332824707,59.36874771118164,174.10081481933594
2015-11-12,14.196000099182129,59.376121520996094,171.6703643798828
2015-11-13,13.812666893005371,59.48612976074219,169.7427978515625
2015-11-16,14.287332534790039,59.48612976074219,172.3240203857422
2015-11-17,14.266667366027832,59.55220413208008,172.19834899902344
2015-11-18,14.73799991607666,59.52284240722656,174.93043518066406
2015-11-19,14.786666870117188,59.603515625,174.77957153320312
2015-11-20,14.667332649230957,59.588829040527344,175.41651916503906
2015-11-23,14.516667366027832,59.610843658447266,175.21539306640625
2015-11-24,14.550000190734863,59.63286209106445,175.44996643066406
2015-11-25,15.309332847595215,59.64019775390625,175.42489624023438
2015-11-27,15.440667152404785,59.669498443603516,175.6260528564453
2015-11-30,15.350666999816895,59.64019775390625,174.8969268798828
2015-12-01,15.812666893005371,59.8658561706543,176.564697265625
2015-12-02,15.465999603271484,59.79232406616211,174.76275634765625
2015-12-03,15.513999938964844,59.32926940917969,172.31561279296875
2015-12-04,15.358667373657227,59.564491271972656,175.67636108398438
2015-12-07,15.408666610717773,59.66738510131836,174.61190795898438
2015-12-08,15.114666938781738,59.68211364746094,173.43869018554688
2015-12-09,14.968000411987305,59.66005325317383,172.08937072753906
2015-12-10,15.137999534606934,59.65270233154297,172.53353881835938
2015-12-11,14.468000411987305,59.81440734863281,169.18960571289062
2015-12-14,14.571999549865723,59.53508758544922,170.04444885253906
2015-12-15,14.739333152770996,59.46888732910156,171.82962036132812
2015-12-16,15.633999824523926,59.402793884277344,174.34376525878906
2015-12-17,15.559332847595215,59.5276985168457,171.68710327148438
2015-12-18,15.36400032043457,59.66005325317383,168.62852478027344
2015-12-21,15.503999710083008,59.593894958496094,170.01954650878906
2015-12-22,15.329999923706055,59.51301574707031,171.5623321533203
2015-12-23,15.313332557678223,59.52040481567383,173.6868438720703
2015-12-24,15.371333122253418,59.56464767456055,173.40020751953125
2015-12-28,15.263333320617676,59.56464767456055,173.00396728515625
2015-12-29,15.812666893005371,59.38036346435547,174.85031127929688
2015-12-30,15.87266731262207,59.417179107666016,173.61097717285156
2015-12-31,16.000667572021484,59.535152435302734,171.87425231933594
2016-01-04,14.894000053405762,59.505714416503906,169.47149658203125
2016-01-05,14.895333290100098,59.57937240600586,169.75820922851562
2016-01-06,14.602666854858398,59.84476089477539,167.61679077148438
2016-01-07,14.376667022705078,59.85212707519531,163.59542846679688
2016-01-08,14.066666603088379,59.92583465576172,161.7997283935547
2016-01-11,13.856666564941406,59.675201416015625,161.95993041992188
2016-01-12,13.998000144958496,59.83002853393555,163.26657104492188
2016-01-13,13.354000091552734,59.977455139160156,159.19468688964844
2016-01-14,13.745332717895508,59.90370559692383,161.80813598632812
2016-01-15,13.666000366210938,60.00692367553711,158.3347625732422
2016-01-19,13.64799976348877,59.9332389831543,158.5455322265625
2016-01-20,13.24666690826416,59.99951934814453,156.51370239257812
2016-01-21,13.33133316040039,59.96269226074219,157.3905792236328
2016-01-22,13.50333309173584,59.94057846069336,160.6194305419922
2016-01-25,13.092000007629395,59.94057846069336,158.19143676757812
2016-01-26,12.904000282287598,60.029075622558594,160.34967041015625
2016-01-27,12.538000106811523,60.029075622558594,158.60459899902344
2016-01-28,12.646666526794434,60.07331085205078,159.4307403564453
2016-01-29,12.74666690826416,60.250213623046875,163.31727600097656
2016-02-01,13.129332542419434,60.12753677368164,163.25823974609375
2016-02-02,12.185333251953125,60.334434509277344,160.31593322753906
2016-02-03,11.565333366394043,60.37876510620117,161.2769775390625
2016-02-04,11.688667297363281,60.4230842590332,161.52996826171875
2016-02-05,10.84000015258789,60.364017486572266,158.45272827148438
2016-02-08,9.866000175476074,60.62255096435547,156.3198699951172
2016-02-09,9.883333206176758,60.615177154541016,156.3282928466797
2016-02-10,9.57800006866455,60.7407341003418,156.19332885742188
2016-02-11,10.031332969665527,60.777706146240234,154.1615753173828
2016-02-12,10.06933307647705,60.578216552734375,157.33990478515625
2016-02-16,10.344667434692383,60.48957824707031,159.99557495117188
2016-02-17,11.245332717895508,60.47477340698242,162.6090850830078
2016-02-18,11.118000030517578,60.681644439697266,161.94300842285156
2016-02-19,11.10533332824707,60.60041046142578,161.8671417236328
2016-02-22,11.849332809448242,60.615177154541016,164.2108917236328
2016-02-23,11.814000129699707,60.652069091796875,162.1369171142578
2016-02-24,11.933333396911621,60.69641876220703,162.87892150878906
2016-02-25,12.495332717895508,60.785030364990234,164.85154724121094
2016-02-26,12.689332962036133,60.72594451904297,164.4722442626953
2016-02-29,12.795332908630371,60.76291275024414,163.18235778808594
2016-03-01,12.423333168029785,60.55937957763672,167.0182647705078
2016-03-02,12.555999755859375,60.522335052490234,167.76856994628906
2016-03-03,13.049332618713379,60.55194091796875,168.4261474609375
2016-03-04,13.402667045593262,60.522335052490234,168.97415161132812
2016-03-07,13.685999870300293,60.50753402709961,169.10903930664062
2016-03-08,13.506667137145996,60.707374572753906,167.2627410888672
2016-03-09,13.914667129516602,60.60376739501953,168.08892822265625
2016-03-10,13.678667068481445,60.574100494384766,168.22384643554688
2016-03-11,13.833333015441895,60.49271774291992,170.9384765625
2016-03-14,14.34333324432373,60.6259765625,170.71925354003906
2016-03-15,14.555999755859375,60.56675338745117,170.4410858154297
2016-03-16,14.795332908630371,60.803627014160156,171.42739868164062
2016-03-17,15.092000007629395,60.936866760253906,172.51504516601562
2016-03-18,15.515999794006348,60.98869705200195,173.19288635253906
2016-03-21,15.887999534606934,60.87763214111328,173.4386749267578
2016-03-22,15.616000175476074,60.86281204223633,173.34542846679688
2016-03-23,14.838666915893555,60.99608612060547,172.20144653320312
2016-03-24,15.183333396911621,60.92210006713867,172.12513732910156
2016-03-28,15.350666999816895,60.95170974731445,172.2268524169922
2016-03-29,15.342000007629395,61.203346252441406,173.8199920654297
2016-03-30,15.12600040435791,61.18115234375,174.5826873779297
2016-03-31,15.317999839782715,61.29959487915039,174.15890502929688
2016-04-01,15.839332580566406,61.36857223510742,175.34535217285156
2016-04-04,16.465999603271484,61.36857223510742,174.77757263183594
2016-04-05,17.031333923339844,61.47980499267578,173.0319366455078
2016-04-06,17.69466781616211,61.45017623901367,174.921630859375
2016-04-07,17.14666748046875,61.65044021606445,172.8285369873047
2016-04-08,16.67133331298828,61.59856033325195,173.2946319580078
2016-04-11,16.661333084106445,61.591087341308594,172.8878173828125
2016-04-12,16.521333694458008,61.49470138549805,174.49794006347656
2016-04-13,16.968666076660156,61.53178024291992,176.26051330566406
2016-04-14,16.790666580200195,61.47980499267578,176.26898193359375
2016-04-15,16.96733283996582,61.620723724365234,176.07412719726562
2016-04-18,16.92533302307129,61.59856033325195,177.31130981445312
2016-04-19,16.4913330078125,61.635581970214844,177.87057495117188
2016-04-20,16.6646671295166,61.46500778198242,178.0400848388672
2016-04-21,16.55266761779785,61.39085006713867,177.08251953125
2016-04-22,16.916667938232422,61.36857223510742,177.08251953125
2016-04-25,16.788000106811523,61.29436111450195,176.7774658203125
2016-04-26,16.916000366210938,61.20539474487305,177.0401611328125
2016-04-27,16.764667510986328,61.39085006713867,177.4044647216797
2016-04-28,16.513999938964844,61.502098083496094,175.79446411132812
2016-04-29,16.05066680908203,61.546592712402344,174.84532165527344
2016-05-02,16.1200008392334,61.43806457519531,176.23507690429688
2016-05-03,15.48799991607666,61.60903549194336,174.70130920410156
2016-05-04,14.837332725524902,61.63134002685547,173.7267608642578
2016-05-05,14.10200023651123,61.742774963378906,173.69288635253906
2016-05-06,14.328666687011719,61.71306610107422,174.3284454345703
2016-05-09,13.928000450134277,61.7576789855957,174.47250366210938
2016-05-10,13.912667274475098,61.7576789855957,176.64183044433594
2016-05-11,13.93066692352295,61.77253723144531,174.98941040039062
2016-05-12,13.8186674118042,61.779964447021484,175.04026794433594
2016-05-13,13.840666770935059,61.84685516357422,173.51492309570312
2016-05-16,13.88599967956543,61.71306610107422,175.2266845703125
2016-05-17,13.644000053405762,61.6684684753418,173.5911865234375
2016-05-18,14.07800006866455,61.378665924072266,173.64205932617188
2016-05-19,14.347332954406738,61.445491790771484,173.0403594970703
2016-05-20,14.685333251953125,61.445491790771484,174.133544921875
2016-05-23,14.414667129516602,61.46038055419922,173.896240234375
2016-05-24,14.52733325958252,61.4306526184082,176.1503448486328
2016-05-25,14.638667106628418,61.408355712890625,177.34524536132812
2016-05-26,15.008000373840332,61.512428283691406,177.39598083496094
2016-05-27,14.869333267211914,61.4901237487793,178.15872192382812
2016-05-31,14.881999969482422,61.5421142578125,177.81976318359375
2016-06-01,14.637332916259766,61.563724517822266,178.18414306640625
2016-06-02,14.597332954406738,61.68290710449219,178.7265167236328
2016-06-03,14.599332809448242,62.070167541503906,178.19259643554688
2016-06-06,14.711999893188477,61.97334289550781,179.09930419921875
2016-06-07,15.489333152770996,61.980831146240234,179.3789520263672
2016-06-08,15.701333045959473,62.05531311035156,179.9636688232422
2016-06-09,15.290666580200195,62.114871978759766,179.7179412841797
2016-06-10,14.586000442504883,62.17446517944336,178.01461791992188
2016-06-13,14.524666786193848,62.18932342529297,176.64183044433594
2016-06-14,14.330666542053223,62.18190002441406,176.29440307617188
2016-06-15,14.513333320617676,62.32342529296875,176.04864501953125
2016-06-16,14.528667449951172,62.39042663574219,176.57403564453125
2016-06-17,14.364666938781738,62.30107116699219,175.9164581298828
2016-06-20,14.646666526794434,62.15958023071289,177.04940795898438
2016-06-21,14.640666961669922,62.077659606933594,177.55194091796875
2016-06-22,13.11066722869873,62.100013732910156,177.26235961914062
2016-06-23,13.09333324432373,61.988250732421875,179.5707244873047
2016-06-24,12.876667022705078,62.33834457397461,173.1225128173828
2016-06-27,13.236666679382324,62.651119232177734,170.02195739746094
2016-06-28,13.452667236328125,62.72557067871094,173.0884552001953
2016-06-29,14.012666702270508,62.70325469970703,176.03578186035156
2016-06-30,14.152000427246094,62.785194396972656,178.43783569335938
2016-07-01,14.433333396911621,62.95977020263672,178.81259155273438
2016-07-05,14.26533317565918,63.17620849609375,177.5263671875
2016-07-06,14.295999526977539,63.28813171386719,178.59117126464844
2016-07-07,14.395999908447266,63.18367004394531,178.48046875
2016-07-08,14.45199966430664,63.34782791137695,181.1380615234375
2016-07-11,14.985333442687988,63.16127395629883,181.77696228027344
2016-07-12,14.976667404174805,62.90757751464844,183.0972442626953
2016-07-13,14.835332870483398,63.01951217651367,183.07171630859375
2016-07-14,14.768667221069336,62.92249298095703,184.09384155273438
2016-07-15,14.69333267211914,62.721046447753906,183.84681701660156
2016-07-18,15.083333015441895,62.74338912963867,184.34085083007812
2016-07-19,15.017333030700684,62.84038162231445,184.1535186767578
2016-07-20,15.223999977111816,62.77324676513672,184.92013549804688
2016-07-21,14.699999809265137,62.847843170166016,184.22164916992188
2016-07-22,14.817999839782715,62.855323791503906,185.0478973388672
2016-07-25,15.333999633789062,62.8180046081543,184.54531860351562
2016-07-26,15.300666809082031,62.81058120727539,184.63050842285156
2016-07-27,15.232666969299316,62.99715042114258,184.43458557128906
2016-07-28,15.37399959564209,62.95977020263672,184.64759826660156
2016-07-29,15.652667045593262,63.16127395629883,184.9456787109375
2016-08-01,15.333999633789062,62.963104248046875,184.79234313964844
2016-08-02,15.146666526794434,62.90333938598633,183.6083526611328
2016-08-03,15.052666664123535,62.90333938598633,184.14498901367188
2016-08-04,15.37399959564209,63.01551055908203,184.34085083007812
2016-08-05,15.335332870483398,62.80614471435547,185.8485870361328
2016-08-08,15.077333450317383,62.81363296508789,185.7378387451172
2016-08-09,15.272000312805176,62.99307632446289,185.8485870361328
2016-08-10,15.043333053588867,63.07530975341797,185.38864135742188
2016-08-11,14.994000434875488,62.91080856323242,186.24899291992188
2016-08-12,15.040666580200195,63.05286407470703,186.0870819091797
2016-08-15,15.03933334350586,62.94818115234375,186.62380981445312
2016-08-16,14.907333374023438,62.91825866699219,185.66123962402344
2016-08-17,14.88266658782959,63.01551055908203,186.01046752929688
2016-08-18,14.900667190551758,63.082767486572266,186.42784118652344
2016-08-19,15.0,62.9556770324707,186.15524291992188
2016-08-22,14.862000465393066,63.04541015625,186.14675903320312
2016-08-23,14.989333152770996,63.07530975341797,186.5215301513672
2016-08-24,14.841333389282227,63.06788635253906,185.56752014160156
2016-08-25,14.730667114257812,63.00056457519531,185.43971252441406
2016-08-26,14.666000366210938,62.84355163574219,185.09048461914062
2016-08-29,14.346667289733887,63.06036376953125,186.0019073486328
2016-08-30,14.089332580566406,63.008018493652344,185.69534301757812
2016-08-31,14.133999824523926,62.963104248046875,185.1671905517578
2016-09-01,13.38466739654541,63.05006790161133,185.1756591796875
2016-09-02,13.185333251953125,62.96012878417969,186.01046752929688
2016-09-06,13.522000312805176,63.14749526977539,186.5726776123047
2016-09-07,13.447333335876465,63.154964447021484,186.55560302734375
2016-09-08,13.157333374023438,62.915199279785156,186.1297607421875
2016-09-09,12.964667320251465,62.638023376464844,181.6746826171875
2016-09-12,13.220000267028809,62.6605110168457,184.28131103515625
2016-09-13,13.069999694824219,62.4807014465332,181.6321563720703
2016-09-14,13.093999862670898,62.56309127807617,181.5640106201172
2016-09-15,13.361332893371582,62.61551284790039,183.37831115722656
2016-09-16,13.69333267211914,62.66797637939453,182.66943359375
2016-09-19,13.755999565124512,62.62299346923828,182.7036895751953
2016-09-20,13.642666816711426,62.638023376464844,182.71229553222656
2016-09-21,13.6813325881958,62.81781005859375,184.76695251464844
2016-09-22,13.76200008392334,62.94515609741211,185.9312744140625
2016-09-23,13.829999923706055,62.93020248413086,184.91253662109375
2016-09-26,13.932666778564453,63.03505325317383,183.414306640625
2016-09-27,13.720666885375977,63.10999298095703,184.55291748046875
2016-09-28,13.751333236694336,63.10999298095703,185.46893310546875
2016-09-29,13.380000114440918,63.11748504638672,183.79100036621094
2016-09-30,13.60200023651123,63.03505325317383,185.17787170410156
2016-10-03,14.24666690826416,62.96828079223633,184.73275756835938
2016-10-04,14.093999862670898,62.75811767578125,183.79100036621094
2016-10-05,13.897333145141602,62.65298843383789,184.60430908203125
2016-10-06,13.399999618530273,62.630516052246094,184.73275756835938
2016-10-07,13.107333183288574,62.68304443359375,184.0991668701172
2016-10-10,13.396666526794434,62.61551284790039,185.05799865722656
2016-10-11,13.34000015258789,62.51790237426758,182.7208709716797
2016-10-12,13.434000015258789,62.55541229248047,182.96054077148438
2016-10-13,13.349332809448242,62.630516052246094,182.36129760742188
2016-10-14,13.100666999816895,62.50288391113281,182.45547485351562
2016-10-17,12.93066692352295,62.63798522949219,181.8219757080078
2016-10-18,13.273332595825195,62.72056198120117,182.96054077148438
2016-10-19,13.570667266845703,62.7656135559082,183.4485321044922
2016-10-20,13.273332595825195,62.72806167602539,183.1061248779297
2016-10-21,13.339332580566406,62.78064727783203,183.19168090820312
2016-10-24,13.517333030700684,62.6905403137207,183.97076416015625
2016-10-25,13.489333152770996,62.6905403137207,183.35438537597656
2016-10-26,13.482666969299316,62.57795333862305,182.9862823486328
2016-10-27,13.600666999816895,62.40525436401367,182.49827575683594
2016-10-28,13.33133316040039,62.37527084350586,181.9588623046875
2016-10-31,13.182000160217285,62.442840576171875,181.96743774414062
2016-11-01,12.719332695007324,62.42252731323242,180.64906311035156
2016-11-02,12.534667015075684,62.482688903808594,179.56178283691406
2016-11-03,12.494667053222656,62.445098876953125,178.73989868164062
2016-11-04,12.704000473022461,62.557926177978516,178.54302978515625
2016-11-07,12.880666732788086,62.47520446777344,182.4811553955078
2016-11-08,12.996000289916992,62.36237716674805,183.30299377441406
2016-11-09,12.670666694641113,61.745662689208984,185.2464141845703
2016-11-10,12.356666564941406,61.482444763183594,185.7086944580078
2016-11-11,12.570667266845703,61.36962127685547,185.28062438964844
2016-11-14,12.096667289733887,61.1364631652832,185.42617797851562
2016-11-15,12.251333236694336,61.21919631958008,186.87301635742188
2016-11-16,12.26200008392334,61.347076416015625,186.5219268798828
2016-11-17,12.577333450317383,61.098876953125,187.48089599609375
2016-11-18,12.334667205810547,60.94843673706055,187.0613555908203
2016-11-21,12.3013334274292,60.940914154052734,188.47393798828125
2016-11-22,12.744667053222656,60.99359893798828,188.8420867919922
2016-11-23,12.87600040435791,60.83565902709961,188.94480895996094
2016-11-25,13.109999656677246,60.858219146728516,189.6468505859375
2016-11-28,13.074666976928711,61.0011100769043,188.75645446777344
2016-11-29,12.637999534606934,61.04624557495117,189.12460327148438
2016-11-30,12.626667022705078,60.83565902709961,188.67088317871094
2016-12-01,12.125332832336426,60.609596252441406,187.97743225097656
2016-12-02,12.097999572753906,60.82810592651367,188.07159423828125
2016-12-05,12.453332901000977,60.903472900390625,189.20162963867188
2016-12-06,12.390000343322754,60.89594268798828,189.8009490966797
2016-12-07,12.876667022705078,61.03909683227539,192.28367614746094
2016-12-08,12.81933307647705,60.91856002807617,192.7545166015625
2016-12-09,12.812000274658203,60.7376594543457,193.9188690185547
2016-12-12,12.828666687011719,60.669864654541016,193.69627380371094
2016-12-13,13.210000038146973,60.7376594543457,194.9889373779297
2016-12-14,13.246000289916992,60.42867660522461,193.37950134277344
2016-12-15,13.17199993133545,60.33827209472656,194.17564392089844
2016-12-16,13.499333381652832,60.39101791381836,193.7958984375
2016-12-19,13.51533317565918,60.5493049621582,194.21786499023438
2016-12-20,13.919333457946777,60.55680465698242,194.9670867919922
2016-12-21,13.846667289733887,60.647274017333984,194.42457580566406
2016-12-22,13.896666526794434,60.60567855834961,194.0887451171875
2016-12-23,14.22266674041748,60.63592529296875,194.37286376953125
2016-12-27,14.635333061218262,60.590572357177734,194.85511779785156
2016-12-28,14.649333000183105,60.74167251586914,193.24472045898438
2016-12-29,14.312000274658203,60.90787887573242,193.20169067382812
2016-12-30,14.246000289916992,61.03636169433594,192.49560546875
2017-01-03,14.465999603271484,61.043941497802734,193.96812438964844
2017-01-04,15.13266658782959,61.08922576904297,195.12210083007812
2017-01-05,15.116666793823242,61.39899826049805,194.9670867919922
2017-01-06,15.267333030700684,61.15719223022461,195.66461181640625
2017-01-09,15.41866683959961,61.308319091796875,195.0187530517578
2017-01-10,15.324666976928711,61.29320526123047,195.0187530517578
2017-01-11,15.315333366394043,61.32339096069336,195.5699462890625
2017-01-12,15.305999755859375,61.33856964111328,195.0790557861328
2017-01-13,15.850000381469727,61.240318298339844,195.52684020996094
2017-01-17,15.70533275604248,61.42918014526367,194.83795166015625
2017-01-18,15.890666961669922,61.11189651489258,195.26852416992188
2017-01-19,16.250667572021484,61.00617218017578,194.54515075683594
2017-01-20,16.315332412719727,61.05144119262695,195.25985717773438
2017-01-23,16.594667434692383,61.21763229370117,194.7517852783203
2017-01-24,16.974000930786133,61.127037048339844,196.00047302246094
2017-01-25,16.96466636657715,60.945709228515625,197.6969757080078
2017-01-26,16.833999633789062,60.96837615966797,197.4902801513672
2017-01-27,16.863332748413086,61.03636169433594,197.1802978515625
2017-01-30,16.708667755126953,61.02119445800781,195.9574737548828
2017-01-31,16.795333862304688,61.14968490600586,195.940185546875
2017-02-01,16.615999221801758,61.04216766357422,196.01773071289062
2017-02-02,16.770000457763672,61.079978942871094,196.14691162109375
2017-02-03,16.755332946777344,61.09518814086914,197.49884033203125
2017-02-06,17.184667587280273,61.284393310546875,197.14585876464844
2017-02-07,17.165332794189453,61.3828239440918,197.15444946289062
2017-02-08,17.472000122070312,61.549407958984375,197.4127655029297
2017-02-09,17.946666717529297,61.3828239440918,198.58396911621094
2017-02-10,17.948667526245117,61.36768341064453,199.36761474609375
2017-02-13,18.706666946411133,61.29960250854492,200.4526824951172
2017-02-14,18.73200035095215,61.17089080810547,201.25360107421875
2017-02-15,18.650667190551758,61.07246017456055,202.30421447753906
2017-02-16,17.93000030517578,61.18598175048828,202.13197326660156
2017-02-17,18.148666381835938,61.32986068725586,202.45054626464844
2017-02-21,18.492666244506836,61.322261810302734,203.65621948242188
2017-02-22,18.233999252319336,61.3601188659668,203.475341796875
2017-02-23,17.06599998474121,61.47370529174805,203.6131591796875
2017-02-24,17.133333206176758,61.700775146484375,203.87155151367188
2017-02-27,16.415332794189453,61.5721321105957,204.1901092529297
2017-02-28,16.666000366210938,61.526702880859375,203.63900756835938
2017-03-01,16.667999267578125,61.274845123291016,206.4894561767578
2017-03-02,16.698667526245117,61.1610221862793,205.18911743164062
2017-03-03,16.771333694458008,61.206600189208984,205.31825256347656
2017-03-06,16.747333526611328,61.168663024902344,204.70687866210938
2017-03-07,16.57266616821289,61.05485534667969,204.095458984375
2017-03-08,16.45800018310547,60.910789489746094,203.71649169921875
2017-03-09,16.32666778564453,60.72114944458008,203.97486877441406
2017-03-10,16.246000289916992,60.84245300292969,204.68960571289062
2017-03-13,16.411333084106445,60.72114944458008,204.79296875
2017-03-14,17.200000762939453,60.713523864746094,204.00930786132812
2017-03-15,17.048667907714844,61.09278869628906,205.77468872070312
2017-03-16,17.469999313354492,61.001731872558594,205.36993408203125
2017-03-17,17.433332443237305,61.123138427734375,205.00929260253906
2017-03-20,17.461332321166992,61.24446105957031,204.78439331054688
2017-03-21,16.711999893188477,61.38862609863281,202.1551055908203
2017-03-22,17.000667572021484,61.47205352783203,202.6307830810547
2017-03-23,16.985332489013672,61.44169998168945,202.41453552246094
2017-03-24,17.54400062561035,61.426544189453125,202.26756286621094
2017-03-27,18.014667510986328,61.555511474609375,202.0598907470703
2017-03-28,18.496667861938477,61.44169998168945,203.5303192138672
2017-03-29,18.492000579833984,61.56311798095703,203.7205047607422
2017-03-30,18.527999877929688,61.464447021484375,204.36920166015625
2017-03-31,18.553333282470703,61.502384185791016,203.8935546875
2017-04-03,19.90133285522461,61.725894927978516,203.5388946533203
2017-04-04,20.246667861938477,61.657474517822266,203.66867065429688
2017-04-05,19.666667938232422,61.71074295043945,203.06321716308594
2017-04-06,19.913333892822266,61.73351287841797,203.6340789794922
2017-04-07,20.16933250427246,61.59663391113281,203.4264678955078
2017-04-10,20.826000213623047,61.657474517822266,203.54757690429688
2017-04-11,20.58066749572754,61.85512161254883,203.30538940429688
2017-04-12,19.78933334350586,61.99954605102539,202.41453552246094
2017-04-13,20.266666412353516,62.09077453613281,201.09983825683594
2017-04-17,20.09600067138672,62.052772521972656,202.881591796875
2017-04-18,20.016666412353516,62.27322769165039,202.276123046875
2017-04-19,20.368000030517578,62.1591911315918,201.9042510986328
2017-04-20,20.167333602905273,62.07560729980469,203.54757690429688
2017-04-21,20.373332977294922,62.09077453613281,202.89886474609375
2017-04-24,20.53533363342285,62.00716018676758,205.13037109375
2017-04-25,20.91933250427246,61.81710433959961,206.3239288330078
2017-04-26,20.67799949645996,61.877933502197266,206.19424438476562
2017-04-27,20.575332641601562,61.92351531982422,206.3671417236328
2017-04-28,20.937999725341797,61.991939544677734,205.91737365722656
2017-05-01,21.52199935913086,61.87612533569336,206.43637084960938
2017-05-02,21.25933265686035,61.982826232910156,206.51416015625
2017-05-03,20.73466682434082,61.914241790771484,206.26336669921875
2017-05-04,19.69733238220215,61.84568786621094,206.5055389404297
2017-05-05,20.55666732788086,61.88381576538086,207.31854248046875
2017-05-08,20.479333877563477,61.777156829833984,207.28396606445312
2017-05-09,21.417333602905273,61.74668502807617,207.09371948242188
2017-05-10,21.681333541870117,61.73902130126953,207.46560668945312
2017-05-11,21.540000915527344,61.78476333618164,207.04180908203125
2017-05-12,21.65399932861328,61.967586517333984,206.69580078125
2017-05-15,21.058666229248047,61.9523811340332,207.83750915527344
2017-05-16,21.134000778198242,62.01329040527344,207.647216796875
2017-05-17,20.407333374023438,62.34846115112305,203.96273803710938
2017-05-18,20.87066650390625,62.29513931274414,204.78439331054688
2017-05-19,20.722000122070312,62.3332405090332,206.1163330078125
2017-05-22,20.690000534057617,62.279903411865234,207.16287231445312
2017-05-23,20.257333755493164,62.1503791809082,207.62127685546875
2017-05-24,20.681333541870117,62.279903411865234,208.1056671142578
2017-05-25,21.121999740600586,62.279903411865234,209.10028076171875
2017-05-26,21.676000595092773,62.310359954833984,209.05703735351562
2017-05-30,22.34000015258789,62.401771545410156,208.8754425048828
2017-05-31,22.733999252319336,62.432254791259766,208.82351684570312
2017-06-01,22.691333770751953,62.44898986816406,210.48414611816406
2017-06-02,22.656667709350586,62.65515899658203,211.18472290039062
2017-06-05,23.154666900634766,62.55590057373047,211.02903747558594
2017-06-06,23.523332595825195,62.67039489746094,210.3544158935547
2017-06-07,23.976667404174805,62.58645248413086,210.7435760498047
2017-06-08,24.666667938232422,62.54063415527344,210.84738159179688
2017-06-09,23.821332931518555,62.48722457885742,210.52740478515625
2017-06-12,23.93400001525879,62.4719123840332,210.48414611816406
2017-06-13,25.06333351135254,62.48722457885742,211.5133819580078
2017-06-14,25.37733268737793,62.716217041015625,211.2452850341797
2017-06-15,25.022666931152344,62.647483825683594,210.83871459960938
2017-06-16,24.760000228881836,62.716217041015625,210.8848419189453
2017-06-19,24.65333366394043,62.624595642089844,212.6404571533203
2017-06-20,24.81599998474121,62.716217041015625,211.20640563964844
2017-06-21,25.093332290649414,62.74675750732422,211.1542510986328
2017-06-22,25.507333755493164,62.769615173339844,211.0586700439453
2017-06-23,25.56333351135254,62.78489303588867,211.3107147216797
2017-06-26,25.166000366210938,62.85359573364258,211.4497528076172
2017-06-27,24.158000946044922,62.639896392822266,209.74624633789062
2017-06-28,24.749332427978516,62.639896392822266,211.62356567382812
2017-06-29,24.049999237060547,62.5101203918457,209.76364135742188
2017-06-30,24.107332229614258,62.464317321777344,210.15476989746094
2017-07-03,23.507999420166016,62.47115707397461,210.5111083984375
2017-07-05,21.805999755859375,62.50950241088867,210.99783325195312
2017-07-06,20.588666915893555,62.3638916015625,209.06834411621094
2017-07-07,20.881332397460938,62.34855270385742,210.42420959472656
2017-07-10,21.06999969482422,62.37921142578125,210.6501007080078
2017-07-11,21.814666748046875,62.44052505493164,210.49374389648438
2017-07-12,21.968000411987305,62.58620834350586,212.07550048828125
2017-07-13,21.560667037963867,62.56318283081055,212.43185424804688
2017-07-14,21.851999282836914,62.58620834350586,213.42266845703125
2017-07-17,21.30466651916504,62.670509338378906,213.3966064453125
2017-07-18,21.882667541503906,62.81612777709961,213.50953674316406
2017-07-19,21.68400001525879,62.823822021484375,214.66551208496094
2017-07-20,21.994667053222656,62.86212921142578,214.76112365722656
2017-07-21,21.893333435058594,62.93111801147461,214.56993103027344
2017-07-24,22.834667205810547,62.90047073364258,214.51779174804688
2017-07-25,22.639999389648438,62.66282272338867,215.0392608642578
2017-07-26,22.92333221435547,62.81612777709961,215.0479278564453
2017-07-27,22.297332763671875,62.7394905090332,214.84800720214844
2017-07-28,22.33799934387207,62.85445022583008,214.59597778320312
2017-07-31,21.564666748046875,62.846797943115234,214.474365234375
2017-08-01,21.30466651916504,63.10234451293945,214.9523468017578
2017-08-02,21.72599983215332,63.06383514404297,215.05670166015625
2017-08-03,23.139333724975586,63.19468307495117,214.639404296875
2017-08-04,23.79400062561035,63.094669342041016,215.0305938720703
2017-08-07,23.67799949645996,63.11774444580078,215.4303436279297
2017-08-08,24.347999572753906,63.033058166503906,214.90013122558594
2017-08-09,24.235332489013672,63.079288482666016,214.89146423339844
2017-08-10,23.69333267211914,63.17161560058594,211.8582305908203
2017-08-11,23.857999801635742,63.225528717041016,212.17108154296875
2017-08-14,24.253332138061523,63.17929458618164,214.27438354492188
2017-08-15,24.155332565307617,63.071556091308594,214.24830627441406
2017-08-16,24.194000244140625,63.16393280029297,214.62208557128906
2017-08-17,23.461332321166992,63.279354095458984,211.27587890625
2017-08-18,23.163999557495117,63.24860382080078,210.9456787109375
2017-08-21,22.52400016784668,63.279354095458984,211.11074829101562
2017-08-22,22.75666618347168,63.202396392822266,213.318359375
2017-08-23,23.51799964904785,63.38713073730469,212.5535125732422
2017-08-24,23.528667449951172,63.29478073120117,212.05810546875
2017-08-25,23.203332901000977,63.37171936035156,212.5535125732422
2017-08-28,23.04400062561035,63.40256881713867,212.562255859375
2017-08-29,23.157333374023438,63.47188186645508,212.8055877685547
2017-08-30,23.545333862304688,63.464149475097656,213.81373596191406
2017-08-31,23.726667404174805,63.51799392700195,215.10006713867188
2017-09-01,23.69333267211914,63.41307067871094,215.40426635742188
2017-09-05,23.305999755859375,63.67537307739258,213.8572235107422
2017-09-06,22.968666076660156,63.56731033325195,214.5872802734375
2017-09-07,23.374000549316406,63.76789093017578,214.5612335205078
2017-09-08,22.893333435058594,63.69852828979492,214.30914306640625
2017-09-11,24.246000289916992,63.50562286376953,216.59500122070312
2017-09-12,24.183332443237305,63.41307067871094,217.32505798339844
2017-09-13,24.415332794189453,63.33594512939453,217.42933654785156
2017-09-14,25.176000595092773,63.374488830566406,217.35977172851562
2017-09-15,25.320667266845703,63.38225173950195,217.65243530273438
2017-09-18,25.666667938232422,63.33594512939453,218.11534118652344
2017-09-19,25.00666618347168,63.28968811035156,218.3336944580078
2017-09-20,24.92733383178711,63.23568344116211,218.41229248046875
2017-09-21,24.43199920654297,63.22027587890625,217.8271026611328
2017-09-22,23.4060001373291,63.28196334838867,217.8707733154297
2017-09-25,22.999332427978516,63.42079544067383,217.42535400390625
2017-09-26,23.016666412353516,63.38992691040039,217.5563507080078
2017-09-27,22.731332778930664,63.19709014892578,218.403564453125
2017-09-28,22.639999389648438,63.21257400512695,218.6656036376953
2017-09-29,22.739999771118164,63.22027587890625,219.43421936035156
2017-10-02,22.768667221069336,63.19552993774414,220.38624572753906
2017-10-03,23.209333419799805,63.2264404296875,220.8579559326172
2017-10-04,23.667333602905273,63.2264404296875,221.1199493408203
2017-10-05,23.68866729736328,63.1800422668457,222.4301300048828
2017-10-06,23.79199981689453,63.110511779785156,222.1768035888672
2017-10-09,22.862667083740234,63.17235565185547,221.8100128173828
2017-10-10,23.70599937438965,63.2032356262207,222.39517211914062
2017-10-11,23.639999389648438,63.234161376953125,222.74456787109375
2017-10-12,23.711999893188477,63.28829574584961,222.4126739501953
2017-10-13,23.704666137695312,63.419700622558594,222.6833953857422
2017-10-16,23.373332977294922,63.35785675048828,222.9803924560547
2017-10-17,23.71666717529297,63.36557388305664,223.1375732421875
2017-10-18,23.976667404174805,63.26509475708008,223.35598754882812
2017-10-19,23.45400047302246,63.29599380493164,223.41714477539062
2017-10-20,23.00666618347168,63.14141845703125,224.5700225830078
2017-10-23,22.468000411987305,63.19552993774414,223.6966094970703
2017-10-24,22.48933219909668,63.087310791015625,224.08969116210938
2017-10-25,21.722667694091797,63.03322219848633,222.9803924560547
2017-10-26,21.744667053222656,62.955936431884766,223.26858520507812
2017-10-27,21.391332626342773,63.09505844116211,225.09405517578125
2017-10-30,21.338666915893555,63.2419319152832,224.25563049316406
2017-10-31,22.101999282836914,63.2032356262207,224.60499572753906
2017-11-01,21.405332565307617,63.24429702758789,224.90196228027344
2017-11-02,19.950666427612305,63.30625915527344,224.98931884765625
2017-11-03,20.4060001373291,63.36049270629883,225.740478515625
2017-11-06,20.185333251953125,63.406982421875,226.08982849121094
2017-11-07,20.40333366394043,63.430198669433594,225.9326934814453
2017-11-08,20.292667388916016,63.38373947143555,226.3169403076172
2017-11-09,20.19933319091797,63.32175827026367,225.4958953857422
2017-11-10,20.19933319091797,63.06614685058594,225.42604064941406
2017-11-13,21.02666664123535,63.073883056640625,225.6356201171875
2017-11-14,20.579999923706055,63.151336669921875,225.11158752441406
2017-11-15,20.753332138061523,63.298519134521484,223.98486328125
2017-11-16,20.833332061767578,63.21333694458008,225.8889923095703
2017-11-17,21.003332138061523,63.27531051635742,225.22511291503906
2017-11-20,20.582666397094727,63.236576080322266,225.60940551757812
2017-11-21,21.187332153320312,63.29074478149414,227.0855255126953
2017-11-22,20.84000015258789,63.4224739074707,226.88470458984375
2017-11-24,21.036666870117188,63.406982421875,227.4087371826172
2017-11-27,21.12066650390625,63.38373947143555,227.2952117919922
2017-11-28,21.170000076293945,63.38373947143555,229.60104370117188
2017-11-29,20.502666473388672,63.22880554199219,229.46128845214844
2017-11-30,20.59000015258789,63.135841369628906,231.47021484375
2017-12-01,20.435333251953125,63.305057525634766,230.9897918701172
2017-12-04,20.34666633605957,63.31281661987305,230.7103729248047
2017-12-05,20.246667861938477,63.390403747558594,229.8805389404297
2017-12-06,20.884000778198242,63.46029281616211,229.92425537109375
2017-12-07,20.749332427978516,63.37491989135742,230.64920043945312
2017-12-08,21.0086669921875,63.351627349853516,231.90692138671875
2017-12-11,21.92733383178711,63.305057525634766,232.6056671142578
2017-12-12,22.735332489013672,63.29731750488281,233.01622009277344
2017-12-13,22.601999282836914,63.47583770751953,232.99002075195312
2017-12-14,22.525999069213867,63.49911117553711,232.0379638671875
2017-12-15,22.89666748046875,63.506858825683594,233.97021484375
2017-12-18,22.591333389282227,63.40597152709961,235.4539337158203
2017-12-19,22.073333740234375,63.21190643310547,234.54965209960938
2017-12-20,21.93199920654297,63.087738037109375,234.42666625976562
2017-12-21,22.110666275024414,63.12651062011719,234.9095458984375
2017-12-22,21.68000030517578,63.157623291015625,234.84815979003906
2017-12-26,21.152666091918945,63.22063446044922,234.56716918945312
2017-12-27,20.775999069213867,63.415164947509766,234.68141174316406
2017-12-28,21.02400016784668,63.37624740600586,235.1642303466797
2017-12-29,20.75666618347168,63.4774169921875,234.2775115966797
2018-01-02,21.368667602539062,63.298465728759766,235.95431518554688
2018-01-03,21.149999618530273,63.35292434692383,237.44676208496094
2018-01-04,20.974666595458984,63.32182693481445,238.4475860595703
2018-01-05,21.10533332824707,63.2362060546875,240.0365753173828
2018-01-08,22.42733383178711,63.24396896362305,240.47552490234375
2018-01-09,22.246000289916992,63.05720901489258,241.01979064941406
2018-01-10,22.31999969482422,63.06498718261719,240.6510772705078
2018-01-11,22.530000686645508,63.06498718261719,242.40695190429688
2018-01-12,22.4146671295166,63.05720901489258,243.98715209960938
2018-01-16,22.67066764831543,63.10389709472656,243.153076171875
2018-01-17,23.143999099731445,63.03387451171875,245.470703125
2018-01-18,22.971332550048828,62.90937423706055,245.05821228027344
2018-01-19,23.334667205810547,62.777069091796875,246.17311096191406
2018-01-22,23.437332153320312,62.73036193847656,248.17477416992188
2018-01-23,23.519332885742188,62.8938102722168,248.70144653320312
2018-01-24,23.05933380126953,62.823734283447266,248.60491943359375
2018-01-25,22.50933265686035,62.99491882324219,248.71023559570312
2018-01-26,22.856666564941406,62.878211975097656,251.5897979736328
2018-01-29,23.302000045776367,62.79265594482422,249.9217529296875
2018-01-30,23.05466651916504,62.675880432128906,247.35821533203125
2018-01-31,23.62066650390625,62.69145584106445,247.4811248779297
2018-02-01,23.28333282470703,62.51753234863281,247.2001953125
2018-02-02,22.916667938232422,62.33034896850586,241.8186798095703
2018-02-05,22.208667755126953,62.60332107543945,231.7052459716797
2018-02-06,22.264667510986328,62.40054702758789,236.2703399658203
2018-02-07,23.0,62.260162353515625,234.98861694335938
2018-02-08,21.01533317565918,62.2133903503418,226.1744384765625
2018-02-09,20.69466781616211,62.0573616027832,229.5719757080078
2018-02-12,21.048667907714844,62.07302474975586,232.94309997558594
2018-02-13,21.577333450317383,62.127593994140625,233.52252197265625
2018-02-14,21.487333297729492,61.92482376098633,236.6741943359375
2018-02-15,22.271333694458008,61.9871711730957,239.6941680908203
2018-02-16,22.365999221801758,62.11978530883789,239.76437377929688
2018-02-20,22.31800079345703,62.0573616027832,238.26318359375
2018-02-21,22.219999313354492,61.823402404785156,237.07801818847656
2018-02-22,23.077999114990234,61.90140151977539,237.38522338867188
2018-02-23,23.469999313354492,62.06515884399414,241.16903686523438
2018-02-26,23.827999114990234,62.09639358520508,243.96945190429688
2018-02-27,23.39933204650879,61.96379089355469,240.92323303222656
2018-02-28,22.87066650390625,62.04178237915039,238.482666015625
2018-03-01,22.062000274658203,62.14727020263672,235.01499938964844
2018-03-02,22.341333389282227,62.030059814453125,236.2263946533203
2018-03-05,22.22333335876465,61.99101257324219,238.956787109375
2018-03-06,21.8799991607666,62.014469146728516,239.56246948242188
2018-03-07,22.15333366394043,61.99882507324219,239.47470092773438
2018-03-08,21.940000534057617,62.06914520263672,240.63357543945312
2018-03-09,21.81133270263672,61.99101257324219,244.82113647460938
2018-03-12,23.034000396728516,62.05352020263672,244.51385498046875
2018-03-13,22.78933334350586,62.06914520263672,242.93370056152344
2018-03-14,21.775333404541016,62.2020149230957,241.68699645996094
2018-03-15,21.706666946411133,62.20978927612305,241.42355346679688
2018-03-16,21.42333221435547,62.15513610839844,241.68545532226562
2018-03-19,20.90399932861328,62.108219146728516,238.415283203125
2018-03-20,20.703332901000977,62.030059814453125,238.82081604003906
2018-03-21,21.101999282836914,62.030059814453125,238.3624725341797
2018-03-22,20.606666564941406,62.13166809082031,232.40406799316406
2018-03-23,20.1026668548584,62.14727020263672,227.45046997070312
2018-03-26,20.278667449951172,62.108219146728516,233.6732940673828
2018-03-27,18.61199951171875,62.319244384765625,229.6980743408203
2018-03-28,17.185333251953125,62.311405181884766,229.01942443847656
2018-03-29,17.742000579833984,62.46772384643555,231.94573974609375
2018-04-02,16.832000732421875,62.459896087646484,226.9392852783203
2018-04-03,17.8353328704834,62.389373779296875,229.84796142578125
2018-04-04,19.12933349609375,62.389373779296875,232.30711364746094
2018-04-05,20.381332397460938,62.30319595336914,234.1405487060547
2018-04-06,19.953332901000977,62.459896087646484,228.9224395751953
2018-04-09,19.310667037963867,62.52256393432617,230.0506591796875
2018-04-10,20.31333351135254,62.41291046142578,233.7085723876953
2018-04-11,20.062000274658203,62.459896087646484,232.48341369628906
2018-04-12,19.60533332824707,62.34238815307617,234.39613342285156
2018-04-13,20.022666931152344,62.389373779296875,233.7085723876953
2018-04-16,19.413999557495117,62.39720916748047,235.6300506591797
2018-04-17,19.179332733154297,62.420719146728516,238.15090942382812
2018-04-18,19.55666732788086,62.217010498046875,238.32723999023438
2018-04-19,20.005332946777344,62.06812286376953,237.00514221191406
2018-04-20,19.349332809448242,61.911434173583984,234.9954071044922
2018-04-23,18.891332626342773,61.880126953125,234.96017456054688
2018-04-24,18.8973331451416,61.77042007446289,231.7958984375
2018-04-25,18.71266746520996,61.68421936035156,232.368896484375
2018-04-26,19.031999588012695,61.80958938598633,234.73098754882812
2018-04-27,19.60533332824707,61.90362548828125,234.95132446289062
2018-04-30,19.593332290649414,61.93497848510742,233.14447021484375
2018-05-01,19.994667053222656,61.839149475097656,233.5587615966797
2018-05-02,20.07666778564453,61.8470344543457,231.98980712890625
2018-05-03,18.963333129882812,61.9019889831543,231.4785614013672
2018-05-04,19.606000900268555,61.94123077392578,234.47543334960938
2018-05-07,20.184667587280273,61.909828186035156,235.26869201660156
2018-05-08,20.131332397460938,61.862701416015625,235.26869201660156
2018-05-09,20.456666946411133,61.79201889038086,237.54270935058594
2018-05-10,20.334667205810547,61.91767501831055,239.76393127441406
2018-05-11,20.070667266845703,61.98048782348633,240.49549865722656
2018-05-14,19.46466636657715,61.9019889831543,240.6100616455078
2018-05-15,18.94533348083496,61.611427307128906,238.95298767089844
2018-05-16,19.09866714477539,61.5643424987793,239.9578399658203
2018-05-17,18.96933364868164,61.50935745239258,239.75518798828125
2018-05-18,18.454666137695312,61.67423629760742,239.15573120117188
2018-05-21,18.965999603271484,61.67423629760742,240.95388793945312
2018-05-22,18.333999633789062,61.689964294433594,240.28399658203125
2018-05-23,18.60466766357422,61.87841033935547,240.9449920654297
2018-05-24,18.523332595825195,62.00408172607422,240.45140075683594
2018-05-25,18.59000015258789,62.13755798339844,239.8784637451172
2018-05-29,18.917333602905273,62.56941223144531,237.1197052001953
2018-05-30,19.447999954223633,62.38097381591797,240.28399658203125
2018-05-31,18.98200035095215,62.357421875,238.81202697753906
2018-06-01,19.454666137695312,62.39611053466797,241.15652465820312
2018-06-04,19.78266716003418,62.26197814941406,242.30242919921875
2018-06-05,19.408666610717773,62.31715774536133,242.47879028320312
2018-06-06,21.299999237060547,62.143585205078125,244.50596618652344
2018-06-07,21.07266616821289,62.30141830444336,244.47947692871094
2018-06-08,21.17733383178711,62.222511291503906,245.20225524902344
2018-06-11,22.139999389648438,62.16728591918945,245.52845764160156
2018-06-12,22.851333618164062,62.15937423706055,245.84571838378906
2018-06-13,22.985332489013672,62.11995315551758,245.061279296875
2018-06-14,23.847999572753906,62.254112243652344,245.67832946777344
2018-06-15,23.878000259399414,62.26197814941406,245.3648223876953
2018-06-18,24.722000122070312,62.26197814941406,244.8601531982422
2018-06-19,23.503332138061523,62.364540100097656,243.9217071533203
2018-06-20,24.148000717163086,62.222511291503906,244.33778381347656
2018-06-21,23.167333602905273,62.254112243652344,242.80613708496094
2018-06-22,22.242000579833984,62.29354476928711,243.24879455566406
2018-06-25,22.200666427612305,62.285621643066406,239.9374237060547
2018-06-26,22.799999237060547,62.3881721496582,240.46871948242188
2018-06-27,22.96666717529297,62.53807830810547,238.47662353515625
2018-06-28,23.32866668701172,62.49072265625,239.84002685546875
2018-06-29,22.863332748413086,62.47496795654297,240.18536376953125
2018-07-02,22.33799934387207,62.43622970581055,240.6988525390625
2018-07-03,20.724000930786133,62.562721252441406,239.8489227294922
2018-07-05,20.610666275024414,62.649715423583984,241.80560302734375
2018-07-06,20.593332290649414,62.72088623046875,243.85089111328125
2018-07-09,21.233999252319336,62.66552734375,246.0465087890625
2018-07-10,21.49799919128418,62.62601089477539,246.93194580078125
2018-07-11,21.263999938964844,62.65764617919922,245.12582397460938
2018-07-12,21.11400032043457,62.705078125,247.34805297851562
2018-07-13,21.257999420166016,62.76044845581055,247.5428466796875
2018-07-16,20.67333221435547,62.67345428466797,247.32151794433594
2018-07-17,21.512666702270508,62.649715423583984,248.32203674316406
2018-07-18,21.59000015258789,62.61810302734375,248.84437561035156
2018-07-19,21.34866714477539,62.73672103881836,247.90585327148438
2018-07-20,20.905332565307617,62.59440612792969,247.6224365234375
2018-07-23,20.213333129882812,62.39673614501953,248.0828857421875
2018-07-24,19.82866668701172,62.491573333740234,249.33140563964844
2018-07-25,20.582666397094727,62.491573333740234,251.45628356933594
2018-07-26,20.44333267211914,62.491573333740234,250.863037109375
2018-07-27,19.812000274658203,62.475730895996094,249.16311645507812
2018-07-30,19.344667434692383,62.404598236083984,247.86154174804688
2018-07-31,19.875999450683594,62.45203399658203,249.08340454101562
2018-08-01,20.055999755859375,62.41795349121094,248.66725158691406
2018-08-02,23.30266761779785,62.44966125488281,250.0219268798828
2018-08-03,23.211332321166992,62.58442687988281,251.09326171875
2018-08-06,22.799333572387695,62.6398811340332,252.0140838623047
2018-08-07,25.30466651916504,62.528907775878906,252.8462677001953
2018-08-08,24.689332962036133,62.513065338134766,252.74000549316406
2018-08-09,23.496667861938477,62.6319694519043,252.394775390625
2018-08-10,23.69933319091797,62.758785247802734,250.7036895751953
2018-08-13,23.76066780090332,62.76671600341797,249.76515197753906
2018-08-14,23.176000595092773,62.72706604003906,251.3588409423828
2018-08-15,22.57933235168457,62.798404693603516,249.48191833496094
2018-08-16,22.363332748413086,62.83009719848633,251.50050354003906
2018-08-17,20.366666793823242,62.901485443115234,252.3858642578125
2018-08-20,20.562667846679688,62.980716705322266,252.92608642578125
2018-08-21,21.459999084472656,62.94902420043945,253.51918029785156
2018-08-22,21.44266700744629,62.98862075805664,253.36868286132812
2018-08-23,21.34000015258789,62.98862075805664,253.0321807861328
2018-08-24,21.521333694458008,63.02033615112305,254.5550079345703
2018-08-27,21.284666061401367,62.941078186035156,256.5648193359375
2018-08-28,20.790666580200195,62.84597396850586,256.6888427734375
2018-08-29,20.333999633789062,62.80634689331055,258.0699157714844
2018-08-30,20.209999084472656,62.85390090942383,257.0252685546875
2018-08-31,20.110666275024414,62.869754791259766,257.0342712402344
2018-09-04,19.26333236694336,62.77284240722656,256.5914611816406
2018-09-05,18.715999603271484,62.7886962890625,255.9008331298828
2018-09-06,18.729999542236328,62.88404846191406,255.13058471679688
2018-09-07,17.549333572387695,62.685420989990234,254.63479614257812
2018-09-10,19.03333282470703,62.72515869140625,255.0774383544922
2018-09-11,18.62933349609375,62.59005355834961,255.9185333251953
2018-09-12,19.369333267211914,62.63774108886719,255.98049926757812
2018-09-13,19.297332763671875,62.67744445800781,257.4945373535156
2018-09-14,19.68000030517578,62.574188232421875,257.538818359375
2018-09-17,19.6560001373291,62.56624221801758,256.1752624511719
2018-09-18,18.997333526611328,62.42323684692383,257.5653381347656
2018-09-19,19.934667587280273,62.32788848876953,257.83978271484375
2018-09-20,19.8886661529541,62.40733337402344,259.92919921875
2018-09-21,19.940000534057617,62.44704818725586,259.69183349609375
2018-09-24,19.978666305541992,62.36763000488281,258.8291320800781
2018-09-25,20.06599998474121,62.31993865966797,258.5889587402344
2018-09-26,20.6386661529541,62.478843688964844,257.81524658203125
2018-09-27,20.501333236694336,62.526519775390625,258.5357360839844
2018-09-28,17.65133285522461,62.526519775390625,258.56231689453125
2018-10-01,20.713333129882812,62.409454345703125,259.4605712890625
2018-10-02,20.06800079345703,62.52096939086914,259.30950927734375
2018-10-03,19.65333366394043,62.20240020751953,259.4517517089844
2018-10-04,18.788667678833008,62.043155670166016,257.4239196777344
2018-10-05,17.463333129882812,61.93163299560547,255.98309326171875
2018-10-08,16.70400047302246,61.90776824951172,255.98309326171875
2018-10-09,17.520000457763672,62.027191162109375,255.60952758789062
2018-10-10,17.125333786010742,61.979434967041016,247.51611328125
2018-10-11,16.815332412719727,62.154666900634766,242.064208984375
2018-10-12,17.25200080871582,62.13869094848633,245.4261932373047
2018-10-15,17.305999755859375,62.12282180786133,244.0475311279297
2018-10-16,18.439332962036133,62.1705436706543,249.3838653564453
2018-10-17,18.118667602539062,62.059051513671875,249.42835998535156
2018-10-18,17.5939998626709,62.019248962402344,245.82627868652344
2018-10-19,17.333332061767578,61.987430572509766,245.69288635253906
2018-10-22,17.39666748046875,61.96350860595703,244.59005737304688
2018-10-23,19.609333038330078,62.05106735229492,243.34483337402344
2018-10-24,19.233333587646484,62.21833038330078,235.971923828125
2018-10-25,20.99066734313965,62.14664840698242,240.2053985595703
2018-10-26,22.059999465942383,62.2581672668457,235.9807891845703
2018-10-29,22.323333740234375,62.20240020751953,234.67340087890625
2018-10-30,21.99333381652832,62.11479949951172,238.1509246826172
2018-10-31,22.488000869750977,61.987430572509766,240.6944580078125
2018-11-01,22.95199966430664,62.102378845214844,243.2559814453125
2018-11-02,23.0939998626709,61.87084197998047,241.815185546875
2018-11-05,22.760000228881836,61.91875457763672,243.14926147460938
2018-11-06,22.737333297729492,61.91078567504883,244.68789672851562
2018-11-07,23.21066665649414,61.96662902832031,249.9264373779297
2018-11-08,23.426666259765625,61.86287307739258,249.47276306152344
2018-11-09,23.367332458496094,62.01453399658203,247.03591918945312
2018-11-12,22.0853328704834,62.110328674316406,242.42001342773438
2018-11-13,22.582000732421875,62.07840347290039,241.96636962890625
2018-11-14,22.933332443237305,62.1263427734375,240.31211853027344
2018-11-15,23.229333877563477,62.13427734375,242.82017517089844
2018-11-16,23.62066650390625,62.27001953125,243.4517059326172
2018-11-19,23.564666748046875,62.27001953125,239.3338165283203
2018-11-20,23.166000366210938,62.230072021484375,234.90460205078125
2018-11-21,22.54599952697754,62.29399490356445,235.705078125
2018-11-23,21.722000122070312,62.28596496582031,234.13092041015625
2018-11-26,23.066667556762695,62.238059997558594,237.91078186035156
2018-11-27,22.92799949645996,62.27800750732422,238.71115112304688
2018-11-28,23.191333770751953,62.309967041015625,244.2075653076172
2018-11-29,22.744667053222656,62.35780715942383,243.67401123046875
2018-11-30,23.365333557128906,62.38178634643555,245.15924072265625
2018-12-03,23.89933204650879,62.479427337646484,248.405517578125
2018-12-04,23.979999542236328,62.63148498535156,240.35658264160156
2018-12-06,24.20400047302246,62.743507385253906,239.9918975830078
2018-12-07,23.864667892456055,62.871578216552734,234.41552734375
2018-12-10,24.343332290649414,62.93560791015625,234.8601837158203
2018-12-11,24.450666427612305,62.94358825683594,234.91357421875
2018-12-12,24.440000534057617,62.87954330444336,236.0963897705078
2018-12-13,25.119333267211914,62.92756652832031,236.016357421875
2018-12-14,24.380666732788086,62.98362731933594,231.65838623046875
2018-12-17,23.22800064086914,63.103668212890625,227.11361694335938
2018-12-18,22.468666076660156,63.199668884277344,226.8645782470703
2018-12-19,22.197999954223633,63.311710357666016,223.46713256835938
2018-12-20,21.025333404541016,63.22367477416992,219.82952880859375
2018-12-21,21.31800079345703,63.22367477416992,215.32533264160156
2018-12-24,19.69266700744629,63.2381477355957,209.6358184814453
2018-12-26,21.73933219909668,63.10173416137695,220.2276153564453
2018-12-27,21.075332641601562,63.2381477355957,221.91839599609375
2018-12-28,22.257999420166016,63.390586853027344,221.63209533691406
2018-12-31,22.18666648864746,63.5510139465332,223.5733642578125
2019-01-02,20.674667358398438,63.679386138916016,223.8059844970703
2019-01-03,20.02400016784668,63.92812728881836,218.46533203125
2019-01-04,21.179332733154297,63.735595703125,225.7830047607422
2019-01-07,22.33066749572754,63.639320373535156,227.56320190429688
2019-01-08,22.356666564941406,63.55904006958008,229.7012481689453
2019-01-09,22.568666458129883,63.6473274230957,230.77471923828125
2019-01-10,22.99799919128418,63.5189323425293,231.5887908935547
2019-01-11,23.150667190551758,63.6473274230957,231.6782989501953
2019-01-14,22.293333053588867,63.59114074707031,230.2648162841797
2019-01-15,22.961999893188477,63.59916687011719,232.90386962890625
2019-01-16,23.06999969482422,63.62324523925781,233.46746826171875
2019-01-17,23.15399932861328,63.5510139465332,235.23866271972656
2019-01-18,20.150667190551758,63.502891540527344,238.3697052001953
2019-01-22,19.92799949645996,63.6152229309082,235.14920043945312
2019-01-23,19.172666549682617,63.679386138916016,235.6412811279297
2019-01-24,19.43400001525879,63.8157844543457,235.76649475097656
2019-01-25,19.80266761779785,63.743587493896484,237.76133728027344
2019-01-28,19.7586669921875,63.76762390136719,235.95437622070312
2019-01-29,19.83066749572754,63.896026611328125,235.6412811279297
2019-01-30,20.584667205810547,63.96019744873047,239.3716583251953
2019-01-31,20.468000411987305,64.25706481933594,241.4739532470703
2019-02-01,20.81399917602539,64.07853698730469,241.59019470214844
2019-02-04,20.859333038330078,64.02220916748047,243.28988647460938
2019-02-05,21.42333221435547,64.15894317626953,244.30972290039062
2019-02-06,21.148000717163086,64.13479614257812,243.98764038085938
2019-02-07,20.500667572021484,64.18310546875,241.6617889404297
2019-02-08,20.386667251586914,64.27958679199219,241.95701599121094
2019-02-11,20.856000900268555,64.25546264648438,242.09117126464844
2019-02-12,20.78733253479004,64.24742126464844,245.204345703125
2019-02-13,20.544666290283203,64.15090942382812,246.00042724609375
2019-02-14,20.251333236694336,64.26354217529297,245.4547576904297
2019-02-15,20.525333404541016,64.28764343261719,248.12954711914062
2019-02-19,20.375999450683594,64.34391021728516,248.55892944335938
2019-02-20,20.17066764831543,64.31983184814453,249.05996704101562
2019-02-21,19.415332794189453,64.19112396240234,248.1743621826172
2019-02-22,19.6473331451416,64.33586883544922,249.71307373046875
2019-02-25,19.917999267578125,64.31175231933594,250.05288696289062
2019-02-26,19.857332229614258,64.40022277832031,249.8739471435547
2019-02-27,20.982667922973633,64.27157592773438,249.76663208007812
2019-02-28,21.325332641601562,64.19914245605469,249.30145263671875
2019-03-01,19.652666091918945,64.00081634521484,250.8581085205078
2019-03-04,19.02400016784668,64.11372375488281,249.94558715820312
2019-03-05,18.43600082397461,64.16206359863281,249.60556030273438
2019-03-06,18.416000366210938,64.24267578125,248.0938262939453
2019-03-07,18.439332962036133,64.42811584472656,246.01837158203125
2019-03-08,18.94266700744629,64.50873565673828,245.5263671875
2019-03-11,19.39466667175293,64.47647857666016,249.0867919921875
2019-03-12,18.890666961669922,64.62963104248047,250.0260467529297
2019-03-13,19.263999938964844,64.59741973876953,251.68101501464844
2019-03-14,19.33066749572754,64.54095458984375,251.52008056640625
2019-03-15,18.36199951171875,64.6618881225586,252.76266479492188
2019-03-18,17.965999603271484,64.62159729003906,253.67910766601562
2019-03-19,17.83133316040039,64.5893325805664,253.7421112060547
2019-03-20,18.239999771118164,64.87150573730469,252.97828674316406
2019-03-21,18.26799964904785,64.88760375976562,255.8356475830078
2019-03-22,17.635332107543945,65.2423324584961,250.91177368164062
2019-03-25,17.3613338470459,65.32296752929688,250.72311401367188
2019-03-26,17.851333618164062,65.33905792236328,252.59193420410156
2019-03-27,18.32200050354004,65.45997619628906,251.27113342285156
2019-03-28,18.57466697692871,65.49224853515625,252.22357177734375
2019-03-29,18.657333374023438,65.44384765625,253.8140411376953
2019-04-01,19.278667449951172,65.18527221679688,256.8240051269531
2019-04-02,19.058666229248047,65.21758270263672,256.9498291015625
2019-04-03,19.45400047302246,65.12867736816406,257.3541259765625
2019-04-04,17.851999282836914,65.19330596923828,258.037109375
2019-04-05,18.33066749572754,65.2418212890625,259.2859802246094
2019-04-08,18.213333129882812,65.17716979980469,259.48358154296875
2019-04-09,18.15399932861328,65.27413177490234,258.15380859375
2019-04-10,18.40399932861328,65.363037109375,259.0344543457031
2019-04-11,17.89466667175293,65.2499008178711,258.96240234375
2019-04-12,17.84666633605957,65.12867736816406,260.71453857421875
2019-04-15,17.7586669921875,65.14486694335938,260.5438537597656
2019-04-16,18.224000930786133,65.0317153930664,260.71453857421875
2019-04-17,18.082000732421875,65.0317153930664,260.07666015625
2019-04-18,18.21733283996582,65.12059783935547,260.5887451171875
2019-04-22,17.516666412353516,65.05596160888672,260.8134460449219
2019-04-23,17.593332290649414,65.16907501220703,263.1585998535156
2019-04-24,17.243999481201172,65.33881378173828,262.57452392578125
2019-04-25,16.5086669921875,65.32267761230469,262.4127502441406
2019-04-26,15.675999641418457,65.4681396484375,263.634765625
2019-04-29,16.097999572753906,65.33072662353516,264.048095703125
2019-04-30,15.912667274475098,65.42771911621094,264.182861328125
2019-05-01,15.600666999816895,65.4317626953125,262.1971130371094
2019-05-02,16.273332595825195,65.28592681884766,261.6310119628906
2019-05-03,17.00200080871582,65.40744018554688,264.1919250488281
2019-05-06,17.022666931152344,65.48847961425781,263.1046142578125
2019-05-07,16.470666885375977,65.5856704711914,258.71087646484375
2019-05-08,16.32266616821289,65.53707885742188,258.3515319824219
2019-05-09,16.131999969482422,65.6019058227539,257.56976318359375
2019-05-10,15.968000411987305,65.59379577636719,258.8636779785156
2019-05-13,15.133999824523926,65.73149871826172,252.35826110839844
2019-05-14,15.487333297729492,65.77198791503906,254.64056396484375
2019-05-15,15.463333129882812,65.86921691894531,256.13214111328125
2019-05-16,15.222000122070312,65.77198791503906,258.5042724609375
2019-05-17,14.0686674118042,65.78822326660156,256.83294677734375
2019-05-20,13.690667152404785,65.70722961425781,255.13478088378906
2019-05-21,13.67199993133545,65.67475128173828,257.43499755859375
2019-05-22,12.84866714477539,65.79624938964844,256.6443176269531
2019-05-23,13.03266716003418,66.03121185302734,253.50843811035156
2019-05-24,12.708666801452637,66.03121185302734,254.0835418701172
2019-05-28,12.579999923706055,66.16893768310547,251.72039794921875
2019-05-29,12.657333374023438,66.1527328491211,250.0311737060547
2019-05-30,12.54800033569336,66.33097076416016,250.7140655517578
2019-05-31,12.343999862670898,66.62261199951172,247.3356475830078
2019-06-03,11.9313325881958,66.81182098388672,246.70669555664062
2019-06-04,12.90666675567627,66.69811248779297,252.06187438964844
2019-06-05,13.105999946594238,66.69811248779297,254.24526977539062
2019-06-06,13.729999542236328,66.68189239501953,255.89852905273438
2019-06-07,13.633333206176758,66.86051177978516,258.4593200683594
2019-06-10,14.192000389099121,66.72251892089844,259.6453552246094
2019-06-11,14.473333358764648,66.67378234863281,259.5824279785156
2019-06-12,13.950667381286621,66.7874526977539,259.12420654296875
2019-06-13,14.260666847229004,66.90113067626953,260.1935119628906
2019-06-14,14.32800006866455,66.90924835205078,259.90594482421875
2019-06-17,15.001999855041504,66.90924835205078,260.0047912597656
2019-06-18,14.982666969299316,67.06351470947266,262.7272644042969
2019-06-19,15.095333099365234,67.29087829589844,263.3203430175781
2019-06-20,14.641332626342773,67.39643096923828,265.83612060546875
2019-06-21,14.790666580200195,67.20966339111328,265.4497375488281
2019-06-24,14.909333229064941,67.33149719238281,265.12469482421875
2019-06-25,14.650667190551758,67.35585021972656,262.5244140625
2019-06-26,14.618000030517578,67.2015609741211,262.2625427246094
2019-06-27,14.855999946594238,67.39643096923828,263.19256591796875
2019-06-28,14.897333145141602,67.45328521728516,264.5469055175781
2019-07-01,15.14466667175293,67.44841003417969,266.94854736328125
2019-07-02,14.970000267028809,67.5785903930664,267.643798828125
2019-07-03,15.65999984741211,67.70072174072266,269.7835693359375
2019-07-05,15.539999961853027,67.38328552246094,269.4765625
2019-07-08,15.355999946594238,67.37517547607422,267.99591064453125
2019-07-09,15.337332725524902,67.2856216430664,268.329833984375
2019-07-10,15.928000450134277,67.34261322021484,269.612060546875
2019-07-11,15.90666675567627,67.1228256225586,270.2439880371094
2019-07-12,16.338666915893555,67.1798095703125,271.4540100097656
2019-07-15,16.899999618530273,67.27745819091797,271.544189453125
2019-07-16,16.825332641601562,67.18795776367188,270.66839599609375
2019-07-17,16.99066734313965,67.3914566040039,268.8264465332031
2019-07-18,16.902666091918945,67.51351165771484,269.8106384277344
2019-07-19,17.211999893188477,67.4402847290039,268.3118591308594
2019-07-22,17.045333862304688,67.51351165771484,268.9709777832031
2019-07-23,17.344667434692383,67.45655822753906,270.8941650390625
2019-07-24,17.658666610717773,67.52165985107422,272.1672668457031
2019-07-25,15.254667282104492,67.44841003417969,270.8670654296875
2019-07-26,15.202667236328125,67.44841003417969,272.681884765625
2019-07-29,15.718000411987305,67.4891128540039,272.18524169921875
2019-07-30,16.150667190551758,67.47279357910156,271.51715087890625
2019-07-31,16.107332229614258,67.55423736572266,268.5466003417969
2019-08-01,15.59000015258789,68.0379867553711,266.2081298828125
2019-08-02,15.62266731262207,68.10323333740234,264.2037658691406
2019-08-05,15.221332550048828,68.39694213867188,256.2582092285156
2019-08-06,15.383333206176758,68.56824493408203,259.8517761230469
2019-08-07,15.561332702636719,68.56824493408203,260.0053405761719
2019-08-08,15.886667251586914,68.62535095214844,265.106689453125
2019-08-09,15.667332649230957,68.50297546386719,263.30084228515625
2019-08-12,15.267333030700684,68.80484771728516,260.095703125
2019-08-13,15.666666984558105,68.69878387451172,264.14044189453125
2019-08-14,14.641332626342773,68.94355010986328,256.3304748535156
2019-08-15,14.37600040435791,69.27803802490234,257.0077819824219
2019-08-16,14.662667274475098,69.2045669555664,260.79986572265625
2019-08-19,15.121999740600586,68.98432922363281,263.94189453125
2019-08-20,15.057332992553711,69.16381072998047,261.9194030761719
2019-08-21,14.722000122070312,69.13116455078125,264.05023193359375
2019-08-22,14.8100004196167,69.00062561035156,263.9689025878906
2019-08-23,14.09333324432373,69.2535171508789,257.1883239746094
2019-08-26,14.333333015441895,69.21273803710938,260.0323486328125
2019-08-27,14.272000312805176,69.44930267333984,259.0121154785156
2019-08-28,14.37266731262207,69.4737777709961,260.8359375
2019-08-29,14.780667304992676,69.43299865722656,264.1676025390625
2019-08-30,15.040666580200195,69.42483520507812,264.05023193359375
2019-09-03,15.000666618347168,69.48860168457031,262.5063171386719
2019-09-04,14.711999893188477,69.61944580078125,265.4858703613281
2019-09-05,15.305333137512207,69.2596664428711,268.8987121582031
2019-09-06,15.16333293914795,69.34143829345703,269.1064758300781
2019-09-09,15.452667236328125,69.0225601196289,269.2419128417969
2019-09-10,15.702667236328125,68.67102813720703,269.1786804199219
2019-09-11,16.47333335876465,68.63016510009766,271.09283447265625
2019-09-12,16.391332626342773,68.49927520751953,272.03173828125
2019-09-13,16.34666633605957,68.1068344116211,271.85125732421875
2019-09-16,16.187332153320312,68.28673553466797,271.0116271972656
2019-09-17,16.319332122802734,68.44207000732422,271.6977844238281
2019-09-18,16.232667922973633,68.49110412597656,271.8603210449219
2019-09-19,16.440000534057617,68.58927154541016,271.84222412109375
2019-09-20,16.041332244873047,68.83455657958984,270.55780029296875
2019-09-23,16.082000732421875,68.88359832763672,270.494384765625
2019-09-24,14.880666732788086,69.12068939208984,268.3717041015625
2019-09-25,15.24666690826416,68.79365539550781,269.9591369628906
2019-09-26,16.17066764831543,68.9081039428711,269.3967590332031
2019-09-27,16.142000198364258,68.98173522949219,267.9454650878906
2019-09-30,16.058000564575195,69.03074645996094,269.18817138671875
2019-10-01,16.312667846679688,69.09796142578125,265.98614501953125
2019-10-02,16.208667755126953,69.25363159179688,261.28759765625
2019-10-03,15.535332679748535,69.4830551147461,263.4283142089844
2019-10-04,15.428667068481445,69.5977783203125,266.9930419921875
2019-10-07,15.847999572753906,69.41751861572266,265.8410339355469
2019-10-08,16.003332138061523,69.45030975341797,261.71392822265625
2019-10-09,16.302000045776367,69.36835479736328,264.1992492675781
2019-10-10,16.31599998474121,69.15530395507812,265.98614501953125
2019-10-11,16.525999069213867,68.90128326416016,268.7436828613281
2019-10-14,17.130666732788086,69.0160140991211,268.44439697265625
2019-10-15,17.19266700744629,68.83576202392578,271.10205078125
2019-10-16,17.316667556762695,68.90949249267578,270.6666564941406
2019-10-17,17.46466636657715,68.90949249267578,271.4648742675781
2019-10-18,17.1299991607666,68.9422836303711,270.2767028808594
2019-10-21,16.899999618530273,68.77839660644531,272.1088562011719
2019-10-22,17.038667678833008,68.90128326416016,271.2198791503906
2019-10-23,16.978666305541992,68.93406677246094,272.0090637207031
2019-10-24,19.978666305541992,68.9422836303711,272.45355224609375
2019-10-25,21.875333786010742,68.82760620117188,273.5692443847656
2019-10-28,21.847333908081055,68.68006896972656,275.1112365722656
2019-10-29,21.08133316040039,68.69644927978516,275.0295715332031
2019-10-30,21.000667572021484,68.91770935058594,275.87310791015625
2019-10-31,20.994667053222656,69.24546813964844,275.13848876953125
2019-11-01,20.887332916259766,69.18385314941406,277.68719482421875
2019-11-04,21.1646671295166,68.98678588867188,278.8029479980469
2019-11-05,21.148000717163086,68.74862670898438,278.49456787109375
2019-11-06,21.77199935913086,68.89642333984375,278.55804443359375
2019-11-07,22.369333267211914,68.5433578491211,279.53765869140625
2019-11-08,22.47599983215332,68.47764587402344,280.2270812988281
2019-11-11,23.006000518798828,68.51871490478516,279.6919250488281
2019-11-12,23.32866668701172,68.5597915649414,280.281494140625
2019-11-13,23.073999404907227,68.6829605102539,280.3721008300781
2019-11-14,23.290000915527344,68.88002014160156,280.7803649902344
2019-11-15,23.47800064086914,68.85537719726562,282.8121643066406
2019-11-18,23.332666397094727,68.95393371582031,283.0208435058594
2019-11-19,23.968000411987305,69.02783966064453,282.93914794921875
2019-11-20,23.481332778930664,69.21673583984375,281.8869934082031
2019-11-21,23.655332565307617,69.10175323486328,281.4333801269531
2019-11-22,22.202667236328125,69.14276885986328,282.059326171875
2019-11-25,22.422666549682617,69.20849609375,284.2452697753906
2019-11-26,21.92799949645996,69.32345581054688,284.8892822265625
2019-11-27,22.086000442504883,69.21673583984375,286.1592102050781
2019-11-29,21.996000289916992,69.21673583984375,285.0979309082031
2019-12-02,22.32466697692871,69.0356674194336,282.6760559082031
2019-12-03,22.413333892822266,69.406005859375,280.7803649902344
2019-12-04,22.20199966430664,69.26604461669922,282.5128479003906
2019-12-05,22.024667739868164,69.19200134277344,283.0208435058594
2019-12-06,22.392667770385742,69.10151672363281,285.60589599609375
2019-12-09,22.635332107543945,69.117919921875,284.7079162597656
2019-12-10,23.256000518798828,69.06857299804688,284.3904113769531
2019-12-11,23.51333236694336,69.29899597167969,285.1977844238281
2019-12-12,23.978666305541992,68.9698257446289,287.65582275390625
2019-12-13,23.892667770385742,69.28256225585938,287.82830810546875
2019-12-16,25.433332443237305,69.0932846069336,289.8055419921875
2019-12-17,25.266000747680664,69.10151672363281,289.86907958984375
2019-12-18,26.209999084472656,69.01097106933594,289.88720703125
2019-12-19,26.93600082397461,69.06033325195312,291.0755310058594
2019-12-20,27.03933334350586,69.0767822265625,292.3515625
2019-12-23,27.947999954223633,69.0330810546875,292.7983093261719
2019-12-24,28.350000381469727,69.09906005859375,292.8074035644531
2019-12-26,28.729333877563477,69.16503143310547,294.3660888671875
2019-12-27,28.691999435424805,69.26402282714844,294.2931213378906
2019-12-30,27.64666748046875,69.23927307128906,292.67059326171875
2019-12-31,27.8886661529541,69.16503143310547,293.3816223144531
2020-01-02,28.68400001525879,69.25577545166016,296.1253662109375
2020-01-03,29.534000396728516,69.50321197509766,293.8829345703125
2020-01-06,30.1026668548584,69.42072296142578,295.0041809082031
2020-01-07,31.270666122436523,69.36299896240234,294.17462158203125
2020-01-08,32.80933380126953,69.25577545166016,295.7424011230469
2020-01-09,32.089332580566406,69.33821868896484,297.747802734375
2020-01-10,31.876667022705078,69.4537353515625,296.890869140625
2020-01-13,34.990665435791016,69.4124755859375,298.9327697753906
2020-01-14,35.861331939697266,69.51145935058594,298.4770202636719
2020-01-15,34.56666564941406,69.61869812011719,299.1514892578125
2020-01-16,34.232666015625,69.57743835449219,301.639892578125
2020-01-17,34.03333282470703,69.56916809082031,302.578857421875
2020-01-21,36.47999954223633,69.74238586425781,301.986328125
2020-01-22,37.97066879272461,69.80010223388672,302.0229187011719
2020-01-23,38.14666748046875,69.92385864257812,302.3691711425781
2020-01-24,37.654666900634766,70.03107452392578,299.6802062988281
2020-01-27,37.201332092285156,70.26199340820312,294.87646484375
2020-01-28,37.793331146240234,70.13825988769531,297.96661376953125
2020-01-29,38.732666015625,70.33621978759766,297.720458984375
2020-01-30,42.72066879272461,70.35269165039062,298.6866455078125
2020-01-31,43.371334075927734,70.53417205810547,293.2630920410156
2020-02-03,52.0,70.47052001953125,295.441650390625
2020-02-04,59.137332916259766,70.255615234375,299.94451904296875
2020-02-05,48.97999954223633,70.13988494873047,303.4083557128906
2020-02-06,49.930667877197266,70.2060317993164,304.42926025390625
2020-02-07,49.871334075927734,70.42094421386719,302.8067626953125
2020-02-10,51.41866683959961,70.5283432006836,305.06732177734375
2020-02-11,51.62533187866211,70.41264343261719,305.59600830078125
2020-02-12,51.15266799926758,70.33000946044922,307.56494140625
2020-02-13,53.599998474121094,70.3961181640625,307.2366943359375
2020-02-14,53.33533477783203,70.47052001953125,307.7289123535156
2020-02-18,57.22666549682617,70.57797241210938,306.9359436035156
2020-02-19,61.16133117675781,70.56966400146484,308.4034729003906
2020-02-20,59.96066665649414,70.74330139160156,307.1363830566406
2020-02-21,60.06666564941406,70.91683959960938,303.9735107421875
2020-02-24,55.58599853515625,71.14002990722656,293.89202880859375
2020-02-25,53.32733154296875,71.19783782958984,284.9865417480469
2020-02-26,51.91999816894531,71.15656280517578,283.93829345703125
2020-02-27,45.266666412353516,71.23920440673828,271.1861267089844
2020-02-28,44.53266525268555,71.71034240722656,270.0467224121094
2020-03-02,49.574668884277344,71.66311645507812,281.74139404296875
2020-03-03,49.70066833496094,72.0937728881836,273.6745910644531
2020-03-04,49.96666717529297,72.07721710205078,285.177978515625
2020-03-05,48.30266571044922,72.35050964355469,275.6980895996094
2020-03-06,46.89866638183594,72.84740447998047,271.1405334472656
2020-03-09,40.53333282470703,72.6900863647461,249.96597290039062
2020-03-10,43.02199935913086,71.71285247802734,262.90045166015625
2020-03-11,42.28200149536133,70.35459899902344,250.08436584472656
2020-03-12,37.369998931884766,66.52833557128906,226.15708923339844
2020-03-13,36.44133377075195,69.33592224121094,245.4903564453125
2020-03-16,29.67133331298828,70.06472778320312,218.6279296875
2020-03-17,28.68000030517578,68.61537170410156,230.43211364746094
2020-03-18,24.08133316040039,66.9590072631836,218.76466369628906
2020-03-19,28.50933265686035,66.91759490966797,219.2294921875
2020-03-20,28.50200080871582,68.05220794677734,209.781982421875
2020-03-23,28.952667236328125,69.55948638916016,204.41824340820312
2020-03-24,33.66666793823242,69.63408660888672,222.93922424316406
2020-03-25,35.95000076293945,70.5699234008789,226.27667236328125
2020-03-26,35.21066665649414,70.89292907714844,239.4888916015625
2020-03-27,34.29066848754883,71.27386474609375,232.3555450439453
2020-03-30,33.47533416748047,71.34841918945312,239.90142822265625
2020-03-31,34.93333435058594,70.68582916259766,236.32566833496094
2020-04-01,32.104000091552734,71.05109405517578,225.68984985351562
2020-04-02,30.29800033569336,71.38311004638672,230.897705078125
2020-04-03,32.000667572021484,71.34991455078125,227.56031799316406
2020-04-06,34.41600036621094,71.57401275634766,242.84463500976562
2020-04-07,36.36333465576172,71.6404037475586,243.0922088623047
2020-04-08,36.589332580566406,71.82298278808594,251.2523956298828
2020-04-09,38.20000076293945,72.61152648925781,255.0758514404297
2020-04-13,43.39666748046875,72.3791275024414,252.74696350097656
2020-04-14,47.32600021362305,72.3791275024414,260.20123291015625
2020-04-15,48.65533447265625,72.73603820800781,254.67247009277344
2020-04-16,49.680667877197266,72.77754974365234,255.9009552001953
2020-04-17,50.259334564208984,72.67790985107422,262.81427001953125
2020-04-20,49.75733184814453,72.5617446899414,258.1840515136719
2020-04-21,45.781333923339844,72.6530532836914,250.34474182128906
2020-04-22,48.807334899902344,72.5949478149414,255.9009552001953
2020-04-23,47.04199981689453,72.71107482910156,255.8826446533203
2020-04-24,48.34333419799805,72.68622589111328,259.4493103027344
2020-04-27,53.25,72.42893981933594,263.1902160644531
2020-04-28,51.27466583251953,72.64471435546875,261.9799499511719
2020-04-29,53.367332458496094,72.69454193115234,268.8382263183594
2020-04-30,52.12533187866211,72.63642120361328,266.3350524902344
2020-05-01,46.75466537475586,72.60651397705078,259.28436279296875
2020-05-04,50.74599838256836,72.68134307861328,259.99945068359375
2020-05-05,51.2140007019043,72.61481475830078,262.4017333984375
2020-05-06,52.172000885009766,72.29043579101562,260.6229248046875
2020-05-07,52.00266647338867,72.5233383178711,263.7677917480469
2020-05-08,54.62799835205078,72.31539154052734,268.1321716308594
2020-05-11,54.08599853515625,72.09085083007812,268.18719482421875
2020-05-12,53.96066665649414,72.32373046875,262.841796875
2020-05-13,52.73066711425781,72.40690612792969,258.1931457519531
2020-05-14,53.55533218383789,72.60651397705078,261.28314208984375
2020-05-15,53.27799987792969,72.64810943603516,262.4842529296875
2020-05-18,54.242000579833984,72.51505279541016,270.4793395996094
2020-05-19,53.867332458496094,72.60651397705078,267.70123291015625
2020-05-20,54.37066650390625,72.79779052734375,272.24896240234375
2020-05-21,55.17333221435547,72.87258911132812,270.3694152832031
2020-05-22,54.45866775512695,72.89759826660156,270.8828125
2020-05-26,54.591331481933594,72.85598754882812,274.2202453613281
2020-05-27,54.68199920654297,72.88927459716797,278.3003845214844
2020-05-28,53.72066879272461,72.91422271728516,277.78692626953125
2020-05-29,55.66666793823242,73.12215423583984,279.02471923828125
2020-06-01,59.87333297729492,73.06298065185547,280.1524963378906
2020-06-02,58.770668029785156,73.12129974365234,282.4721984863281
2020-06-03,58.86399841308594,72.95462799072266,286.2313537597656
2020-06-04,57.62533187866211,72.77967071533203,285.4794921875
2020-06-05,59.04399871826172,72.77134704589844,292.7962646484375
2020-06-08,63.327999114990234,72.8463363647461,296.33544921875
2020-06-09,62.711334228515625,72.89635467529297,294.1257629394531
2020-06-10,68.336669921875,73.20465850830078,292.4844970703125
2020-06-11,64.85600280761719,73.07133483886719,275.6230163574219
2020-06-12,62.35200119018555,73.14633178710938,278.923828125
2020-06-15,66.05999755859375,73.29630279541016,281.5277099609375
2020-06-16,65.47533416748047,73.20465850830078,286.94659423828125
2020-06-17,66.11933135986328,73.22130584716797,285.7546081542969
2020-06-18,66.9306640625,73.30461883544922,285.86468505859375
2020-06-19,66.72666931152344,73.32965850830078,284.2309875488281
2020-06-22,66.28800201416016,73.30461883544922,286.0543518066406
2020-06-23,66.78533172607422,73.27131652832031,287.3712463378906
2020-06-24,64.0566635131836,73.2796859741211,280.0408020019531
2020-06-25,65.73200225830078,73.35459899902344,283.04290771484375
2020-06-26,63.982666015625,73.48796844482422,276.3202819824219
2020-06-29,67.29000091552734,73.53795623779297,280.3814697265625
2020-06-30,71.98733520507812,73.6129379272461,283.97308349609375
2020-07-01,74.64199829101562,73.63130950927734,285.9622802734375
2020-07-02,80.57733154296875,73.74819946289062,287.5370178222656
2020-07-06,91.43866729736328,73.7231674194336,291.9757995605469
2020-07-07,92.65733337402344,73.84004211425781,288.9643859863281
2020-07-08,91.05867004394531,73.79830169677734,291.174560546875
2020-07-09,92.9520034790039,73.99862670898438,289.5169372558594
2020-07-10,102.97666931152344,73.91517639160156,292.4731140136719
2020-07-13,99.80400085449219,73.94854736328125,289.9405822753906
2020-07-14,101.12000274658203,74.04036712646484,293.6978759765625
2020-07-15,103.06732940673828,74.0487060546875,296.396240234375
2020-07-16,100.04266357421875,74.09883117675781,295.4200744628906
2020-07-17,100.05599975585938,74.17394256591797,296.27642822265625
2020-07-20,109.53333282470703,74.24906158447266,298.67095947265625
2020-07-21,104.55733489990234,74.29081726074219,299.3063049316406
2020-07-22,106.15533447265625,74.39100646972656,301.0099792480469
2020-07-23,100.87133026123047,74.45777893066406,297.4184265136719
2020-07-24,94.46666717529297,74.44107055664062,295.5029296875
2020-07-27,102.63999938964844,74.39100646972656,297.6578369140625
2020-07-28,98.43267059326172,74.42437744140625,295.77001953125
2020-07-29,99.94066619873047,74.5412826538086,299.40765380859375
2020-07-30,99.16600036621094,74.5829849243164,298.33929443359375
2020-07-31,95.38400268554688,74.68316650390625,300.6968078613281
2020-08-03,99.0,74.65727233886719,302.78741455078125
2020-08-04,99.13333129882812,74.81615447998047,303.9569396972656
2020-08-05,99.00133514404297,74.71580505371094,305.8448486328125
2020-08-06,99.30533599853516,74.8328857421875,307.8892517089844
2020-08-07,96.84733581542969,74.74927520751953,308.11029052734375
2020-08-10,94.57133483886719,74.66561889648438,309.0311584472656
2020-08-11,91.6259994506836,74.40640258789062,306.480224609375
2020-08-12,103.65066528320312,74.2139892578125,310.7533264160156
2020-08-13,108.06666564941406,73.97147369384766,310.1915588378906
2020-08-14,110.04733276367188,73.88787078857422,310.2007141113281
2020-08-17,122.3759994506836,73.97985076904297,311.1861267089844
2020-08-18,125.80599975585938,74.08021545410156,311.8583984375
2020-08-19,125.23533630371094,73.95478057861328,310.55987548828125
2020-08-20,133.45533752441406,74.08021545410156,311.52679443359375
2020-08-21,136.6653289794922,74.23912811279297,312.6319580078125
2020-08-24,134.27999877929688,74.15548706054688,315.7999267578125
2020-08-25,134.8893280029297,74.0133056640625,316.905029296875
2020-08-26,143.54466247558594,73.97147369384766,320.0821533203125
2020-08-27,149.25,73.7038803100586,320.7820739746094
2020-08-28,147.55999755859375,73.76238250732422,322.8541564941406
2020-08-31,166.10667419433594,73.97985076904297,321.6844787597656
2020-09-01,158.35000610351562,74.18345642089844,324.7143249511719
2020-09-02,149.1233367919922,74.34258270263672,329.4109802246094
2020-09-03,135.6666717529297,74.35101318359375,318.0744934082031
2020-09-04,139.44000244140625,73.91535949707031,315.4775085449219
2020-09-08,110.06999969482422,74.02428436279297,306.8578186035156
2020-09-09,122.09333038330078,73.97396850585938,312.91741943359375
2020-09-10,123.77999877929688,73.99075317382812,307.48406982421875
2020-09-11,124.23999786376953,74.06615447998047,307.6405944824219
2020-09-14,139.8733367919922,74.06615447998047,311.692626953125
2020-09-15,149.9199981689453,74.10802459716797,313.26739501953125
2020-09-16,147.25332641601562,74.09126281738281,312.0240783691406
2020-09-17,141.14332580566406,74.09126281738281,309.27984619140625
2020-09-18,147.38333129882812,74.00749206542969,305.7191467285156
2020-09-21,149.79666137695312,74.04939270019531,302.31671142578125
2020-09-22,141.41000366210938,74.07453918457031,305.39556884765625
2020-09-23,126.78666687011719,73.9069595336914,298.31317138671875
2020-09-24,129.26333618164062,73.91535949707031,299.1082763671875
2020-09-25,135.77999877929688,73.9069595336914,303.9439392089844
2020-09-28,140.39999389648438,73.97396850585938,308.99224853515625
2020-09-29,139.69000244140625,74.02428436279297,307.30950927734375
2020-09-30,143.00332641601562,73.9069595336914,309.6394958496094
2020-10-01,149.3866729736328,73.98248291015625,311.62738037109375
2020-10-02,138.3633270263672,73.9321517944336,308.6686706542969
2020-10-05,141.89332580566406,73.65522766113281,314.1423034667969
2020-10-06,137.9933319091797,73.75595092773438,309.67645263671875
2020-10-07,141.76666259765625,73.65522766113281,315.0669250488281
2020-10-08,141.97332763671875,73.7811050415039,317.8592529296875
2020-10-09,144.6666717529297,73.79793548583984,320.69769287109375
2020-10-12,147.43333435058594,73.9069595336914,325.8569641113281
2020-10-13,148.88333129882812,73.9656982421875,323.7303466796875
2020-10-14,153.76666259765625,74.0076675415039,321.6961975097656
2020-10-15,149.6266632080078,73.9656982421875,321.2987365722656
2020-10-16,146.55667114257812,73.9069595336914,321.1045227050781
2020-10-19,143.61000061035156,73.8398666381836,316.22271728515625
2020-10-20,140.64666748046875,73.71395111083984,317.48931884765625
2020-10-21,140.8800048828125,73.63005828857422,316.8883361816406
2020-10-22,141.92999267578125,73.5041732788086,318.6265563964844
2020-10-23,140.2100067138672,73.59648895263672,319.7083435058594
2020-10-26,140.0933380126953,73.70558166503906,313.8001708984375
2020-10-27,141.55999755859375,73.88179779052734,312.7183837890625
2020-10-28,135.33999633789062,73.7811050415039,302.0300598144531
2020-10-29,136.94332885742188,73.62164306640625,305.0996398925781
2020-10-30,129.34666442871094,73.49578857421875,301.9190368652344
2020-11-02,133.50332641601562,73.5975112915039,305.30303955078125
2020-11-03,141.3000030517578,73.58070373535156,310.69354248046875
2020-11-04,140.32666015625,74.08502960205078,317.63720703125
2020-11-05,146.02999877929688,74.16069030761719,323.8320617675781
2020-11-06,143.31666564941406,73.99258422851562,323.7580871582031
2020-11-09,140.4199981689453,73.64795684814453,327.8263854980469
2020-11-10,136.7866668701172,73.5050048828125,327.345703125
2020-11-11,139.0433349609375,73.55543518066406,329.77728271484375
2020-11-12,137.25332641601562,73.79924774169922,326.5780944824219
2020-11-13,136.1666717529297,73.82447052001953,331.0994567871094
2020-11-16,136.02999877929688,73.86652374267578,335.2323913574219
2020-11-17,147.20333862304688,73.99258422851562,333.429443359375
2020-11-18,162.2133331298828,74.0766372680664,329.4166564941406
2020-11-19,166.42333984375,74.22795867919922,330.8036193847656
2020-11-20,163.20333862304688,74.29519653320312,328.53826904296875
2020-11-23,173.9499969482422,74.23639678955078,330.5076904296875
2020-11-24,185.1266632080078,74.16069030761719,335.8333740234375
2020-11-25,191.3333282470703,74.1270751953125,335.31561279296875
2020-11-27,195.25332641601562,74.28681945800781,336.2495422363281
2020-11-30,189.1999969482422,74.38766479492188,334.7608642578125
2020-12-01,194.9199981689453,74.1628646850586,338.4222717285156
2020-12-02,189.60667419433594,74.03656768798828,339.1342468261719
2020-12-03,197.7933349609375,74.17970275878906,339.041748046875
2020-12-04,199.67999267578125,73.98607635498047,341.9634704589844
2020-12-07,213.9199981689453,74.08712005615234,341.2608337402344
2020-12-08,216.6266632080078,74.11235809326172,342.2593994140625
2020-12-09,201.4933319091797,73.98607635498047,339.1897277832031
2020-12-10,209.02333068847656,74.13761901855469,339.0787658691406
2020-12-11,203.3300018310547,74.2555160522461,338.6811218261719
2020-12-14,213.27667236328125,74.2302017211914,337.164794921875
2020-12-15,211.0833282470703,74.2638931274414,341.7230529785156
2020-12-16,207.58999633789062,74.18814086914062,342.2593994140625
2020-12-17,218.63333129882812,74.20494079589844,344.1733703613281
2020-12-18,231.6666717529297,74.17970275878906,342.79913330078125
2020-12-21,216.6199951171875,74.18814086914062,341.5733642578125
2020-12-22,213.44667053222656,74.30601501464844,340.9976806640625
2020-12-23,215.32666015625,74.22237396240234,341.3041076660156
2020-12-24,220.58999633789062,74.34909057617188,342.63189697265625
2020-12-28,221.22999572753906,74.32376098632812,345.5754089355469
2020-12-29,221.99667358398438,74.34909057617188,344.9161071777344
2020-12-30,231.5933380126953,74.3997802734375,345.40826416015625
2020-12-31,235.22332763671875,74.50115203857422,347.1631774902344
2021-01-04,243.2566680908203,74.3997802734375,342.43695068359375
2021-01-05,245.0366668701172,74.27305603027344,344.7953796386719
2021-01-06,251.9933319091797,73.9436264038086,346.8568115234375
2021-01-07,272.0133361816406,73.79155731201172,352.0101318359375
2021-01-08,293.3399963378906,73.72396087646484,354.0158386230469
2021-01-11,270.39666748046875,73.64791870117188,351.6294860839844
2021-01-12,283.14666748046875,73.63105010986328,351.70379638671875
2021-01-13,284.8033447265625,73.82536315917969,352.6510009765625
2021-01-14,281.6666564941406,73.7323989868164,351.4159240722656
2021-01-15,275.38665771484375,73.79155731201172,348.8531494140625
2021-01-19,281.51666259765625,73.89289093017578,351.59234619140625
2021-01-20,283.48333740234375,73.88446807861328,356.4579772949219
2021-01-21,281.663330078125,73.7830810546875,356.7828674316406
2021-01-22,282.21331787109375,73.81690216064453,355.52008056640625
2021-01-25,293.6000061035156,73.98585510253906,356.9222106933594
2021-01-26,294.36334228515625,73.9774169921875,356.36517333984375
2021-01-27,288.0533447265625,73.9774169921875,347.6552734375
2021-01-28,278.4766540527344,73.91825866699219,350.6452941894531
2021-01-29,264.510009765625,73.85912322998047,343.6255187988281
2021-02-01,279.9366760253906,73.88365173339844,349.3453063964844
2021-02-02,290.92999267578125,73.79058837890625,354.2850646972656
2021-02-03,284.89666748046875,73.66365814208984,354.5637512207031
2021-02-04,283.3299865722656,73.68061828613281,358.5935974121094
2021-02-05,284.07666015625,73.57907104492188,360.0050048828125
2021-02-08,287.8066711425781,73.66365814208984,362.60479736328125
2021-02-09,283.1533203125,73.62981414794922,362.3634338378906
2021-02-10,268.2733459472656,73.74829864501953,362.20556640625
2021-02-11,270.5533447265625,73.67214965820312,362.79058837890625
2021-02-12,272.0400085449219,73.4775161743164,364.58258056640625
2021-02-16,265.40667724609375,73.13064575195312,364.26690673828125
2021-02-17,266.04998779296875,73.28292083740234,364.3504943847656
2021-02-18,262.4599914550781,73.24059295654297,362.7998962402344
2021-02-19,260.4333190917969,72.98680877685547,362.1592102050781
2021-02-22,238.1666717529297,72.78367614746094,359.3735046386719
2021-02-23,232.94667053222656,72.76679992675781,359.8099365234375
2021-02-24,247.33999633789062,72.7244644165039,363.7747497558594
2021-02-25,227.4066619873047,72.08987426757812,355.0093994140625
2021-02-26,225.1666717529297,72.71600341796875,353.18011474609375
2021-03-01,239.47666931152344,72.62194061279297,361.74139404296875
2021-03-02,228.81333923339844,72.61344146728516,358.9185791015625
2021-03-03,217.73333740234375,72.38468170166016,354.164306640625
2021-03-04,207.14666748046875,72.15586853027344,349.7817077636719
2021-03-05,199.31666564941406,72.11351013183594,356.21649169921875
2021-03-08,187.6666717529297,71.78302764892578,354.4429626464844
2021-03-09,224.52667236328125,72.02029418945312,359.5035400390625
2021-03-10,222.68666076660156,72.15586853027344,361.74139404296875
2021-03-11,233.1999969482422,72.16436004638672,365.4090576171875
2021-03-12,231.2433319091797,71.732177734375,365.90118408203125
2021-03-15,235.97999572753906,71.81690216064453,368.0832824707031
2021-03-16,225.6266632080078,71.8084487915039,367.61895751953125
2021-03-17,233.93666076660156,71.78302764892578,368.8724670410156
2021-03-18,217.72000122070312,71.48640441894531,363.5055236816406
2021-03-19,218.2899932861328,71.54574584960938,362.8329772949219
2021-03-22,223.3333282470703,71.7491226196289,365.7301940917969
2021-03-23,220.72000122070312,71.91014099121094,362.8515319824219
2021-03-24,210.08999633789062,72.02029418945312,361.007080078125
2021-03-25,213.4633331298828,71.96944427490234,363.03790283203125
2021-03-26,206.23666381835938,71.84232330322266,368.88824462890625
2021-03-29,203.76333618164062,71.7491226196289,368.70196533203125
2021-03-30,211.8733367919922,71.82540893554688,367.72381591796875
2021-03-31,222.64332580566406,71.79149627685547,369.21429443359375
2021-04-01,220.5833282470703,72.02249908447266,373.201416015625
2021-04-05,230.35000610351562,71.91210174560547,378.55804443359375
2021-04-06,230.5399932861328,72.16688537597656,378.33453369140625
2021-04-07,223.6566619873047,72.08198547363281,378.77227783203125
2021-04-08,227.93333435058594,72.24336242675781,380.5702819824219
2021-04-09,225.67333984375,72.14990234375,383.33709716796875
2021-04-12,233.9933319091797,72.13291931152344,383.4768371582031
2021-04-13,254.10667419433594,72.31977081298828,384.6133728027344
2021-04-14,244.07666015625,72.26879119873047,383.2998352050781
2021-04-15,246.28334045410156,72.57457733154297,387.41741943359375
2021-04-16,246.5933380126953,72.37921142578125,388.71240234375
2021-04-19,238.2100067138672,72.33676147460938,386.8025817871094
2021-04-20,239.663330078125,72.45567321777344,383.9705810546875
2021-04-21,248.0399932861328,72.53211212158203,387.603759765625
2021-04-22,239.89666748046875,72.56608581542969,384.063720703125
2021-04-23,243.13333129882812,72.57457733154297,388.2279357910156
2021-04-26,246.06666564941406,72.52361297607422,389.0383605957031
2021-04-27,234.913330078125,72.33676147460938,388.95452880859375
2021-04-28,231.46665954589844,72.37071990966797,388.8427429199219
2021-04-29,225.6666717529297,72.311279296875,391.3207092285156
2021-04-30,236.47999572753906,72.41319274902344,388.7496032714844
2021-05-03,228.3000030517578,72.43106079101562,389.5880126953125
2021-05-04,224.53334045410156,72.524658203125,387.1845397949219
2021-05-05,223.64666748046875,72.56719207763672,387.3056335449219
2021-05-06,221.17999267578125,72.6012191772461,390.3985290527344
2021-05-07,224.1233367919922,72.60966491699219,393.2397155761719
2021-05-10,209.67999267578125,72.43958282470703,389.34588623046875
2021-05-11,205.73333740234375,72.29495239257812,385.8709411621094
2021-05-12,196.6300048828125,72.03975677490234,377.67303466796875
2021-05-13,190.56333923339844,72.18437957763672,382.2098388671875
2021-05-14,196.5800018310547,72.3545150756836,388.0788269042969
2021-05-17,192.27667236328125,72.28646087646484,387.0913391113281
2021-05-18,192.6233367919922,72.20989990234375,383.7563171386719
2021-05-19,187.82000732421875,72.13333129882812,382.7501220703125
2021-05-20,195.5933380126953,72.37152099609375,386.86773681640625
2021-05-21,193.6266632080078,72.38850402832031,386.5509948730469
2021-05-24,202.14666748046875,72.47359466552734,390.49169921875
2021-05-25,201.56333923339844,72.66073608398438,389.62530517578125
2021-05-26,206.3766632080078,72.63520050048828,390.3985290527344
2021-05-27,210.28334045410156,72.53314208984375,390.60333251953125
2021-05-28,208.4066619873047,72.524658203125,391.30206298828125
2021-06-01,207.96665954589844,72.51953125,390.9574890136719
2021-06-02,201.7066650390625,72.59617614746094,391.572265625
2021-06-03,190.94667053222656,72.45989227294922,390.1190185546875
2021-06-04,199.68333435058594,72.74957275390625,393.6870422363281
2021-06-07,201.7100067138672,72.69841003417969,393.3050231933594
2021-06-08,201.19667053222656,72.83474731445312,393.3888854980469
2021-06-09,199.5933380126953,72.97956848144531,392.80194091796875
2021-06-10,203.3733367919922,73.13292694091797,394.6278381347656
2021-06-11,203.29666137695312,73.11589813232422,395.280029296875
2021-06-14,205.89666748046875,72.92845916748047,396.1650085449219
2021-06-15,199.7866668701172,72.92845916748047,395.4383850097656
2021-06-16,201.6233367919922,72.7240219116211,393.2304992675781
2021-06-17,205.53334045410156,72.97106170654297,393.1000671386719
2021-06-18,207.77000427246094,73.20110321044922,387.79693603515625
2021-06-21,206.94332885742188,72.94548034667969,393.3486633300781
2021-06-22,207.90333557128906,73.04774475097656,395.45159912109375
2021-06-23,218.85667419433594,72.99662780761719,394.9750061035156
2021-06-24,226.60667419433594,73.03071594238281,397.3115234375
2021-06-25,223.9566650390625,72.89439392089844,398.7227783203125
2021-06-28,229.57333374023438,73.09033966064453,399.526611328125
2021-06-29,226.9199981689453,73.12444305419922,399.74151611328125
2021-06-30,226.56666564941406,73.17554473876953,400.07806396484375
2021-07-01,225.97332763671875,73.16870880126953,402.29315185546875
2021-07-02,226.3000030517578,73.29669952392578,405.3680419921875
2021-07-06,219.86000061035156,73.56122589111328,404.62957763671875
2021-07-07,214.88333129882812,73.71481323242188,406.0596923828125
2021-07-08,217.60333251953125,73.7830810546875,402.7511291503906
2021-07-09,218.98333740234375,73.55271911621094,407.05035400390625
2021-07-12,228.56666564941406,73.527099609375,408.5083923339844
2021-07-13,222.84666442871094,73.29669952392578,407.1158142089844
2021-07-14,217.7933349609375,73.5441665649414,407.7232666015625
2021-07-15,216.86666870117188,73.72338104248047,406.3307800292969
2021-07-16,214.74000549316406,73.65509796142578,403.14361572265625
2021-07-19,215.4066619873047,74.07318878173828,397.1900634765625
2021-07-20,220.1666717529297,73.99639892578125,402.88189697265625
2021-07-21,218.42999267578125,73.75745391845703,406.14373779296875
2021-07-22,216.4199981689453,73.9195785522461,406.9942932128906
2021-07-23,214.4600067138672,73.83427429199219,411.18145751953125
2021-07-26,219.2066650390625,73.79161834716797,412.1908264160156
2021-07-27,214.92666625976562,73.97932434082031,410.3123779296875
2021-07-28,215.66000366210938,74.04757690429688,410.1439514160156
2021-07-29,225.78334045410156,73.9195785522461,411.8450622558594
2021-07-30,229.06666564941406,74.03050994873047,409.844970703125
2021-08-02,236.55667114257812,74.20657348632812,408.9850769042969
2021-08-03,236.5800018310547,74.22364807128906,412.3122863769531
2021-08-04,236.97332763671875,74.22364807128906,410.2841796875
2021-08-05,238.2100067138672,74.05274200439453,412.8824462890625
2021-08-06,233.03334045410156,73.70232391357422,413.5647277832031
2021-08-09,237.9199981689453,73.56560516357422,413.2283630371094
2021-08-10,236.663330078125,73.45452117919922,413.7424011230469
2021-08-11,235.94000244140625,73.50578308105469,414.7703552246094
2021-08-12,240.75,73.51437377929688,416.013427734375
2021-08-13,239.05667114257812,73.8049087524414,416.7705078125
2021-08-16,228.72332763671875,73.873291015625,417.7518615722656
2021-08-17,221.90333557128906,73.79637145996094,415.013427734375
2021-08-18,229.663330078125,73.77925872802734,410.4710693359375
2021-08-19,224.49000549316406,73.94163513183594,411.1067199707031
2021-08-20,226.75332641601562,73.92454528808594,414.3779296875
2021-08-23,235.43333435058594,73.94163513183594,418.02288818359375
2021-08-24,236.163330078125,73.79637145996094,418.6864929199219
2021-08-25,237.06666564941406,73.67670440673828,419.5651550292969
2021-08-26,233.72000122070312,73.68525695800781,417.08831787109375
2021-08-27,237.30667114257812,73.89892578125,420.8174743652344
2021-08-30,243.6366729736328,73.98435974121094,422.6680908203125
2021-08-31,245.24000549316406,73.89037322998047,422.0418701171875
2021-09-01,244.69667053222656,73.90321350097656,422.26617431640625
2021-09-02,244.1300048828125,74.00591278076172,423.56524658203125
2021-09-03,244.52333068847656,73.85187530517578,423.46246337890625
2021-09-07,250.97332763671875,73.63789367675781,421.9483642578125
2021-09-08,251.2899932861328,73.7576675415039,421.4344177246094
2021-09-09,251.6199951171875,74.02303314208984,419.6304931640625
2021-09-10,245.42333984375,73.84329986572266,416.3219299316406
2021-09-13,247.6666717529297,73.95458984375,417.387451171875
2021-09-14,248.163330078125,74.13433074951172,415.1349792480469
2021-09-15,251.94332885742188,74.06581115722656,418.6024475097656
2021-09-16,252.3300018310547,73.92886352539062,417.9388427734375
2021-09-17,253.163330078125,73.83472442626953,413.86767578125
2021-09-20,243.38999938964844,74.04016876220703,406.9668273925781
2021-09-21,246.4600067138672,74.02303314208984,406.5823974609375
2021-09-22,250.64666748046875,74.10008239746094,410.5484619140625
2021-09-23,251.2133331298828,73.70632934570312,415.5365905761719
2021-09-24,258.1300048828125,73.55229187011719,416.2210998535156
2021-09-27,263.78668212890625,73.46666717529297,415.0303955078125
2021-09-28,259.1866760253906,73.14997863769531,406.6667175292969
2021-09-29,260.4366760253906,73.15850830078125,407.35125732421875
2021-09-30,258.49334716796875,73.14141082763672,402.3723449707031
2021-10-01,258.40667724609375,73.3900375366211,407.1542663574219
2021-10-04,260.510009765625,73.33856964111328,401.903564453125
2021-10-05,260.1966552734375,73.15853881835938,406.0854187011719
2021-10-06,260.9166564941406,73.19284057617188,407.7730712890625
2021-10-07,264.53668212890625,72.98709106445312,411.29852294921875
2021-10-08,261.8299865722656,72.80706024169922,410.5484619140625
2021-10-11,263.9800109863281,72.69560241699219,407.5762023925781
2021-10-12,268.5733337402344,72.96138000488281,406.5729675292969
2021-10-13,270.3599853515625,73.15853881835938,408.03570556640625
2021-10-14,272.7733459472656,73.28716278076172,414.8990173339844
2021-10-15,281.010009765625,73.10710906982422,418.05889892578125
2021-10-18,290.03668212890625,73.06425476074219,419.29656982421875
2021-10-19,288.0899963378906,72.85850524902344,422.53131103515625
2021-10-20,288.6000061035156,72.77278137207031,424.19085693359375
2021-10-21,298.0,72.66991424560547,425.29736328125
2021-10-22,303.2266540527344,72.8241958618164,424.8565979003906
2021-10-25,341.6199951171875,72.85850524902344,427.1351013183594
2021-10-26,339.4766540527344,73.00424194335938,427.51947021484375
2021-10-27,345.9533386230469,73.26998901367188,425.6254577636719
2021-10-28,359.0133361816406,73.17569732666016,429.7322998046875
2021-10-29,371.3333435058594,73.19284057617188,430.60430908203125
2021-11-01,402.86334228515625,73.13617706298828,431.34503173828125
2021-11-02,390.6666564941406,73.27354431152344,433.0888977050781
2021-11-03,404.6199951171875,73.14473724365234,435.7330627441406
2021-11-04,409.9700012207031,73.4795913696289,437.7864685058594
2021-11-05,407.36334228515625,73.70287322998047,439.3054504394531
2021-11-08,387.64666748046875,73.5396957397461,439.6804504394531
2021-11-09,341.1666564941406,73.7457504272461,438.22723388671875
2021-11-10,355.98333740234375,73.2477798461914,434.70172119140625
2021-11-11,354.5033264160156,73.12757110595703,434.8423156738281
2021-11-12,344.47332763671875,73.13617706298828,438.1239929199219
2021-11-15,337.7966613769531,72.83563995361328,438.2740783691406
2021-11-16,351.57666015625,72.7841567993164,440.0086364746094
2021-11-17,363.0033264160156,72.93869018554688,438.9397888183594
2021-11-18,365.4599914550781,73.02457427978516,440.43060302734375
2021-11-19,379.0199890136719,73.1790771484375,439.6430358886719
2021-11-22,385.6233215332031,72.81849670410156,438.40533447265625
2021-11-23,369.6766662597656,72.52658081054688,438.9866638183594
2021-11-24,372.0,72.69828033447266,440.1586608886719
2021-11-26,360.6400146484375,73.21343231201172,430.341796875
2021-11-29,378.9966735839844,73.20487976074219,435.62054443359375
2021-11-30,381.586669921875,73.34223175048828,427.1444396972656
2021-12-01,365.0,73.3895492553711,422.4000549316406
2021-12-02,361.5333251953125,73.39814758300781,428.8697204589844
2021-12-03,338.3233337402344,73.68195343017578,425.1379699707031
2021-12-06,336.336669921875,73.48412322998047,430.1729736328125
2021-12-07,350.5833435058594,73.32076263427734,439.071044921875
2021-12-08,356.32000732421875,73.09712219238281,440.2336730957031
2021-12-09,334.6000061035156,73.13157653808594,437.26141357421875
2021-12-10,339.010009765625,73.1573715209961,441.3776550292969
2021-12-13,322.13665771484375,73.4067153930664,437.4676818847656
2021-12-14,319.5033264160156,73.28631591796875,434.4579162597656
2021-12-15,325.3299865722656,73.19173431396484,441.246337890625
2021-12-16,308.97332763671875,73.28631591796875,437.3551025390625
2021-12-17,310.8566589355469,73.41532135009766,432.7004699707031
2021-12-20,299.9800109863281,73.294921875,428.0993347167969
2021-12-21,312.84332275390625,73.21752166748047,435.7019348144531
2021-12-22,336.2900085449219,73.294921875,440.0584716796875
2021-12-23,355.6666564941406,73.18367004394531,442.7965393066406
2021-12-27,364.64666748046875,73.21814727783203,449.06304931640625
2021-12-28,362.8233337402344,73.20953369140625,448.69610595703125
2021-12-29,362.0633239746094,72.96796417236328,449.27008056640625
2021-12-30,356.7799987792969,73.13188171386719,448.02801513671875
2021-12-31,352.260009765625,73.11460876464844,446.8988952636719
2022-01-03,399.9266662597656,72.62287139892578,449.4864807128906
2022-01-04,383.1966552734375,72.61421966552734,449.3359375
2022-01-05,362.7066650390625,72.36406707763672,440.70770263671875
2022-01-06,354.8999938964844,72.28644561767578,440.293701171875
2022-01-07,342.32000732421875,72.0879898071289,438.552978515625
2022-01-10,352.7066650390625,72.02761840820312,438.00726318359375
2022-01-11,354.79998779296875,72.1742935180664,441.9967346191406
2022-01-12,368.739990234375,72.14838409423828,443.1917419433594
2022-01-13,343.85333251953125,72.26914978027344,437.0851745605469
2022-01-14,349.8699951171875,71.87235260009766,437.2638854980469
2022-01-18,343.5033264160156,71.42373657226562,429.5201721191406
2022-01-19,331.8833312988281,71.59625244140625,425.0602722167969
2022-01-20,332.0899963378906,71.67391204833984,420.3555603027344
2022-01-21,314.6333312988281,71.94133758544922,412.103759765625
2022-01-24,310.0,71.82919311523438,413.8538513183594
2022-01-25,306.1333312988281,71.73432159423828,408.8011474609375
2022-01-26,312.4700012207031,71.33745574951172,407.7755126953125
2022-01-27,276.3666687011719,71.57037353515625,405.761962890625
2022-01-28,282.1166687011719,71.65662384033203,415.83917236328125
2022-01-31,312.239990234375,71.60490417480469,423.32891845703125
2022-02-01,310.4166564941406,71.57638549804688,426.1893615722656
2022-02-02,301.88665771484375,71.6800537109375,430.329345703125
2022-02-03,297.0466613769531,71.37761688232422,420.21441650390625
2022-02-04,307.7733459472656,70.93690490722656,422.1903991699219
2022-02-07,302.4466552734375,70.99740600585938,420.83544921875
2022-02-08,307.3333435058594,70.76404571533203,424.29803466796875
2022-02-09,310.6666564941406,70.81592559814453,430.5081787109375
2022-02-10,301.51666259765625,70.1678237915039,422.7738342285156
2022-02-11,286.6666564941406,70.6258316040039,414.437255859375
2022-02-14,291.9200134277344,70.22832489013672,413.0823059082031
2022-02-15,307.4766540527344,70.08141326904297,419.7440185546875
2022-02-16,307.7966613769531,70.17646026611328,420.21441650390625
2022-02-17,292.1166687011719,70.33202362060547,411.23809814453125
2022-02-18,285.6600036621094,70.45298767089844,408.5753479003906
2022-02-22,273.84332275390625,70.40980529785156,404.19061279296875
2022-02-23,254.67999267578125,70.05545806884766,397.02081298828125
2022-02-24,266.92333984375,70.21101379394531,402.9956359863281
2022-02-25,269.9566650390625,70.2715072631836,411.8872985839844
2022-02-28,290.1433410644531,70.79000854492188,410.8335266113281
2022-03-01,288.1233215332031,71.16132354736328,404.5764465332031
2022-03-02,293.2966613769531,70.28714752197266,412.01910400390625
2022-03-03,279.7633361816406,70.59873962402344,409.96783447265625
2022-03-04,279.42999267578125,70.8497543334961,406.6369934082031
2022-03-07,268.1933288574219,70.5035171508789,394.6496887207031
2022-03-08,274.79998779296875,70.17464447021484,391.6575927734375
2022-03-09,286.3233337402344,69.98424530029297,402.158203125
2022-03-10,279.4333190917969,69.612060546875,400.34222412109375
2022-03-11,265.1166687011719,69.56016540527344,395.2518310546875
2022-03-14,255.4566650390625,68.91967010498047,392.36328125
2022-03-15,267.2966613769531,69.03215789794922,400.99151611328125
2022-03-16,280.07666015625,69.13603973388672,409.8831481933594
2022-03-17,290.5333251953125,69.1966323852539,415.0111999511719
2022-03-18,301.7966613769531,69.39569854736328,419.5567626953125
2022-03-21,307.0533447265625,68.68596649169922,419.4339904785156
2022-03-22,331.32666015625,68.51290893554688,424.34197998046875
2022-03-23,333.03668212890625,68.82444763183594,418.8771057128906
2022-03-24,337.97332763671875,68.7379379272461,425.19146728515625
2022-03-25,336.8800048828125,68.13207244873047,427.2679748535156
2022-03-28,363.9466552734375,68.33111572265625,430.3070983886719
2022-03-29,366.5233459472656,68.63406372070312,435.63031005859375
2022-03-30,364.663330078125,68.78985595703125,432.9404296875
2022-03-31,359.20001220703125,68.84175872802734,426.27691650390625
2022-04-01,361.5299987792969,68.69254302978516,427.4850158691406
2022-04-04,381.8166809082031,68.74458312988281,431.1470642089844
2022-04-05,363.7533264160156,68.05049133300781,425.7012023925781
2022-04-06,348.586669921875,67.84222412109375,421.4443664550781
2022-04-07,352.4200134277344,67.70339965820312,423.5679626464844
2022-04-08,341.8299865722656,67.33899688720703,422.4354248046875
2022-04-11,325.30999755859375,67.02664947509766,415.2150573730469
2022-04-12,328.98333740234375,67.2435302734375,413.6766357421875
2022-04-13,340.7900085449219,67.32164001464844,418.41461181640625
2022-04-14,328.3333435058594,66.86176300048828,413.2046813964844
2022-04-18,334.7633361816406,66.64485168457031,413.3746337890625
2022-04-19,342.7166748046875,66.2283935546875,420.0475158691406
2022-04-20,325.73333740234375,66.64485168457031,419.7360534667969
2022-04-21,336.260009765625,66.28910827636719,413.4595031738281
2022-04-22,335.01666259765625,66.20233917236328,402.1145324707031
2022-04-25,332.67333984375,66.61882781982422,404.44580078125
2022-04-26,292.1400146484375,66.79237365722656,392.73272705078125
2022-04-27,293.836669921875,66.58412170410156,393.8370666503906
2022-04-28,292.5033264160156,66.55809783935547,403.78509521484375
2022-04-29,290.2533264160156,66.10690307617188,388.8629455566406
2022-05-02,300.9800109863281,65.7687759399414,391.2037658691406
2022-05-03,303.0833435058594,65.92522430419922,392.9969787597656
2022-05-04,317.5400085449219,66.3511734008789,404.9648742675781
2022-05-05,291.09332275390625,65.69055938720703,390.5713195800781
2022-05-06,288.54998779296875,65.41238403320312,388.2400207519531
2022-05-09,262.3699951171875,65.70791625976562,375.80963134765625
2022-05-10,266.67999267578125,65.89915466308594,376.677978515625
2022-05-11,244.6666717529297,66.12516784667969,370.6940002441406
2022-05-12,242.6666717529297,66.25556945800781,370.3069763183594
2022-05-13,256.5299987792969,66.01215362548828,379.1603088378906
2022-05-16,241.4566650390625,66.11647033691406,377.62176513671875
2022-05-17,253.8699951171875,65.72530364990234,385.3896179199219
2022-05-18,236.60333251953125,66.00347900390625,369.85394287109375
2022-05-19,236.47332763671875,66.14257049560547,367.5887145996094
2022-05-20,221.3000030517578,66.3425064086914,367.749267578125
2022-05-23,224.96665954589844,66.10779571533203,374.6298522949219
2022-05-24,209.3866729736328,66.64671325683594,371.7699279785156
2022-05-25,219.60000610351562,66.91620635986328,375.0545654296875
2022-05-26,235.91000366210938,66.84667205810547,382.54864501953125
2022-05-27,253.2100067138672,67.03790283203125,391.93988037109375
2022-05-31,252.75332641601562,66.6554183959961,389.7407531738281
2022-06-01,246.7899932861328,66.3575439453125,386.58831787109375
2022-06-02,258.3333435058594,66.41852569580078,393.9503173828125
2022-06-03,234.51666259765625,66.32271575927734,387.4849548339844
2022-06-06,238.27999877929688,65.9308090209961,388.6647644042969
2022-06-07,238.8866729736328,66.15721130371094,392.3929443359375
2022-06-08,241.86666870117188,65.88725280761719,388.1268005371094
2022-06-09,239.7066650390625,65.80015563964844,378.8959655761719
2022-06-10,232.22999572753906,65.24275970458984,367.90960693359375
2022-06-13,215.73666381835938,64.18889617919922,353.9408264160156
2022-06-14,220.88999938964844,63.840511322021484,352.87432861328125
2022-06-15,233.0,64.57211303710938,357.9049987792969
2022-06-16,213.10000610351562,64.71148681640625,346.0597839355469
2022-06-17,216.75999450683594,64.7463150024414,346.80572509765625
2022-06-21,237.0366668701172,64.45018005371094,355.5361022949219
2022-06-22,236.086669921875,64.98145294189453,354.8916015625
2022-06-23,235.07000732421875,65.29499053955078,358.370361328125
2022-06-24,245.7066650390625,65.17308044433594,369.76434326171875
2022-06-27,244.9199981689453,64.85952758789062,368.35198974609375
2022-06-28,232.663330078125,64.89435577392578,360.8254699707031
2022-06-29,228.49000549316406,65.26888275146484,360.53167724609375
2022-06-30,224.47332763671875,65.54759979248047,357.6025390625
2022-07-01,227.26333618164062,66.07027435302734,361.3847961425781
2022-07-05,233.06666564941406,66.1837387084961,362.0672302246094
2022-07-06,231.73333740234375,65.7823257446289,363.2900085449219
2022-07-07,244.5433349609375,65.59908294677734,368.7311096191406
2022-07-08,250.76333618164062,65.38089752197266,368.4278259277344
2022-07-11,234.3433380126953,65.62525177001953,364.2190246582031
2022-07-12,233.07000732421875,65.73870849609375,360.9960632324219
2022-07-13,237.0399932861328,65.94815063476562,359.1002502441406
2022-07-14,238.31333923339844,65.73870849609375,358.2281494140625
2022-07-15,240.06666564941406,65.97431182861328,365.0721740722656
2022-07-18,240.54666137695312,65.77359008789062,362.0577697753906
2022-07-19,245.52999877929688,65.72122955322266,371.8403015136719
2022-07-20,247.5,65.66011810302734,374.2101135253906
2022-07-21,271.7066650390625,66.20123291015625,378.02069091796875
2022-07-22,272.24334716796875,66.74227905273438,374.5134582519531
2022-07-25,268.4333190917969,66.49793243408203,374.9684143066406
2022-07-26,258.8599853515625,66.51539611816406,370.53216552734375
2022-07-27,274.82000732421875,66.69865417480469,380.1535949707031
2022-07-28,280.8999938964844,67.16114807128906,384.9216003417969
2022-07-29,297.1499938964844,67.10880279541016,390.533203125
2022-08-01,297.27667236328125,67.39999389648438,389.3768310546875
2022-08-02,300.586669921875,66.71793365478516,386.80792236328125
2022-08-03,307.39666748046875,67.05021667480469,392.8651123046875
2022-08-04,308.6333312988281,67.21635437011719,392.5997314453125
2022-08-05,288.1700134277344,66.45561218261719,391.93621826171875
2022-08-08,290.42333984375,66.75292205810547,391.481201171875
2022-08-09,283.3333435058594,66.60424041748047,389.9266052246094
2022-08-10,294.3566589355469,66.78784942626953,398.11663818359375
2022-08-11,286.6300048828125,66.41188049316406,398.11663818359375
2022-08-12,300.0299987792969,66.71793365478516,404.8563232421875
2022-08-15,309.32000732421875,66.78784942626953,406.52471923828125
2022-08-16,306.5633239746094,66.70045471191406,407.3209228515625
2022-08-17,303.9966735839844,66.30695343017578,404.4297790527344
2022-08-18,302.8699951171875,66.42940521240234,405.6051940917969
2022-08-19,296.6666564941406,66.00967407226562,400.1546630859375
2022-08-22,289.913330078125,65.71234893798828,391.8223876953125
2022-08-23,296.4533386230469,65.6861343383789,390.8745422363281
2022-08-24,297.0966796875,65.52000427246094,392.12579345703125
2022-08-25,296.07000732421875,65.87848663330078,397.6616516113281
2022-08-26,288.0899963378906,65.7473373413086,384.2012023925781
2022-08-29,284.82000732421875,65.45002746582031,381.6607666015625
2022-08-30,277.70001220703125,65.50249481201172,377.4708557128906
2022-08-31,275.6099853515625,65.23143005371094,374.5987243652344
2022-09-01,277.1600036621094,64.8774185180664,375.77423095703125
2022-09-02,270.2099914550781,65.04389190673828,371.8118591308594
2022-09-06,274.4200134277344,64.45682525634766,370.4089660644531
2022-09-07,283.70001220703125,64.92121887207031,377.0633239746094
2022-09-08,289.260009765625,64.7197036743164,379.5279235839844
2022-09-09,299.67999267578125,64.69342041015625,385.4239807128906
2022-09-12,304.4200134277344,64.61454772949219,389.56640625
2022-09-13,292.1300048828125,64.29033660888672,372.6270751953125
2022-09-14,302.6099853515625,64.36920166015625,374.0489196777344
2022-09-15,303.75,64.1764144897461,369.8022155761719
2022-09-16,303.3500061035156,64.10633087158203,366.9811096191406
2022-09-19,309.07000732421875,64.06251525878906,369.8270263671875
2022-09-20,308.7300109863281,63.74706268310547,365.5819091796875
2022-09-21,300.79998779296875,63.92229080200195,359.20477294921875
2022-09-22,288.5899963378906,63.265098571777344,356.1874694824219
2022-09-23,275.3299865722656,63.08989715576172,350.2196960449219
2022-09-26,276.010009765625,62.28373718261719,346.75506591796875
2022-09-27,282.94000244140625,62.01209259033203,345.869873046875
2022-09-28,287.80999755859375,62.975982666015625,352.67529296875
2022-09-29,268.2099914550781,62.65174102783203,345.308349609375
2022-09-30,265.25,62.50278854370117,339.96856689453125
2022-10-03,242.39999389648438,63.026180267333984,348.9442443847656
2022-10-04,249.44000244140625,63.18423843383789,359.7568359375
2022-10-05,240.80999755859375,62.85053253173828,358.9192199707031
2022-10-06,238.1300048828125,62.61343765258789,355.2166748046875
2022-10-07,223.07000732421875,62.28852081298828,345.308349609375
2022-10-10,222.9600067138672,62.00750732421875,342.6717529296875
2022-10-11,216.5,62.02507400512695,340.5016174316406
2022-10-12,217.24000549316406,62.09532165527344,339.3785095214844
2022-10-13,221.72000122070312,61.87576675415039,348.3350830078125
2022-10-14,204.99000549316406,61.57719421386719,340.3969421386719
2022-10-17,219.35000610351562,61.70893096923828,349.1441345214844
2022-10-18,220.19000244140625,61.849449157714844,353.2464294433594
2022-10-19,222.0399932861328,61.340091705322266,350.7431945800781
2022-10-20,207.27999877929688,60.9273567199707,347.80206298828125
2022-10-21,214.44000244140625,61.03274154663086,356.2542724609375
2022-10-24,211.25,60.944915771484375,360.6134033203125
2022-10-25,222.4199981689453,61.524497985839844,366.3719482421875
2022-10-26,224.63999938964844,61.77039337158203,363.6116943359375
2022-10-27,225.08999633789062,62.09532165527344,361.66998291015625
2022-10-28,228.52000427246094,61.97235107421875,370.27435302734375
2022-10-31,227.5399932861328,61.779197692871094,367.5997314453125
2022-11-01,227.82000732421875,61.843448638916016,365.9912109375
2022-11-02,214.97999572753906,61.74661636352539,356.80615234375
2022-11-03,215.30999755859375,61.50894546508789,353.1322021484375
2022-11-04,207.47000122070312,61.52655029296875,358.2148742675781
2022-11-07,197.0800018310547,61.288883209228516,361.64141845703125
2022-11-08,191.3000030517578,61.56175994873047,363.592529296875
2022-11-09,177.58999633789062,61.6497802734375,356.10186767578125
2022-11-10,190.72000122070312,62.92608642578125,375.671142578125
2022-11-11,195.97000122070312,62.92608642578125,379.3070983886719
2022-11-14,190.9499969482422,62.723655700683594,376.0804138183594
2022-11-15,194.4199981689453,63.16374969482422,379.2879943847656
2022-11-16,186.9199981689453,63.52462387084961,376.3944396972656
2022-11-17,183.1699981689453,63.260589599609375,375.2427978515625
2022-11-18,180.19000244140625,63.15496063232422,376.9465026855469
2022-11-21,167.8699951171875,63.15496063232422,375.5758972167969
2022-11-22,169.91000366210938,63.48061752319336,380.630126953125
2022-11-23,183.1999969482422,63.867919921875,383.0286560058594
2022-11-25,182.86000061035156,63.867919921875,382.94293212890625
2022-11-28,182.9199981689453,63.7886962890625,376.83233642578125
2022-11-29,180.8300018310547,63.55103302001953,376.18511962890625
2022-11-30,194.6999969482422,64.04397583007812,388.0351867675781
2022-12-01,194.6999969482422,64.57769012451172,387.7496337890625
2022-12-02,194.86000061035156,64.84233093261719,387.30224609375
2022-12-05,182.4499969482422,64.33067321777344,380.33502197265625
2022-12-06,179.82000732421875,64.54241180419922,374.8525695800781
2022-12-07,174.0399932861328,65.10701751708984,374.2148742675781
2022-12-08,173.44000244140625,64.92176055908203,377.1465148925781
2022-12-09,179.0500030517578,64.54241180419922,374.3290710449219
2022-12-12,167.82000732421875,64.54241180419922,379.7258605957031
2022-12-13,160.9499969482422,64.9834976196289,382.6003723144531
2022-12-14,156.8000030517578,65.1423110961914,380.1542663574219
2022-12-15,157.6699981689453,65.17758178710938,370.8550109863281
2022-12-16,150.22999572753906,65.00997161865234,366.47662353515625
2022-12-19,149.8699951171875,64.62181091308594,363.36895751953125
2022-12-20,137.8000030517578,64.19833374023438,363.8662109375
2022-12-21,137.57000732421875,64.34831237792969,369.3069763183594
2022-12-22,125.3499984741211,64.3395004272461,364.0382995605469
2022-12-23,123.1500015258789,64.13787078857422,366.1324157714844
2022-12-27,109.0999984741211,63.64267349243164,364.6885681152344
2022-12-28,112.70999908447266,63.55426788330078,360.1562194824219
2022-12-29,121.81999969482422,63.79300308227539,366.63916015625
2022-12-30,123.18000030517578,63.527706146240234,365.6733703613281
2023-01-03,108.0999984741211,63.86375045776367,364.13397216796875
2023-01-04,113.63999938964844,64.2263412475586,366.9450988769531
2023-01-05,110.33999633789062,64.15555572509766,362.75701904296875
2023-01-06,113.05999755859375,64.86299896240234,371.07586669921875
2023-01-09,119.7699966430664,65.03984832763672,370.8654479980469
2023-01-10,118.8499984741211,64.78340911865234,373.46630859375
2023-01-11,123.22000122070312,65.1282958984375,378.18994140625
2023-01-12,123.55999755859375,65.63232421875,379.5667419433594
2023-01-13,122.4000015258789,65.41126251220703,381.03924560546875
2023-01-17,131.49000549316406,65.32283782958984,380.3412780761719
2023-01-18,128.77999877929688,65.92415618896484,374.33642578125
2023-01-19,127.16999816894531,65.79150390625,371.611328125
2023-01-20,133.4199981689453,65.49968719482422,378.5340881347656
2023-01-23,143.75,65.34053039550781,383.07598876953125
2023-01-24,143.88999938964844,65.63232421875,382.6647644042969
2023-01-25,144.42999267578125,65.71192169189453,382.8082275390625
2023-01-26,160.27000427246094,65.58812713623047,387.0154113769531
2023-01-27,177.89999389648438,65.51739501953125,387.9046630859375
2023-01-30,166.66000366210938,65.33165740966797,383.03778076171875
2023-01-31,173.22000122070312,65.63232421875,388.669677734375
2023-02-01,181.41000366210938,66.05424499511719,392.80035400390625
2023-02-02,188.27000427246094,66.09856414794922,398.5183410644531
2023-02-03,189.97999572753906,65.51356506347656,394.2824401855469
2023-02-06,194.75999450683594,65.1058349609375,391.8728332519531
2023-02-07,196.80999755859375,65.01717376708984,396.9979553222656
2023-02-08,201.2899932861328,65.13240814208984,392.65692138671875
2023-02-09,207.32000732421875,64.86648559570312,389.2529296875
2023-02-10,196.88999938964844,64.59171295166016,390.1612854003906
2023-02-13,194.63999938964844,64.76896667480469,394.74139404296875
2023-02-14,209.25,64.5473861694336,394.5597839355469
2023-02-15,214.24000549316406,64.40555572509766,395.84100341796875
2023-02-16,202.0399932861328,64.15740203857422,390.3907775878906
2023-02-17,208.30999755859375,64.29918670654297,389.4154968261719
2023-02-21,197.3699951171875,63.74076843261719,381.6034851074219
2023-02-22,200.86000061035156,63.882591247558594,381.0775451660156
2023-02-23,202.07000732421875,64.11306762695312,383.10467529296875
2023-02-24,196.8800048828125,63.75849533081055,379.0121765136719
2023-02-27,207.6300048828125,63.86485290527344,380.30316162109375
2023-02-28,205.7100067138672,63.882591247558594,378.8974609375
2023-03-01,202.77000427246094,63.504146575927734,377.444091796875
2023-03-02,190.89999389648438,63.370887756347656,380.3794860839844
2023-03-03,197.7899932861328,63.85948944091797,386.4800109863281
2023-03-06,193.80999755859375,63.708457946777344,386.7476806640625
2023-03-07,187.7100067138672,63.63739013671875,380.81939697265625
2023-03-08,182.0,63.58405303955078,381.4408874511719
2023-03-09,172.9199981689453,63.797306060791016,374.4033508300781
2023-03-10,173.44000244140625,64.56131744384766,369.00091552734375
2023-03-13,174.47999572753906,65.07660675048828,368.4750061035156
2023-03-14,183.25999450683594,64.66796112060547,374.5659484863281
2023-03-15,180.4499969482422,65.33427429199219,372.2232971191406
2023-03-16,184.1300048828125,65.0233154296875,378.7539978027344
2023-03-17,180.1300048828125,65.49415588378906,374.3253173828125
2023-03-20,183.25,65.20987701416016,377.9246826171875
2023-03-21,197.5800018310547,65.0322036743164,382.8870544433594
2023-03-22,191.14999389648438,65.60966491699219,376.36016845703125
2023-03-23,192.22000122070312,65.76070404052734,377.37762451171875
2023-03-24,190.41000366210938,65.89396667480469,379.85400390625
2023-03-27,191.80999755859375,65.20987701416016,380.56427001953125
2023-03-28,189.19000244140625,65.09436798095703,379.7100524902344
2023-03-29,193.8800048828125,65.16546630859375,385.22906494140625
2023-03-30,195.27999877929688,65.25431823730469,387.484619140625
2023-03-31,207.4600067138672,65.59190368652344,392.9461364746094
2023-04-03,194.77000427246094,65.87068176269531,394.4434509277344
2023-04-04,192.5800018310547,66.13787841796875,392.25506591796875
2023-04-05,185.52000427246094,66.31597137451172,391.22802734375
2023-04-06,185.05999755859375,66.29817962646484,392.754150390625
2023-04-10,184.50999450683594,65.85286712646484,393.1572265625
2023-04-11,186.7899932861328,65.87957000732422,393.2628479003906
2023-04-12,180.5399932861328,65.9508285522461,391.659912109375
2023-04-13,185.89999389648438,65.91519927978516,396.86224365234375
2023-04-14,185.0,65.62129974365234,395.8927917480469
2023-04-17,187.0399932861328,65.26504516601562,397.3133239746094
2023-04-18,184.30999755859375,65.3630142211914,397.572509765625
2023-04-19,180.58999633789062,65.27395629882812,397.5053405761719
2023-04-20,162.99000549316406,65.55895233154297,395.33612060546875
2023-04-21,165.0800018310547,65.44317626953125,395.643310546875
2023-04-24,162.5500030517578,65.70142364501953,396.05596923828125
2023-04-25,160.6699981689453,66.12897491455078,389.7690734863281
2023-04-26,153.75,65.89740753173828,388.1181640625
2023-04-27,160.19000244140625,65.61239624023438,395.8448181152344
2023-04-28,164.30999755859375,65.97754669189453,399.22344970703125
2023-05-01,161.8300018310547,65.2990493774414,398.8203125
2023-05-02,160.30999755859375,65.94183349609375,394.33782958984375
2023-05-03,160.61000061035156,66.21859741210938,391.631103515625
2023-05-04,161.1999969482422,66.12930297851562,388.8572082519531
2023-05-05,170.05999755859375,65.88826751708984,396.05596923828125
2023-05-08,171.7899932861328,65.57579040527344,396.16156005859375
2023-05-09,169.14999389648438,65.5043716430664,394.42425537109375
2023-05-10,168.5399932861328,65.9061279296875,396.26715087890625
2023-05-11,172.0800018310547,66.12037658691406,395.57611083984375
2023-05-12,167.97999572753906,65.7721939086914,395.0577697753906
2023-05-15,166.35000610351562,65.60259246826172,396.42071533203125
2023-05-16,166.52000427246094,65.4418716430664,393.7715759277344
2023-05-17,173.86000061035156,65.3257827758789,398.5514831542969
2023-05-18,176.88999938964844,65.05799102783203,402.3908386230469
2023-05-19,180.13999938964844,64.87937927246094,401.8053894042969
2023-05-22,188.8699951171875,64.8615493774414,401.9685974121094
2023-05-23,185.77000427246094,64.90618133544922,397.4573059082031
2023-05-24,182.89999389648438,64.72763061523438,394.57781982421875
2023-05-25,184.47000122070312,64.486572265625,397.99481201171875
2023-05-26,193.1699981689453,64.56693267822266,403.1491394042969
2023-05-30,201.16000366210938,64.99549865722656,403.3027038574219
2023-05-31,203.92999267578125,65.20974731445312,401.0662841796875
2023-06-01,207.52000427246094,65.38606262207031,404.8768310546875
2023-06-02,213.97000122070312,65.01909637451172,410.73187255859375
2023-06-05,217.61000061035156,65.02804565429688,409.94476318359375
2023-06-06,221.30999755859375,65.1175537109375,410.83746337890625
2023-06-07,224.57000732421875,64.75056457519531,409.41680908203125
2023-06-08,234.86000061035156,65.07279205322266,411.8931884765625
2023-06-09,244.39999389648438,64.93852996826172,412.63232421875
2023-06-12,249.8300018310547,65.07279205322266,416.3756103515625
2023-06-13,258.7099914550781,64.78638458251953,419.1207275390625
2023-06-14,256.7900085449219,64.8400650024414,419.6198425292969
2023-06-15,255.89999389648438,65.24285125732422,424.8221740722656
2023-06-16,260.5400085449219,65.0996322631836,423.3751525878906
2023-06-20,274.45001220703125,65.18916320800781,421.1785583496094
2023-06-21,259.4599914550781,65.29657745361328,419.02056884765625
2023-06-22,264.6099853515625,64.9832763671875,420.53314208984375
2023-06-23,256.6000061035156,65.17122650146484,417.3539123535156
2023-06-26,241.0500030517578,65.2518081665039,415.6487121582031
2023-06-27,250.2100067138672,65.12649536132812,420.2055969238281
2023-06-28,256.239990234375,65.3323745727539,420.4175109863281
2023-06-29,257.5,64.8400650024414,422.074462890625
2023-06-30,261.7699890136719,65.06382751464844,427.0553283691406
2023-07-03,279.82000732421875,64.8790054321289,427.54669189453125
2023-07-05,282.4800109863281,64.60979461669922,426.9108581542969
2023-07-06,276.5400085449219,64.19698333740234,423.5678405761719
2023-07-07,274.42999267578125,64.16106414794922,422.4984436035156
2023-07-10,269.6099853515625,64.38542938232422,423.5678405761719
2023-07-11,269.7900085449219,64.52001953125,426.26531982421875
2023-07-12,271.989990234375,65.03153991699219,429.695068359375
2023-07-13,277.8999938964844,65.42639923095703,433.1054382324219
2023-07-14,281.3800048828125,65.12127685546875,432.835693359375
2023-07-17,290.3800048828125,65.19306182861328,434.3386535644531
2023-07-18,293.3399963378906,65.27381896972656,437.5660095214844
2023-07-19,291.260009765625,65.42639923095703,438.5390930175781
2023-07-20,262.8999938964844,65.12127685546875,435.62957763671875
2023-07-21,260.0199890136719,65.16612243652344,435.62957763671875
2023-07-24,269.05999755859375,65.05845642089844,437.5756530761719
2023-07-25,265.2799987792969,64.98665618896484,438.770263671875
2023-07-26,264.3500061035156,65.20203399658203,438.837646484375
2023-07-27,255.7100067138672,64.64566040039062,435.9281921386719
2023-07-28,266.44000244140625,64.87002563476562,440.19610595703125
2023-07-31,267.42999267578125,64.98665618896484,441.0342102050781
2023-08-01,261.07000732421875,64.58448028564453,439.7722473144531
2023-08-02,254.11000061035156,64.37752532958984,433.6546325683594
2023-08-03,259.32000732421875,63.98165512084961,432.411865234375
2023-08-04,253.86000061035156,64.51250457763672,430.45611572265625
2023-08-07,251.4499969482422,64.41350555419922,434.21331787109375
2023-08-08,249.6999969482422,64.64744567871094,432.32513427734375
2023-08-09,242.19000244140625,64.66546630859375,429.4349365234375
2023-08-10,245.33999633789062,64.3055648803711,429.58905029296875
2023-08-11,242.64999389648438,64.09860229492188,429.3385314941406
2023-08-14,239.75999450683594,64.01762390136719,431.70855712890625
2023-08-15,232.9600067138672,63.87367630004883,426.67962646484375
2023-08-16,225.60000610351562,63.6937255859375,423.5485534667969
2023-08-17,219.22000122070312,63.630733489990234,420.3211669921875
2023-08-18,215.49000549316406,63.76568603515625,420.5234680175781
2023-08-21,231.27999877929688,63.459774017333984,423.25958251953125
2023-08-22,233.19000244140625,63.5407600402832,422.113037109375
2023-08-23,236.86000061035156,64.11660766601562,426.8144836425781
2023-08-24,230.0399932861328,63.96366500854492,420.8992614746094
2023-08-25,238.58999633789062,63.96366500854492,423.8664245605469
2023-08-28,238.82000732421875,64.08061981201172,426.5543518066406
2023-08-29,257.17999267578125,64.47651672363281,432.7201232910156
2023-08-30,256.8999938964844,64.44951629638672,434.50244140625
2023-08-31,258.0799865722656,64.55747985839844,433.8665466308594
2023-09-01,245.00999450683594,64.24713897705078,434.6758117675781
2023-09-05,256.489990234375,63.89525604248047,432.7972106933594
2023-09-06,251.9199981689453,63.82307052612305,429.8876647949219
2023-09-07,251.49000549316406,64.03961181640625,428.56787109375
2023-09-08,248.5,64.05764770507812,429.2132873535156
2023-09-11,273.5799865722656,63.95840072631836,432.0361022949219
2023-09-12,267.4800109863281,64.00352478027344,429.6661376953125
2023-09-13,271.29998779296875,64.10275268554688,430.16705322265625
2023-09-14,276.0400085449219,63.994503021240234,433.8761901855469
2023-09-15,274.3900146484375,63.86819076538086,428.6487121582031
2023-09-18,265.2799987792969,63.931304931640625,428.900146484375
2023-09-19,266.5,63.796016693115234,428.0106201171875
2023-09-20,262.5899963378906,63.71480941772461,424.07574462890625
2023-09-21,255.6999969482422,63.31782150268555,417.0664978027344
2023-09-22,244.8800048828125,63.5794677734375,416.1287536621094
2023-09-25,246.99000549316406,63.11030960083008,417.87860107421875
2023-09-26,244.1199951171875,63.04716491699219,411.7394714355469
2023-09-27,240.5,62.82159423828125,411.9037780761719
2023-09-28,246.3800048828125,62.984012603759766,414.2917175292969
2023-09-29,250.22000122070312,62.95694351196289,413.28631591796875
2023-10-02,251.60000610351562,62.52450180053711,413.1219787597656
2023-10-03,246.52999877929688,62.017879486083984,407.5918884277344
2023-10-04,261.1600036621094,62.42495346069336,410.5599365234375
2023-10-05,260.04998779296875,62.47021484375,410.4052429199219
2023-10-06,260.5299987792969,62.2259407043457,415.2779235839844
2023-10-09,259.6700134277344,62.859230041503906,417.9366149902344
2023-10-10,263.6199951171875,62.7958869934082,420.11187744140625
2023-10-11,262.989990234375,63.085426330566406,421.8327941894531
2023-10-12,258.8699951171875,62.542579650878906,419.2611389160156
2023-10-13,251.1199951171875,62.83209228515625,417.1728515625
2023-10-16,253.9199981689453,62.50639724731445,421.56207275390625
2023-10-17,254.85000610351562,62.099266052246094,421.54278564453125
2023-10-18,242.67999267578125,61.82786560058594,415.9256286621094
2023-10-19,220.11000061035156,61.55644989013672,412.2712097167969
2023-10-20,211.99000549316406,61.78262710571289,407.20513916015625
2023-10-23,212.0800018310547,62.017879486083984,406.4993591308594
2023-10-24,216.52000427246094,62.2259407043457,409.5641174316406
2023-10-25,212.4199981689453,61.755496978759766,403.6860046386719
2023-10-26,205.75999450683594,62.171653747558594,398.85205078125
2023-10-27,207.3000030517578,62.171653747558594,397.04412841796875
2023-10-30,197.36000061035156,62.017879486083984,401.7911071777344
2023-10-31,200.83999633789062,61.999755859375,404.3144226074219
2023-11-01,205.66000366210938,62.601375579833984,408.6263732910156
2023-11-02,218.50999450683594,62.964351654052734,416.4574279785156
2023-11-03,219.9600067138672,63.33637619018555,420.2569274902344
2023-11-06,219.27000427246094,63.06412124633789,421.2237243652344
2023-11-07,222.17999267578125,63.3817253112793,422.4225158691406
2023-11-08,222.11000061035156,63.58135986328125,422.7319030761719
2023-11-09,209.97999572753906,63.10951232910156,419.43511962890625
2023-11-10,214.64999389648438,63.22745895385742,425.9803161621094
2023-11-13,223.7100067138672,63.209327697753906,425.57427978515625
2023-11-14,237.41000366210938,63.98061752319336,433.8307800292969
2023-11-15,242.83999633789062,63.62672805786133,434.7491455078125
2023-11-16,233.58999633789062,64.00784301757812,435.2809753417969
2023-11-17,234.3000030517578,64.09860229492188,435.8223876953125
2023-11-20,235.60000610351562,64.18931579589844,439.1771240234375
2023-11-21,241.1999969482422,64.28005981445312,438.2200012207031
2023-11-22,234.2100067138672,64.33448791503906,439.91192626953125
2023-11-24,235.4499969482422,64.02598571777344,440.1825866699219
2023-11-27,236.0800018310547,64.4161605834961,439.3898620605469
2023-11-28,246.72000122070312,64.68838500976562,439.82489013671875
2023-11-29,244.13999938964844,65.02411651611328,439.51544189453125
2023-11-30,240.0800018310547,64.81542205810547,441.24609375
2023-12-01,238.8300018310547,65.3441162109375,443.8564453125
2023-12-04,235.5800018310547,65.0802230834961,441.5265197753906
2023-12-05,238.72000122070312,65.49880981445312,441.4394226074219
2023-12-06,239.3699951171875,65.68988800048828,439.6605224609375
2023-12-07,242.63999938964844,65.67168426513672,443.01531982421875
2023-12-08,243.83999633789062,65.35318756103516,444.9199523925781
2023-12-11,239.74000549316406,65.3623046875,446.65045166015625
2023-12-12,237.00999450683594,65.5533676147461,448.69036865234375
2023-12-13,239.2899932861328,66.39057922363281,454.8778381347656
2023-12-14,251.0500030517578,66.89102935791016,456.3377990722656
2023-12-15,253.5,66.79092407226562,455.58642578125
2023-12-18,252.0800018310547,66.65444946289062,458.149169921875
2023-12-19,257.2200012207031,66.7818374633789,460.93505859375
2023-12-20,247.13999938964844,67.00022888183594,454.5477600097656
2023-12-21,254.5,66.99112701416016,458.8577880859375
2023-12-22,252.5399932861328,66.9464111328125,459.7799377441406
2023-12-26,256.6099853515625,67.01029968261719,461.7213134765625
2023-12-27,261.44000244140625,67.43922424316406,462.5561828613281
2023-12-28,253.17999267578125,67.27494812011719,462.73095703125
2023-12-29,248.47999572753906,67.11981201171875,461.3912658691406
2024-01-02,248.4199981689453,66.83690643310547,458.8092041015625
2024-01-03,238.4499969482422,66.89163208007812,455.06231689453125
2024-01-04,237.92999267578125,66.59050750732422,453.596435546875
2024-01-05,237.49000549316406,66.38973236083984,454.2177429199219
2024-01-08,240.4499969482422,66.68175506591797,460.7021484375
2024-01-09,234.9600067138672,66.67264556884766,460.0032043457031
2024-01-10,233.94000244140625,66.55401611328125,462.6047058105469
2024-01-11,227.22000122070312,66.90076446533203,462.4009094238281
2024-01-12,218.88999938964844,67.03766632080078,462.72125244140625
2024-01-16,219.91000366210938,66.56314849853516,461.0224609375
2024-01-17,215.5500030517578,66.40798950195312,458.45977783203125
2024-01-18,211.8800048828125,66.31671142578125,462.5367736816406
2024-01-19,212.19000244140625,66.31671142578125,468.3028259277344
2024-01-22,208.8000030517578,66.42625427246094,469.29296875
2024-01-23,209.13999938964844,66.27111053466797,470.6616516113281
2024-01-24,207.8300018310547,66.13423156738281,471.1761474609375
2024-01-25,182.6300048828125,66.44450378417969,473.7388610839844
2024-01-26,183.25,66.34410095214844,473.1369934082031
2024-01-29,190.92999267578125,66.60875701904297,476.8839416503906
2024-01-30,191.58999633789062,66.72738647460938,476.5151062011719
2024-01-31,187.2899932861328,67.01029968261719,468.7396545410156
2024-02-01,188.86000061035156,67.41481018066406,474.8745422363281
2024-02-02,187.91000366210938,66.8107681274414,479.873779296875
2024-02-05,181.05999755859375,66.27995300292969,478.12646484375
2024-02-06,185.10000610351562,66.59110260009766,479.5146179199219
2024-02-07,187.5800018310547,66.4629898071289,483.5139465332031
2024-02-08,189.55999755859375,66.28911590576172,483.7275390625
2024-02-09,193.57000732421875,66.23417663574219,486.523193359375
2024-02-12,188.1300048828125,66.25249481201172,486.3096008300781
2024-02-13,184.02000427246094,65.67589569091797,479.6116638183594
2024-02-14,188.7100067138672,65.92301940917969,483.9701843261719
2024-02-15,200.4499969482422,66.1060562133789,487.3094482421875
2024-02-16,199.9499969482422,65.89555358886719,484.8827209472656
2024-02-20,193.75999450683594,65.97793579101562,482.213134765625
2024-02-21,194.77000427246094,65.79487609863281,482.6500244140625
2024-02-22,197.41000366210938,65.82234191894531,492.638671875
2024-02-23,191.97000122070312,66.060302734375,492.97845458984375
2024-02-26,199.39999389648438,65.94132232666016,491.1728820800781
2024-02-27,199.72999572753906,65.84066009521484,492.0853576660156
2024-02-28,202.0399932861328,65.98709106445312,491.4349670410156
2024-02-29,201.8800048828125,66.09691619873047,493.2016906738281
2024-03-01,202.63999938964844,66.37406921386719,497.83197021484375
2024-03-04,188.13999938964844,66.21806335449219,497.29815673828125
2024-03-05,180.74000549316406,66.57600402832031,492.3280029296875
2024-03-06,176.5399932861328,66.69529724121094,494.82281494140625
2024-03-07,178.64999389648438,66.80543518066406,499.734619140625
2024-03-08,175.33999633789062,66.86968994140625,496.7351379394531
2024-03-11,177.77000427246094,66.8421630859375,496.3079833984375
2024-03-12,177.5399932861328,66.64022827148438,501.64697265625
2024-03-13,169.47999572753906,66.53009796142578,500.86065673828125
2024-03-14,162.5,66.13545989990234,499.8705749511719
2024-03-15,163.57000732421875,66.09874725341797,496.4381103515625
2024-03-18,173.8000030517578,66.01614379882812,499.3885192871094
2024-03-19,171.32000732421875,66.1905288696289,502.1636657714844
2024-03-20,175.66000366210938,66.30982971191406,506.8083801269531
2024-03-21,172.82000732421875,66.3648910522461,508.4832458496094
2024-03-22,170.8300018310547,66.5851821899414,507.519287109375
2024-03-25,172.6300048828125,66.45667266845703,506.1170959472656
2024-03-26,177.6699981689453,66.5117416381836,505.1822204589844
2024-03-27,179.8300018310547,66.74120330810547,509.4277038574219
2024-03-28,175.7899932861328,66.6585922241211,509.330322265625
2024-04-01,175.22000122070312,66.20386505126953,508.4442138671875
2024-04-02,166.6300048828125,66.13019561767578,505.2114562988281
2024-04-03,168.3800048828125,66.1762466430664,505.7664794921875
2024-04-04,171.11000061035156,66.3143081665039,499.5930480957031
2024-04-05,164.89999389648438,65.9829330444336,504.81219482421875
2024-04-08,172.97999572753906,65.92769622802734,505.0945739746094
2024-04-09,176.8800048828125,66.16703796386719,505.6788330078125
2024-04-10,171.75999450683594,65.39379119873047,500.6153869628906
2024-04-11,174.60000610351562,65.39379119873047,504.3935241699219
2024-04-12,171.0500030517578,65.54109954833984,497.431396484375
2024-04-15,161.47999572753906,65.10845184326172,491.1994934082031
2024-04-16,157.11000061035156,64.94274139404297,490.3036193847656
2024-04-17,155.4499969482422,65.25569152832031,487.4018859863281
2024-04-18,149.92999267578125,65.08081817626953,486.3989562988281
2024-04-19,147.0500030517578,65.16365814208984,482.1534729003906
2024-04-22,142.0500030517578,65.1912841796875,486.5937194824219
2024-04-23,144.67999267578125,65.3109359741211,492.3678894042969
2024-04-24,162.1300048828125,65.1452407836914,492.1342468261719
2024-04-25,170.17999267578125,64.96114349365234,490.2646789550781
2024-04-26,168.2899932861328,65.10845184326172,494.9093322753906
2024-04-29,194.0500030517578,65.30175018310547,496.6620788574219
2024-04-30,183.27999877929688,65.0531997680664,488.7943115234375
2024-05-01,179.99000549316406,65.2877197265625,487.2071838378906
2024-05-02,180.00999450683594,65.54625701904297,491.7641906738281
2024-05-03,181.19000244140625,65.8786392211914,497.85980224609375
2024-05-06,184.75999450683594,65.94329071044922,503.0011291503906
2024-05-07,177.80999755859375,66.07252502441406,503.5561218261719
2024-05-08,174.72000122070312,65.91557312011719,503.6047668457031
2024-05-09,171.97000122070312,66.09100341796875,506.50653076171875
2024-05-10,168.47000122070312,65.90635681152344,507.15899658203125
2024-05-13,171.88999938964844,65.96172332763672,507.2270202636719
2024-05-14,177.5500030517578,66.1556625366211,509.5542297363281
2024-05-15,173.99000549316406,66.58037567138672,515.8641357421875
2024-05-16,174.83999633789062,66.46957397460938,514.802734375
2024-05-17,177.4600067138672,66.30337524414062,515.5428466796875
2024-05-20,174.9499969482422,66.23873901367188,516.13671875
2024-05-21,186.60000610351562,66.37724304199219,517.4025268554688
2024-05-22,180.11000061035156,66.29412841796875,515.912841796875
2024-05-23,173.74000549316406,66.1002426147461,512.1444091796875
2024-05-24,179.24000549316406,66.1740951538086,515.5330810546875
2024-05-28,176.75,65.86018371582031,515.893310546875
2024-05-29,176.19000244140625,65.62013244628906,512.28076171875
2024-05-30,178.7899932861328,65.90635681152344,508.8824768066406
2024-05-31,178.0800018310547,66.14640045166016,513.5174560546875
2024-06-03,176.2899932861328,66.51595306396484,513.93603515625
2024-06-04,174.77000427246094,66.7660140991211,514.5106201171875
2024-06-05,175.0,66.95125579833984,520.6256103515625
2024-06-06,177.94000244140625,66.96050262451172,520.6159057617188
2024-06-07,177.47999572753906,66.42333984375,519.9830322265625
2024-06-10,173.7899932861328,66.32145690917969,521.589599609375
2024-06-11,170.66000366210938,66.59001922607422,522.8458251953125
2024-06-12,177.2899932861328,66.8956527709961,527.1399536132812
2024-06-13,182.47000122070312,67.19202423095703,528.2013549804688
2024-06-14,178.00999450683594,67.29390716552734,528.5227661132812
2024-06-17,187.44000244140625,67.0438461303711,532.7291870117188
2024-06-18,184.86000061035156,67.27538299560547,534.0826416015625
2024-06-20,181.57000732421875,67.14571380615234,532.6318359375
2024-06-21,183.00999450683594,67.16422271728516,531.917724609375
2024-06-24,182.5800018310547,67.2012939453125,530.1885986328125
2024-06-25,187.35000610351562,67.23834228515625,532.2303466796875
2024-06-26,196.3699951171875,66.9234619140625,532.8945922851562
2024-06-27,197.4199981689453,67.0438461303711,533.734619140625
2024-06-28,197.8800048828125,66.72895812988281,531.6343383789062
2024-07-01,209.86000061035156,66.37686157226562,532.728515625
2024-07-02,231.25999450683594,66.57194519042969,536.3135986328125
2024-07-03,246.38999938964844,66.95284271240234,538.70703125
2024-07-05,251.52000427246094,67.25941467285156,541.8133544921875
2024-07-08,252.94000244140625,67.25941467285156,542.4386596679688
2024-07-09,262.3299865722656,67.2315444946289,542.9661254882812
2024-07-10,263.260009765625,67.28728485107422,548.3389892578125
2024-07-11,241.02999877929688,67.62171936035156,543.61083984375
2024-07-12,248.22999572753906,67.79824829101562,547.0396728515625
2024-07-15,252.63999938964844,67.58455657958984,548.5441284179688
2024-07-16,256.55999755859375,67.84468841552734,551.7969970703125
2024-07-17,248.5,67.90971374511719,544.0601806640625
2024-07-18,249.22999572753906,67.73320770263672,539.879150390625
2024-07-19,239.1999969482422,67.55669403076172,536.2940673828125
2024-07-22,251.50999450683594,67.52880096435547,541.8232421875
2024-07-23,246.3800048828125,67.5381088256836,540.9734497070312
2024-07-24,215.99000549316406,67.343017578125,528.7135009765625
2024-07-25,220.25,67.4916763305664,525.9588012695312
2024-07-26,219.8000030517578,67.76107025146484,531.8493041992188
2024-07-29,232.10000610351562,67.84468841552734,532.1619262695312
2024-07-30,222.6199951171875,67.92829132080078,529.4656982421875
2024-07-31,232.07000732421875,68.29988861083984,538.0718994140625
2024-08-01,216.86000061035156,68.55522155761719,530.4523315429688
2024-08-02,207.6699981689453,69.33795928955078,520.5762329101562
2024-08-05,198.8800048828125,69.2727279663086,505.4151611328125
2024-08-06,200.63999938964844,68.84407806396484,510.0747985839844
2024-08-07,191.75999450683594,68.67636108398438,506.6654968261719
2024-08-08,198.83999633789062,68.5738525390625,518.3782348632812
2024-08-09,200.0,68.81613159179688,520.6640014648438
2024-08-12,197.49000549316406,68.93727111816406,520.9376831054688
2024-08-13,207.8300018310547,69.19818115234375,529.5046997070312
2024-08-14,201.3800048828125,69.32862091064453,531.17529296875
2024-08-15,214.13999938964844,69.03976440429688,540.2797241210938
2024-08-16,216.1199951171875,69.18887329101562,541.4910278320312
2024-08-19,222.72000122070312,69.2727279663086,546.66845703125
2024-08-20,221.10000610351562,69.47773742675781,545.7794799804688
2024-08-21,223.27000427246094,69.6268310546875,547.6551513671875
2024-08-22,210.66000366210938,69.34727478027344,543.3568115234375
2024-08-23,220.32000732421875,69.65478515625,549.1301879882812
2024-08-26,213.2100067138672,69.58023071289062,547.8211669921875
2024-08-27,209.2100067138672,69.58023071289062,548.5733032226562
2024-08-28,205.75,69.53363800048828,545.3888549804688
2024-08-29,206.27999877929688,69.4311294555664,545.4375610351562
2024-08-30,214.11000061035156,69.29136657714844,550.6443481445312
2024-09-03,210.60000610351562,69.58670806884766,539.3126831054688
2024-09-04,219.41000366210938,69.8951644897461,538.2088012695312
2024-09-05,230.1699981689453,70.06340789794922,536.8997192382812
2024-09-06,210.72999572753906,70.14754486083984,527.8637084960938
2024-09-09,216.27000427246094,70.24100494384766,533.7737426757812
2024-09-10,226.1699981689453,70.47464752197266,536.0986938476562
2024-09-11,228.1300048828125,70.4372787475586,541.5984497070312
2024-09-12,229.80999755859375,70.36250305175781,546.1605224609375
2024-09-13,230.2899932861328,70.51206970214844,549.0128784179688
2024-09-16,226.77999877929688,70.69898986816406,549.8238525390625
2024-09-17,227.8699951171875,70.60553741455078,550.0484008789062
2024-09-18,227.1999969482422,70.39053344726562,548.4171142578125
2024-09-19,243.9199981689453,70.39053344726562,557.7755126953125
2024-09-20,238.25,70.38118743896484,556.8113403320312
2024-09-23,250.0,70.33446502685547,558.2027587890625
2024-09-24,254.27000427246094,70.4185791015625,559.800048828125
2024-09-25,257.0199890136719,70.15689086914062,558.5652465820312
2024-09-26,254.22000122070312,70.15689086914062,560.77978515625
2024-09-27,260.4599914550781,70.36250305175781,559.9664916992188
2024-09-30,261.6300048828125,70.20361328125,562.2103881835938
2024-10-01,258.0199890136719,70.41078186035156,557.1739501953125
2024-10-02,249.02000427246094,70.279541015625,557.4090576171875
2024-10-03,240.66000366210938,69.97018432617188,556.3900756835938
2024-10-04,250.0800018310547,69.51083374023438,561.4461669921875
2024-10-07,240.8300018310547,69.30461883544922,556.3704833984375
2024-10-08,244.5,69.4077377319336,561.63232421875
2024-10-09,241.0500030517578,69.22023010253906,565.5223999023438
2024-10-10,238.77000427246094,69.19212341308594,564.5326538085938
2024-10-11,217.8000030517578,69.20148468017578,567.9132690429688
2024-10-14,219.16000366210938,69.15461730957031,572.5579223632812
2024-10-15,219.57000732421875,69.42646789550781,568.1093139648438
2024-10-16,221.3300018310547,69.52022552490234,570.5784912109375
2024-10-17,220.88999938964844,69.1827392578125,570.6275024414062
2024-10-18,220.6999969482422,69.22023010253906,572.8224487304688
2024-10-21,218.85000610351562,68.75152587890625,571.8817749023438
2024-10-22,217.97000122070312,68.77963256835938,571.5780639648438
2024-10-23,213.64999389648438,68.61090850830078,566.355224609375
2024-10-24,260.4800109863281,68.723388671875,567.5801391601562
2024-10-25,269.19000244140625,68.58279418945312,567.3840942382812
2024-10-28,262.510009765625,68.49842071533203,569.1380615234375
2024-10-29,259.5199890136719,68.55464172363281,570.0592651367188
2024-10-30,257.54998779296875,68.48904418945312,568.3346557617188
2024-10-31,249.85000610351562,68.47966003417969,557.1935424804688
2024-11-01,248.97999572753906,68.21446228027344,559.545166015625
2024-11-04,242.83999633789062,68.48719024658203,558.3399047851562
2024-11-05,251.44000244140625,68.65644073486328,565.0912475585938
2024-11-06,288.5299987792969,68.09222412109375,579.142578125
2024-11-07,296.9100036621094,68.60002899169922,583.6206665039062
2024-11-08,321.2200012207031,68.73168182373047,586.1486206054688
2024-11-11,350.0,68.60002899169922,586.7071533203125
2024-11-12,328.489990234375,68.18628692626953,584.8845825195312
2024-11-13,330.239990234375,68.15805053710938,585.1688232421875
2024-11-14,311.17999267578125,68.13925170898438,581.4061279296875
2024-11-15,320.7200012207031,68.15805053710938,573.9591064453125
2024-11-18,338.739990234375,68.22386932373047,576.3108520507812
2024-11-19,346.0,68.34613800048828,578.4174194335938
2024-11-20,342.0299987792969,68.27091979980469,578.6133422851562
2024-11-21,339.6400146484375,68.23330688476562,581.7196655273438
2024-11-22,352.55999755859375,68.2614974975586,583.5225830078125
2024-11-25,338.5899963378906,68.89154052734375,585.501953125
2024-11-26,338.2300109863281,68.76927947998047,588.5591430664062
2024-11-27,332.8900146484375,68.9573745727539,586.7758178710938
2024-11-29,345.1600036621094,69.21127319335938,590.4209594726562
2024-12-02,357.0899963378906,69.25181579589844,591.4791259765625
2024-12-03,351.4200134277344,69.09147644042969,591.7534790039062
2024-12-04,357.92999267578125,69.32728576660156,595.427978515625
2024-12-05,369.489990234375,69.33670806884766,594.4481201171875
2024-12-06,389.2200012207031,69.52537536621094,595.5750732421875
2024-12-09,389.7900085449219,69.31786346435547,592.508056640625
2024-12-10,400.989990234375,69.2424087524414,590.6659545898438
2024-12-11,424.7699890136719,69.09147644042969,595.2321166992188
2024-12-12,418.1000061035156,68.81795501708984,592.1651611328125
2024-12-13,436.2300109863281,68.54441833496094,592.0474243164062
2024-12-16,463.0199890136719,68.61986541748047,594.5755615234375
2024-12-17,479.8599853515625,68.62930297851562,592.1259765625
2024-12-18,440.1300048828125,68.0916748046875,574.4784545898438
2024-12-19,436.1700134277344,67.90302276611328,574.3020629882812
2024-12-20,421.05999755859375,68.11052703857422,581.2000122070312
2024-12-23,430.6000061035156,67.8935775756836,584.6803588867188
2024-12-24,462.2799987792969,67.99102020263672,591.1790771484375
2024-12-26,454.1300048828125,68.03837585449219,591.2183837890625
2024-12-27,431.6600036621094,67.89642333984375,584.9949951171875
2024-12-30,417.4100036621094,68.1613998413086,578.3192749023438
2024-12-31,403.8399963378906,68.04782104492188,576.21533203125
2025-01-02,379.2799987792969,68.07621765136719,574.7994995117188
2025-01-03,410.44000244140625,67.99102020263672,581.9864501953125
2025-01-06,411.04998779296875,67.92479705810547,585.339111328125
2025-01-07,394.3599853515625,67.68822479248047,578.7223510742188
2025-01-08,394.94000244140625,67.76393127441406,579.56787109375
2025-01-10,394.739990234375,67.413818359375,570.7192993164062
2025-01-13,403.30999755859375,67.34756469726562,571.6043090820312
2025-01-14,396.3599853515625,67.3948745727539,572.3908081054688
2025-01-15,428.2200012207031,67.93425750732422,582.8025512695312
2025-01-16,413.82000732421875,68.06676483154297,581.6817016601562
2025-01-17,426.5,68.0856704711914,587.5217895507812
2025-01-21,424.07000732421875,68.28443145751953,592.8995971679688
2025-01-22,415.1099853515625,68.1424560546875,596.2326049804688
2025-01-23,412.3800048828125,68.03837585449219,599.48681640625
2025-01-24,406.5799865722656,68.17084503173828,597.7367553710938
2025-01-27,397.1499938964844,68.53043365478516,589.2815551757812
2025-01-28,398.0899963378906,68.49256896972656,594.3449096679688
2025-01-29,389.1000061035156,68.45471954345703,591.6806030273438
2025-01-30,400.2799987792969,68.54936218261719,594.8560791015625
2025-01-31,404.6000061035156,68.45471954345703,591.6903076171875
2025-02-03,383.67999267578125,68.51644897460938,587.70849609375
2025-02-04,392.2099914550781,68.61138153076172,591.6510620117188
2025-02-05,378.1700134277344,68.962646484375,594.0499877929688
2025-02-06,374.32000732421875,68.88668823242188,596.1146240234375
2025-02-07,361.6199951171875,68.6778335571289,590.6580810546875
2025-02-10,350.7300109863281,68.69683837890625,594.6693115234375
2025-02-11,328.5,68.58290100097656,595.12158203125
2025-02-12,336.510009765625,68.23163604736328,593.2044677734375
2025-02-13,355.94000244140625,68.6398696899414,599.4671630859375
2025-02-14,355.8399963378906,68.85821533203125,599.4376831054688
2025-02-18,354.1099853515625,68.60187530517578,601.1975708007812
2025-02-19,360.55999755859375,68.69683837890625,602.6133422851562
2025-02-20,354.3999938964844,68.78226470947266,600.1062622070312
2025-02-21,337.79998779296875,69.08607482910156,589.8421020507812
2025-02-24,330.5299987792969,69.18102264404297,587.157958984375
2025-02-25,302.79998779296875,69.61771392822266,584.2379150390625
2025-02-26,290.79998779296875,69.72216796875,584.5328369140625
2025-02-27,281.95001220703125,69.63670349121094,575.2025756835938
2025-02-28,292.9800109863281,69.93101501464844,584.1788940429688
2025-03-03,284.6499938964844,70.09193420410156,573.9442138671875
2025-03-04,272.0400085449219,69.89197540283203,567.1504516601562
2025-03-05,279.1000061035156,69.64439392089844,573.2459716796875
2025-03-06,263.45001220703125,69.58726501464844,563.0703125
2025-03-07,262.6700134277344,69.51109313964844,566.2261962890625
2025-03-10,222.14999389648438,69.83483123779297,551.1445922851562
2025-03-11,230.5800018310547,69.56820678710938,546.5629272460938
2025-03-12,248.08999633789062,69.42539978027344,549.4632568359375
2025-03-13,240.67999267578125,69.63487243652344,542.1386108398438
2025-03-14,249.97999572753906,69.46348571777344,553.3369750976562
2025-03-17,238.00999450683594,69.5587158203125,557.6038208007812
2025-03-18,225.30999755859375,69.63487243652344,551.5770874023438
2025-03-19,235.86000061035156,69.8443603515625,557.5841674804688
2025-03-20,236.25999450683594,69.8729248046875,555.9718627929688
2025-03-21,248.7100067138672,69.81580352783203,556.1552124023438
2025-03-24,278.3900146484375,69.51109313964844,566.1151733398438
2025-03-25,288.1400146484375,69.59679412841797,567.47607421875
2025-03-26,272.05999755859375,69.44444274902344,560.7012939453125
2025-03-27,273.1300048828125,69.4158706665039,559.2122192382812
2025-03-28,263.54998779296875,69.81580352783203,547.95068359375
2025-03-31,259.1600036621094,69.93959045410156,551.62890625
2025-04-01,268.4599914550781,70.15931701660156,553.18701171875
2025-04-02,282.760009765625,70.10198974609375,556.687744140625
2025-04-03,267.2799987792969,70.46500396728516,529.2537231445312
2025-04-04,239.42999267578125,70.5223388671875,498.26971435546875
2025-04-07,233.2899932861328,69.67208862304688,497.3822021484375
2025-04-08,221.86000061035156,69.2708511352539,489.591796875
2025-04-09,272.20001220703125,69.4332504272461,541.0084228515625
2025-04-10,252.39999389648438,68.87916564941406,517.3019409179688
2025-04-11,252.30999755859375,68.80274200439453,526.5320434570312
2025-04-14,252.35000610351562,69.19444274902344,531.6401977539062
2025-04-15,254.11000061035156,69.36638641357422,530.151123046875
2025-04-16,241.5500030517578,69.55745697021484,518.366943359375
2025-04-17,241.3699951171875,69.40458679199219,519.1065063476562
2025-04-21,227.5,69.02246856689453,506.7503967285156
2025-04-22,237.97000122070312,69.14664459228516,519.9348754882812
2025-04-23,250.74000549316406,69.28996276855469,527.991455078125
2025-04-24,259.510009765625,69.68164825439453,539.1051635742188
2025-04-25,284.95001220703125,69.9109115600586,543.0003662109375
2025-04-28,285.8800048828125,70.08289337158203,543.2073974609375
2025-04-29,292.0299987792969,70.26438903808594,546.6293334960938
2025-04-30,282.1600036621094,70.21662139892578,546.8462524414062
2025-05-01,280.5199890136719,70.0211181640625,550.7216186523438
2025-05-02,287.2099914550781,69.67607879638672,558.896728515625
2025-05-05,280.260009765625,69.58025360107422,555.6917724609375
2025-05-06,275.3500061035156,69.73358917236328,551.047119140625
2025-05-07,276.2200012207031,69.86776733398438,553.3645629882812
2025-05-08,284.82000732421875,69.49398803710938,557.2202758789062
2025-05-09,298.260009765625,69.55150604248047,556.5103149414062
2025-05-12,318.3800048828125,69.3118896484375,574.9015502929688
2025-05-13,334.07000732421875,69.28314971923828,578.6981201171875
2025-05-14,347.67999267578125,69.04354858398438,579.437744140625
2025-05-15,342.82000732421875,69.41731262207031,582.267822265625
2025-05-16,349.9800109863281,69.46524810791016,585.9559936523438
2025-05-19,342.0899963378906,69.4460678100586,586.596923828125
2025-05-20,343.82000732421875,69.32147979736328,584.6246948242188
2025-05-21,334.6199951171875,68.89019775390625,574.7732543945312
2025-05-22,341.0400085449219,69.0818862915039,575.0001220703125
2025-05-23,339.3399963378906,69.18730163574219,571.0753784179688
2025-05-27,362.8900146484375,69.5131607055664,582.9483642578125
2025-05-28,356.8999938964844,69.35982513427734,579.5757446289062
2025-05-29,358.42999267578125,69.60900115966797,581.863525390625
2025-05-30,346.4599914550781,69.74317169189453,581.2128295898438
2025-06-02,342.69000244140625,69.5893325805664,584.4866943359375
2025-06-03,344.2699890136719,69.51239013671875,587.8197631835938
2025-06-04,332.04998779296875,69.94510650634766,587.6619262695312
2025-06-05,284.70001220703125,69.81048583984375,584.8218994140625
2025-06-06,295.1400146484375,69.43546295166016,590.8274536132812
2025-06-09,308.5799865722656,69.54124450683594,591.3599243164062
2025-06-10,326.0899963378906,69.67587280273438,594.7128295898438
2025-06-11,326.42999267578125,69.89702606201172,593.0166625976562
2025-06-12,319.1099853515625,70.15665435791016,595.37353515625
2025-06-13,325.30999755859375,69.90663146972656,588.7171630859375
2025-06-16,329.1300048828125,69.77201843261719,594.3182983398438
2025-06-17,316.3500061035156,69.9931869506836,589.2398071289062
2025-06-18,322.04998779296875,70.03163146972656,589.1510009765625
2025-06-20,322.1600036621094,70.07972717285156,587.7674560546875
2025-06-23,348.67999267578125,70.25279998779297,593.5730590820312
2025-06-24,340.4700012207031,70.46435546875,600.13037109375
2025-06-25,327.54998779296875,70.48358917236328,600.4666748046875
2025-06-26,325.7799987792969,70.68551635742188,605.1646118164062
2025-06-27,323.6300048828125,70.52204895019531,608.1712646484375
2025-06-30,317.6600036621094,70.8009033203125,611.0790405273438
2025-07-01,300.7099914550781,70.74784088134766,610.8812866210938
2025-07-02,315.6499938964844,70.67068481445312,613.650634765625
2025-07-03,315.3500061035156,70.4970474243164,618.487060546875
2025-07-07,293.94000244140625,70.2655258178711,613.8779907226562
2025-07-08,297.80999755859375,70.22695922851562,613.5418090820312
2025-07-09,295.8800048828125,70.50668334960938,617.2210083007812
2025-07-10,309.8699951171875,70.5163345336914,618.961669921875
2025-07-11,313.510009765625,70.22695922851562,616.785888671875
2025-07-14,316.8999938964844,70.21730041503906,617.9627685546875
2025-07-15,310.7799987792969,70.00508117675781,615.3220825195312
2025-07-16,321.6700134277344,70.14010620117188,617.3792114257812
2025-07-17,319.4100036621094,70.15941619873047,621.1574096679688
2025-07-18,329.6499938964844,70.2751693725586,620.7024536132812
2025-07-21,328.489990234375,70.47774505615234,621.87939453125
2025-07-22,332.1099853515625,70.593505859375,621.9683837890625
2025-07-23,332.55999755859375,70.44880676269531,627.259765625
2025-07-24,305.29998779296875,70.36199951171875,627.4674682617188
2025-07-25,316.05999755859375,70.53562927246094,630.1181030273438
2025-07-28,325.5899963378906,70.41986083984375,629.9598999023438
2025-07-29,321.20001220703125,70.78645324707031,628.2982788085938
2025-07-30,319.0400085449219,70.60315704345703,627.507080078125
2025-07-31,308.2699890136719,70.61280822753906,625.1531372070312
2025-08-01,302.6300048828125,71.2244873046875,614.9065551757812
2025-08-04,309.260009765625,71.27289581298828,624.2531127929688
2025-08-05,308.7200012207031,71.30191802978516,621.088134765625
2025-08-06,319.9100036621094,71.24385070800781,625.845458984375
2025-08-07,322.2699890136719,71.21481323242188,625.3212890625
2025-08-08,329.6499938964844,71.05995178222656,630.1972045898438
2025-08-11,339.0299987792969,71.10834503173828,628.9510498046875
2025-08-12,340.8399963378906,71.11802673339844,635.6468505859375
2025-08-13,339.3800048828125,71.37935638427734,637.82275390625
2025-08-14,335.5799865722656,71.17609405517578,637.882080078125
2025-08-15,330.55999755859375,71.07931518554688,636.3886108398438
2025-08-18,335.1600036621094,71.00188446044922,636.2501831054688
2025-08-19,329.30999755859375,71.13739013671875,632.7984008789062
2025-08-20,323.8999938964844,71.18577575683594,631.1170043945312
2025-08-21,320.1099853515625,71.01155853271484,628.5851440429688
2025-08-22,340.010009765625,71.36967468261719,638.2382202148438
2025-08-25,346.6000061035156,71.27289581298828,635.4292602539062
2025-08-26,351.6700134277344,71.35999298095703,638.0897827148438
2025-08-27,349.6000061035156,71.42774200439453,639.5436401367188
2025-08-28,345.9800109863281,71.51483917236328,641.8085327148438
2025-08-29,333.8699951171875,71.42774200439453,637.98095703125
2025-09-02,329.3599853515625,71.2752914428711,633.25341796875
2025-09-03,334.0899963378906,71.50834655761719,636.685302734375
2025-09-04,338.5299987792969,71.78023529052734,642.0064086914062
2025-09-05,350.8399963378906,72.1200942993164,640.14697265625
2025-09-08,346.3999938964844,72.35315704345703,641.7196044921875
2025-09-09,346.9700012207031,72.21721649169922,643.203125
2025-09-10,347.7900085449219,72.34344482421875,645.0625
2025-09-11,368.80999755859375,72.49880981445312,650.4231567382812
2025-09-12,395.94000244140625,72.41142272949219,650.2054443359375
2025-09-15,410.0400085449219,72.54737091064453,653.6671142578125
2025-09-16,421.6199951171875,72.55707550048828,652.7671508789062
2025-09-17,425.8599853515625,72.43082427978516,651.9561767578125
2025-09-18,416.8500061035156,72.24634552001953,655.0023193359375
2025-09-19,426.07000732421875,72.27546691894531,658.2465209960938
2025-09-22,434.2099914550781,72.1395263671875,661.3607177734375
2025-09-23,425.8500061035156,72.28518676757812,657.7606201171875
2025-09-24,442.7900085449219,72.1395263671875,655.6678466796875
2025-09-25,423.3900146484375,72.06182861328125,652.6429443359375
2025-09-26,440.3999938964844,72.06182861328125,656.3820190429688
2025-09-29,443.2099914550781,72.24634552001953,658.2266845703125
2025-09-30,444.7200012207031,72.21721649169922,660.7061157226562
2025-10-01,459.4599914550781,72.39936065673828,662.95751953125
2025-10-02,436.0,72.47731018066406,663.7210693359375
2025-10-03,429.8299865722656,72.38963317871094,663.7112426757812
2025-10-06,453.25,72.2240219116211,666.0914916992188
2025-10-07,433.0899963378906,72.36039733886719,663.6219482421875
2025-10-08,438.69000244140625,72.36039733886719,667.5791625976562
2025-10-09,435.5400085449219,72.31172180175781,665.6452026367188
2025-10-10,413.489990234375,72.59419250488281,647.6542358398438
2025-10-13,435.8999938964844,72.71111297607422,657.5919189453125
2025-10-14,429.239990234375,72.81826782226562,656.78857421875
2025-10-15,435.1499938964844,72.7695541381836,659.7044677734375
2025-10-16,428.75,73.04231262207031,655.211669921875
2025-10-17,439.30999755859375,72.94490051269531,658.9308471679688
2025-10-20,447.42999267578125,73.04231262207031,665.7840576171875
2025-10-21,442.6000061035156,73.12998962402344,665.7740478515625
2025-10-22,438.9700012207031,73.12998962402344,662.3128051757812
2025-10-23,448.9800109863281,72.98387145996094,666.2402954101562
2025-10-24,433.7200012207031,73.08128356933594,671.6851806640625
2025-10-27,452.4200134277344,73.12024688720703,679.6094970703125
2025-10-28,460.54998779296875,73.15921783447266,681.41455078125
2025-10-29,461.510009765625,72.79878234863281,681.7418212890625
2025-10-30,440.1000061035156,72.67213439941406,674.2439575195312
2025-10-31,456.55999755859375,72.65265655517578,676.4556274414062
2025-11-03,468.3699951171875,72.568603515625,677.7251586914062
2025-11-04,444.260009765625,72.6076889038086,669.6917114257812
2025-11-05,462.07000732421875,72.40245819091797,672.012451171875
2025-11-06,445.9100036621094,72.68588256835938,664.8021850585938
2025-11-07,429.5199890136719,72.64678192138672,665.4567260742188
2025-11-10,445.2300109863281,72.62724304199219,675.8407592773438
2025-11-11,439.6199951171875,72.83248138427734,677.3878784179688
2025-11-12,430.6000061035156,72.80316162109375,677.7647705078125
2025-11-13,401.989990234375,72.58815002441406,666.5179443359375
2025-11-14,404.3500061035156,72.48063659667969,666.408935546875
2025-11-17,408.9200134277344,72.51973724365234,660.2003173828125
2025-11-18,401.25,72.578369140625,654.6563110351562
2025-11-19,403.989990234375,72.54905700683594,657.1853637695312
2025-11-20,395.2300109863281,72.65656280517578,647.1683349609375
2025-11-21,391.0899963378906,72.83248138427734,653.6149291992188
2025-11-24,417.7799987792969,72.95954132080078,663.235107421875
2025-11-25,419.3999938964844,73.12569427490234,669.4734497070312
2025-11-26,426.5799865722656,73.2038803100586,674.09521484375
2025-11-28,430.1700134277344,73.08659362792969,677.7747192382812
2025-12-01,430.1400146484375,72.80127716064453,674.6803588867188
2025-12-02,429.239990234375,72.86991882324219,675.9300537109375
2025-12-03,446.739990234375,72.9777603149414,678.2706298828125
2025-12-04,454.5299987792969,72.84050750732422,678.7664794921875
2025-12-05,455.0,72.75225067138672,680.0557861328125
2025-12-08,439.5799865722656,72.64439392089844,678.0127563476562
2025-12-09,445.1700134277344,72.59538269042969,677.427490234375
2025-12-10,451.45001220703125,72.81108093261719,681.92041015625
2025-12-11,446.8900146484375,72.81108093261719,683.5072021484375
2025-12-12,458.9599914550781,72.5855712890625,676.1580810546875
2025-12-15,475.30999755859375,72.6738052368164,675.1365356445312
2025-12-16,489.8800048828125,72.81108093261719,673.2918701171875
2025-12-17,467.260009765625,72.79147338867188,665.8832397460938
2025-12-18,483.3699951171875,72.9459228515625,670.9114990234375
2025-12-19,481.20001220703125,72.83772277832031,676.9923095703125
2025-12-22,488.7300109863281,72.81802368164062,681.2098999023438
2025-12-23,485.55999755859375,72.80821228027344,684.3233032226562
2025-12-24,485.3999938964844,72.98528289794922,686.7305297851562
2025-12-26,475.19000244140625,72.98528289794922,686.660888671875
2025-12-29,459.6400146484375,73.0934829711914,684.2138671875
2025-12-30,454.42999267578125,73.06396484375,683.3783569335938
2025-12-31,449.7200012207031,72.86722564697266,678.3152465820312
2026-01-02,438.07000732421875,72.83772277832031,679.55859375
2026-01-05,451.6700134277344,72.97543334960938,684.0845336914062
2026-01-06,432.9599914550781,72.97543334960938,688.1529541015625
2026-01-07,431.4100036621094,73.05413818359375,685.9347534179688
2026-01-08,435.79998779296875,72.9262466430664,685.8651123046875
2026-01-09,445.010009765625,73.08366394042969,690.4010009765625
2026-01-12,448.9599914550781,73.0147933959961,691.4852294921875
2026-01-13,447.20001220703125,73.07381439208984,690.1026000976562
2026-01-14,439.20001220703125,73.22137451171875,686.7106323242188
2026-01-15,438.57000732421875,73.11317443847656,688.5806884765625
2026-01-16,437.5,72.99510955810547,688.0037231445312
2026-01-20,419.25,72.72949981689453,673.9981689453125
2026-01-21,431.44000244140625,72.93608856201172,681.77685546875
2026-01-22,449.3599853515625,72.96559143066406,685.3379516601562
2026-01-23,449.05999755859375,73.04430389404297,685.5865478515625
2026-01-26,435.20001220703125,73.1328353881836,689.0680541992188
2026-01-27,430.8999938964844,73.07381439208984,691.8134765625
2026-01-28,431.4599914550781,73.04430389404297,691.7438354492188
2026-01-29,416.55999755859375,73.05413818359375,690.3711547851562
2026-01-30,430.4100036621094,73.02462768554688,688.3120727539062
2026-02-02,421.80999755859375,72.95059967041016,691.7339477539062
2026-02-03,421.9599914550781,72.9703369140625,685.885009765625
2026-02-04,406.010009765625,72.94072723388672,682.5626831054688
2026-02-05,397.2099914550781,73.25657653808594,674.0379638671875
2026-02-06,411.1099853515625,73.26644897460938,686.96923828125
2026-02-09,417.32000732421875,73.28618621826172,690.2816772460938
2026-02-10,425.2099914550781,73.50333404541016,688.4613037109375
2026-02-11,428.2699890136719,73.35527801513672,688.3021850585938
2026-02-12,417.07000732421875,73.69086456298828,677.668701171875
2026-02-13,417.44000244140625,73.90800476074219,678.1461181640625
2026-02-17,410.6300048828125,73.89813232421875,679.2402954101562
2026-02-18,411.32000732421875,73.81917572021484,682.662109375
2026-02-19,411.7099914550781,73.84878540039062,680.8616333007812
2026-02-20,411.82000732421875,73.83890533447266,685.7855834960938
2026-02-23,399.8299865722656,73.99683380126953,678.7827758789062
2026-02-24,409.3800048828125,73.95735931396484,683.7164916992188
2026-02-25,417.3999938964844,73.93761444091797,689.4859008789062
2026-02-26,408.5799865722656,74.04618835449219,685.6561889648438
2026-02-27,402.510009765625,74.19424438476562,682.3637084960938
2026-03-02,403.32000732421875,73.89525604248047,682.751708984375
2026-03-03,392.42999267578125,73.81604766845703,676.7337036132812
2026-03-04,405.94000244140625,73.76655578613281,681.5082397460938
2026-03-05,405.54998779296875,73.5982437133789,677.70849609375
2026-03-06,396.7300109863281,73.49923706054688,668.82568359375
2026-03-09,398.67999267578125,73.70714569091797,674.6845703125
2026-03-10,399.239990234375,73.47944641113281,673.6002807617188
2026-03-11,407.82000732421875,73.1527328491211,672.7548217773438
2026-03-12,395.010009765625,72.88543701171875,662.5390625
2026-03-13,391.20001220703125,72.81613159179688,658.7890014648438
2026-03-16,395.55999755859375,73.09333038330078,665.493408203125
2026-03-17,399.2699890136719,73.2418441772461,667.2440185546875
2026-03-18,392.7799987792969,72.94483947753906,657.9335327148438
2026-03-19,380.29998779296875,73.02404022216797,656.3121948242188
2026-03-20,367.9599914550781,72.4399185180664,646.9034423828125
2026-03-23,380.8500061035156,72.71711730957031,653.6959228515625
2026-03-24,383.0299987792969,72.52902221679688,651.5015869140625
2026-03-25,385.95001220703125,72.80622863769531,655.1322021484375
2026-03-26,372.1099853515625,72.38052368164062,643.432373046875
2026-03-27,361.8299865722656,72.38052368164062,632.4606323242188
2026-03-30,355.2799987792969,72.746826171875,630.3460693359375
2026-03-31,371.75,72.90522766113281,648.6688842773438
2026-04-01,381.260009765625,72.93502807617188,653.5562744140625
2026-04-02,360.5899963378906,73.09397888183594,654.144775390625
2026-04-06,352.82000732421875,72.98471069335938,657.23681640625
2026-04-07,346.6499938964844,73.09397888183594,657.5260009765625
2026-04-08,343.25,73.2330551147461,674.27294921875
2026-04-09,345.6199951171875,73.26285552978516,678.162841796875
2026-04-10,348.95001220703125,73.15357971191406,677.7140502929688
2026-04-13,352.4200134277344,73.3125228881836,684.3369750976562
2026-04-14,364.20001220703125,73.49134063720703,692.675537109375
2026-04-15,391.95001220703125,73.39199829101562,698.1414184570312
2026-04-16,388.8999938964844,73.28271484375,699.8569946289062
2026-04-17,400.6199951171875,73.57080841064453,708.3152465820312
2026-04-20,392.5,73.5211410522461,706.8988037109375
2026-04-21,386.4200134277344,73.29265594482422,702.2708129882812
2026-04-22,387.510009765625,73.37212371826172,709.3825073242188
2026-04-23,373.7200012207031,73.24298858642578,706.6295776367188
2026-04-24,376.29998779296875,73.37212371826172,712.10546875
2026-04-27,378.6700134277344,73.25291442871094,713.332275390625
2026-04-28,376.0199890136719,73.2330551147461,709.8612060546875
2026-04-29,372.79998779296875,72.90522766113281,709.7515258789062
2026-04-30,381.6300048828125,73.01451110839844,716.8132934570312
2026-05-01,390.82000732421875,73.11616516113281,718.7982177734375
2026-05-04,392.510009765625,72.86699676513672,716.1649780273438
2026-05-05,389.3699951171875,72.99656677246094,721.9102172851562
2026-05-06,398.7300109863281,73.30553436279297,731.9443359375
2026-05-07,411.7900085449219,73.11616516113281,729.7001342773438
2026-05-08,428.3500061035156,73.30553436279297,735.724609375
2026-05-11,445.0,73.12613677978516,737.4002685546875
2026-05-12,433.45001220703125,72.90686798095703,736.2831420898438
2026-05-13,445.2699890136719,72.936767578125,740.4025268554688
2026-05-14,443.29998779296875,72.91683197021484,746.2474975585938
2026-05-15,422.239990234375,72.49822235107422,737.2706298828125
2026-05-18,409.989990234375,72.44839477539062,736.751953125
2026-05-19,404.1099853515625,72.20919036865234,731.8446044921875
2026-05-20,417.260009765625,72.60785675048828,739.3452758789062
2026-05-21,417.8500061035156,72.6875991821289,740.8114624023438
2026-05-22,426.010009765625,72.75736236572266,743.7239990234375
2026-05-26,433.5899963378906,72.96666717529297,748.6613159179688
2026-05-27,440.3599853515625,73.03643035888672,748.5316162109375
2026-05-28,442.1000061035156,73.17596435546875,752.6609497070312
2026-05-29,435.7900085449219,73.21583557128906,754.5361328125
2026-06-01,415.8800048828125,72.936767578125,756.5908203125
2026-06-02,423.739990234375,72.95669555664062,757.6182250976562
2026-06-03,423.70001220703125,72.8171615600586,752.3018798828125
2026-06-04,418.45001220703125,72.91683197021484,755.1445922851562
2026-06-05,391.0,72.58792877197266,735.65478515625
2026-06-08,408.95001220703125,72.5679931640625,737.3204345703125
2026-06-09,396.67999267578125,72.72746276855469,735.1560668945312
2026-06-10,381.5899963378906,72.66766357421875,723.56591796875
2026-06-11,399.1499938964844,73.08626556396484,735.8642578125
2026-06-12,406.42999267578125,72.99656677246094,739.843994140625
2026-06-15,411.1499938964844,73.05636596679688,752.890380859375
2026-06-16,404.6600036621094,73.16600036621094,748.4019775390625
2026-06-17,396.3800048828125,72.89689636230469,739.0560302734375
2026-06-18,400.489990234375,73.09622955322266,746.739990234375
2026-06-22,405.04998779296875,72.89689636230469,744.3900146484375
2026-06-23,381.6099853515625,72.97663116455078,733.5800170898438
2026-06-24,375.5299987792969,73.30553436279297,733.239990234375
2026-06-25,375.1199951171875,73.3553695678711,734.2999877929688
2026-06-26,379.7099914550781,73.42513275146484,728.989990234375
2026-06-29,411.8399963378906,73.46500396728516,741.0
