Ticker,BND,BND,BND,BND,BND,SPY,SPY,SPY,SPY,SPY,TSLA,TSLA,TSLA,TSLA,TSLA
Price,Open,High,Low,Close,Volume,Open,High,Low,Close,Volume,Open,High,Low,Close,Volume
Date,,,,,,,,,,,,,,,
2015-01-02,59.24732862143704,59.434207572674346,59.24013949308609,59.40545654296875,2218800,170.47255808561408,170.88556456408185,168.65531949719002,169.68783569335938,121465900,14.857999801635742,14.883333206176758,14.21733283996582,14.620667457580566,71466000
2015-01-05,59.470073622708924,59.59945036524328,59.44132262617997,59.57788848876953,5820100,168.6470505972124,168.81225065477216,166.31770079651972,166.62332153320312,169632600,14.303333282470703,14.433333396911621,13.810667037963867,14.005999565124512,80527500
2015-01-06,59.67855626069999,59.93012080286644,59.67855626069999,59.750431060791016,3887600,166.92894957322903,167.44934175106874,164.2609313452381,165.0539093017578,209151400,14.003999710083008,14.279999732971191,13.61400032043457,14.085332870483398,93928500
2015-01-07,59.75758780495614,59.85821356729646,59.69290216503427,59.786338806152344,2433400,166.3755058100245,167.44932502984875,165.9294644192436,167.11065673828125,125346700,14.223333358764648,14.3186674118042,13.985333442687988,14.063332557678223,44526000
2015-01-08,59.736040640688444,59.736040640688444,59.63541485355942,59.69291687011719,1873400,168.51494641434752,170.29088233585512,168.4984352253936,170.07611083984375,147217800,14.187333106994629,14.25333309173584,14.000666618347168,14.041333198547363,51637500
2015-01-09,59.664137517762846,59.865388996414275,59.656948398184866,59.793514251708984,1646100,170.48910371663968,170.50562750822505,168.10192629293343,168.7131805419922,158567300,13.928000450134277,13.998666763305664,13.663999557495117,13.77733325958252,70024500
2015-01-12,59.83661086645556,59.89411282961981,59.800670768555655,59.87255096435547,4397900,168.845362353067,169.00230687873824,166.78858493404508,167.39157104492188,144396100,13.536666870117188,13.631333351135254,13.283332824707031,13.480667114257812,89254500
2015-01-13,59.87980565424,59.994809717039765,59.82230910653566,59.930118560791016,2223400,168.60579178755538,169.729170120032,165.6238839596993,166.9207305908203,214553300,13.554667472839355,13.840666770935059,13.394000053405762,13.616666793823242,67159500
2015-01-14,60.11697090437835,60.174472910415034,60.052285260356925,60.06665802001953,2481200,164.91346747166824,166.1111962382504,164.02138464722543,165.91294860839844,192991100,12.388667106628418,13.013333320617676,12.333333015441895,12.845999717712402,173278500
2015-01-15,60.05229181388376,60.34698003051823,60.05229181388376,60.33260726928711,4214500,166.5489757172567,166.86285203095846,164.27744036968454,164.39308166503906,176613900,12.965999603271484,13.050000190734863,12.666666984558105,12.791333198547363,78247500
2015-01-16,60.23912528534601,60.26787627248565,60.07381396390571,60.15287780761719,3631300,164.18662850345416,166.70597099593076,164.0049046119339,166.5490264892578,211879600,12.713333129882812,12.965999603271484,12.643333435058594,12.871333122253418,54048000
2015-01-20,60.16013546507647,60.253577659177836,60.06669875467194,60.088260650634766,3029500,167.1850008985163,167.4493310684787,165.34299571593226,166.90415954589844,130991100,12.924667358398438,12.941332817077637,12.469332695007324,12.795332908630371,67548000
2015-01-21,60.2247890753901,60.231978197459576,59.9660355178231,59.97322463989258,2473900,166.4415870447863,168.22577780182866,165.9790218716173,167.74668884277344,122942700,12.636667251586914,13.245332717895508,12.633999824523926,13.104666709899902,62295000
2015-01-22,60.10977078810934,60.10977078810934,59.92289752821051,59.98758316040039,2157400,168.49836906255456,170.37340919341256,167.12718468012818,170.2412567138672,174356000,13.133333206176758,13.549332618713379,13.013333320617676,13.441332817077637,61753500
2015-01-23,60.116972383876984,60.21040903321626,60.09541050200586,60.181663513183594,6255000,169.98518533689273,170.24125991747914,169.17569624213647,169.307861328125,117516800,13.352666854858398,13.566666603088379,13.222000122070312,13.419333457946777,51579000
2015-01-26,60.181678700697674,60.19605146434113,60.073863780440526,60.109798431396484,7810500,169.09310423115286,169.795207625169,168.3827326417059,169.704345703125,92009700,13.45533275604248,13.907999992370605,13.403332710266113,13.770000457763672,48517500
2015-01-27,60.27512114368521,60.29668303306181,60.10980418563936,60.14574432373047,1154100,167.65581498160063,168.60572463711327,166.63982279120685,167.46583557128906,134044600,13.628000259399414,13.868666648864746,13.553333282470703,13.732000350952148,41715000
2015-01-28,60.11695883434819,60.44039795690283,60.10258607757128,60.3613395690918,1394600,168.64708417164115,168.74620170511815,165.12827308965936,165.31825256347656,168514300,13.740667343139648,13.758000373840332,13.227999687194824,13.291333198547363,47244000
2015-01-29,60.3326129530491,60.354174838773915,60.203236155005975,60.29667282104492,1551300,165.5164476333486,167.1023906847634,164.11221580090753,166.84632873535156,173585400,13.404666900634766,13.732000350952148,13.100000381469727,13.680000305175781,53221500
2015-01-30,60.5195081992766,60.627323150634766,60.454822518679435,60.627323150634766,10474400,165.6734188056964,166.99503192642172,164.48395817427368,164.74827575683594,197729700,13.597332954406738,13.83133316040039,13.533332824707031,13.573332786560059,45105000
2015-02-02,60.46161745909052,60.62726814982013,60.43281389917395,60.55524826049805,6070500,165.24388830461308,166.87939036836673,163.43491798072392,166.7885284423828,163107000,13.597999572753906,14.130000114440918,13.553333282470703,14.062666893005371,62238000
2015-02-03,60.447296141905916,60.490507034065104,60.332059769784536,60.368072509765625,1237200,167.68062446617702,169.20875342530874,167.30892116918625,169.2004852294922,124212900,14.214667320251465,14.691332817077637,14.084667205810547,14.557332992553711,72393000
2015-02-04,60.2455857039361,60.396829190015794,60.18076392717744,60.389625549316406,2945700,168.44052631630873,169.6465105332436,168.10185804807884,168.55616760253906,134306700,14.552666664123535,14.76533317565918,14.453332901000977,14.569999694824219,49581000
2015-02-05,60.27439034308427,60.32480483473978,60.2167722112587,60.25998306274414,2128200,169.21704055366874,170.40650140888124,169.1427024012078,170.2578125,97953200,14.658666610717773,15.031999588012695,14.642666816711426,14.732666969299316,52843500
2015-02-06,60.05114636556633,60.07995544342932,59.85669195845339,59.87109375,2907700,170.6212866268706,171.1829821636841,169.26662546674098,169.78701782226562,125672000,14.800000190734863,14.893333435058594,14.433333396911621,14.490667343139648,48658500
2015-02-09,59.97188353745031,59.986290814340464,59.82064009870071,59.849449157714844,1384600,169.1426798861956,169.86130713891177,168.622287680321,169.02703857421875,87219000,14.358667373657227,14.528667449951172,14.13266658782959,14.498666763305664,52086000
2015-02-10,59.77746398180645,59.80627305755554,59.70544403981838,59.741451263427734,1447900,170.0595726937605,171.08382082082983,169.06834693936443,170.8277587890625,96164200,14.50333309173584,14.699999809265137,14.333333015441895,14.419333457946777,80857500
2015-02-11,59.77746398180645,59.813476700185156,59.69824039718877,59.741451263427734,1904000,170.66256225237188,171.35641021173268,170.01827306097127,170.9268798828125,91087800,14.147333145141602,14.315999984741211,13.8186674118042,14.186667442321777,146536500
2015-02-12,59.77026748657227,59.8494910806636,59.748662050869186,59.770267486572266,4662900,171.7198709274691,172.62849042176754,170.95994035221958,172.57066345214844,97545900,12.904666900634766,13.53933334350586,12.885333061218262,13.525333404541016,234744000
2015-02-13,59.799056689315975,59.799056689315975,59.6334114074707,59.6334114074707,1883000,172.69452848136683,173.3305493595107,172.43845388699384,173.28099060058594,93670400,13.526666641235352,13.732666969299316,13.394000053405762,13.584667205810547,92865000
2015-02-17,59.61897712612691,59.633384401795674,59.3741083874149,59.395713806152344,5281500,172.96714451626255,173.7270876879443,172.71935066023605,173.55361938476562,76968200,13.713333129882812,13.713333129882812,13.433333396911621,13.623332977294922,59694000
2015-02-18,59.4821434923609,59.647794216267904,59.41012358861428,59.56136703491211,3813000,173.18185657165742,173.64442174946387,172.91752641065045,173.57008361816406,80652900,13.611332893371582,13.744667053222656,13.506667137145996,13.630666732788086,40704000
2015-02-19,59.59018317721047,59.64059766530113,59.48935420102916,59.51095962524414,1322700,172.97540711218107,173.80967580969232,172.83498639699363,173.44622802734375,91462500,13.666666984558105,14.162667274475098,13.583333015441895,14.11400032043457,77311500
2015-02-20,59.59743730119381,59.69106271702348,59.43899006304226,59.52541732788086,3145800,173.03320849141335,174.56133766054108,172.4136987099765,174.48699951171875,140896400,14.052000045776367,14.506667137145996,13.987333297729492,14.473999977111816,89731500
2015-02-23,59.63340628876229,59.698222568763846,59.597393581138505,59.64780807495117,3952700,174.2391769497112,174.4622039794922,173.85920543986055,174.4622039794922,74411100,14.37733268737793,14.546667098999023,13.755332946777344,13.822667121887207,127497000
2015-02-24,59.647825799195736,59.935911061486905,59.54699678160924,59.8927001953125,2542200,174.38784325925505,175.15604182724803,174.09047810454112,174.95779418945312,72472300,13.81933307647705,13.81933307647705,13.446666717529297,13.607333183288574,99054000
2015-02-25,59.885504889225224,59.96472848475307,59.83509037341387,59.950321197509766,4934600,174.83389192729734,175.31298091762983,174.47044423780673,174.80911254882812,73061700,13.662667274475098,13.809332847595215,13.505332946777344,13.583999633789062,58642500
2015-02-26,59.87826659969804,59.9502865099331,59.777437626415555,59.78464126586914,2187500,174.7182719301766,174.87521641558922,173.99963205507456,174.60263061523438,72697900,13.600000381469727,14.072667121887207,13.481332778930664,13.812666893005371,97093500
2015-02-27,59.79904360209815,59.85666172872494,59.72702369119817,59.83505630493164,4094400,174.5035502040762,174.76788048723196,173.95839105200025,174.00794982910156,108076000,13.793333053588867,13.903332710266113,13.520000457763672,13.555999755859375,58231500
2015-03-02,59.86537365459799,59.894239008756585,59.627238611917065,59.64167404174805,2476100,174.1069946946203,175.16429017790526,174.0574359382095,175.10647583007812,87491400,13.513333320617676,13.555999755859375,13.055333137512207,13.155332565307617,118831500
2015-03-03,59.62725952481745,59.68499025338238,59.55509886686392,59.56953430175781,2648100,174.67698803921306,175.15607714083993,173.52883035557673,174.38787841796875,110325800,13.120667457580566,13.349332809448242,13.021332740783691,13.303999900817871,66484500
2015-03-04,59.60561187798192,59.64891267715827,59.54066893747534,59.56953430175781,1425400,173.7931306588669,173.86748140808916,172.68627626062957,173.6527099609375,114497200,13.283332824707031,13.501333236694336,13.147333145141602,13.496000289916992,63330000
2015-03-05,59.5839012346945,59.66327952617044,59.5333882769825,59.60554885864258,1340800,173.9748649116038,174.12355381496485,173.3388439366605,173.84271240234375,76873000,13.523332595825195,13.746000289916992,13.34333324432373,13.375332832336426,73155000
2015-03-06,59.396300738055345,59.396300738055345,59.19424883434138,59.25919723510742,1580000,172.98363319579175,173.41316346565193,171.06728967572505,171.39768981933594,188128000,13.280667304992676,13.383333206176758,12.8100004196167,12.925333023071289,100686000
2015-03-09,59.37463604086073,59.38907146154926,59.30247545391776,59.33134078979492,1982300,171.59596916334027,172.46327285150772,171.43902465475077,172.10809326171875,89818900,12.959333419799805,12.965999603271484,12.550000190734863,12.725333213806152,101050500
2015-03-10,59.49735320603065,59.56951935137767,59.4829232802636,59.56230163574219,3766100,170.74518923817772,170.82778299344065,169.2748741885522,169.31617736816406,157121300,12.564000129699707,12.899999618530273,12.506667137145996,12.687999725341797,83695500
2015-03-11,59.56224296130045,59.67048656718687,59.54059534122287,59.6271858215332,4829700,169.57225316840572,169.74572149523897,168.83710188603982,168.91970825195312,110145700,12.743332862854004,13.078666687011719,12.734000205993652,12.916000366210938,74623500
2015-03-12,59.80040061391144,59.81483053097035,59.6416439987605,59.670509338378906,8421500,169.54741781479228,171.13336120593354,169.4978590531875,171.06729125976562,93993500,12.916666984558105,12.963333129882812,12.649999618530273,12.73799991607666,62239500
2015-03-13,59.61281204223632,59.72826795986451,59.59116440177502,59.61281204223633,2114500,170.79470371277253,171.7528691698583,168.9857333090318,170.01824951171875,162410900,12.596667289733887,12.783332824707031,12.48799991607666,12.578666687011719,81514500
2015-03-16,59.76436600861426,59.80044908876173,59.656122273676914,59.7282829284668,1203700,170.74513950639326,172.380641590183,170.0430234693745,172.28977966308594,136099200,12.800000190734863,13.060667037963867,12.653332710266113,13.046667098999023,84432000
2015-03-17,59.735475173466206,59.77877044677735,59.706609822757876,59.778770446777344,1471300,171.5546219127697,172.15760780310515,170.96814720565243,171.77764892578125,94510400,13.028667449951172,13.247332572937012,12.929332733154297,12.982000350952148,73411500
2015-03-18,59.8437382313839,60.14681625366211,59.728276791180114,60.14681625366211,5534300,171.30684628378546,174.51178095757123,170.67081270488325,173.84271240234375,228808500,12.997332572937012,13.392000198364258,12.87399959564209,13.380666732788086,72313500
2015-03-19,60.11071927073609,60.12514919334936,59.930314957805315,59.966392517089844,1208100,173.4296999300412,173.85096203452886,172.6615012642596,173.0497283935547,117917300,13.466667175292969,13.63933277130127,12.968667030334473,13.043333053588867,127128000
2015-03-20,60.00247135566421,60.132362672045716,60.00247135566421,60.125144958496094,1011200,173.99645232282884,175.08335767044954,173.81391724732686,174.57723999023438,177715100,13.16333293914795,13.265999794006348,13.041333198547363,13.20533275604248,64042500
2015-03-23,60.154014587402344,60.16123230146553,60.052988612528566,60.154014587402344,1572700,174.5855025701291,175.1579976944319,174.23703002929688,174.23703002929688,71784500,13.233332633972168,13.366666793823242,13.164667129516602,13.308667182922363,39474000
2015-03-24,60.19011154882247,60.29113754702099,60.13238083399361,60.25505447387695,2300500,174.1125550997898,174.56887998481383,173.19158756674477,173.25796508789062,77805300,13.438667297363281,13.586000442504883,13.316666603088379,13.447999954223633,54748500
2015-03-25,60.32720852915876,60.32720852915876,60.14680419414004,60.16123962402344,1559900,173.46537261303482,173.69768758352507,170.67758030693514,170.71905517578125,159521700,13.218000411987305,13.239333152770996,12.846667289733887,12.953332901000977,85956000
2015-03-26,60.07463620594885,60.08185392000684,59.90866181563134,59.966392517089844,2342500,170.0553560026632,171.22522364528578,169.358398223387,170.31256103515625,153067200,12.928000450134277,12.986000061035156,12.646666526794434,12.694000244140625,61920000
2015-03-27,60.02411651611328,60.103494845379466,59.98803345535516,60.02411651611328,6542300,170.19635140623822,170.87669876838024,170.00551130618186,170.7024688720703,118939000,12.604666709899902,12.619333267211914,12.09333324432373,12.333333015441895,129073500
2015-03-30,60.110729833728826,60.12515975887781,60.045781406799236,60.09629440307617,1634800,171.73135707604655,173.0837725574656,171.71477218612802,172.7850799560547,96180400,12.390000343322754,12.816666603088379,12.119999885559082,12.704667091369629,151342500
2015-03-31,60.11072663043833,60.21175261760854,60.067425846291535,60.16123962402344,1996000,171.963646532205,172.66060427186957,171.21692146997367,171.27499389648438,126768700,12.902000427246094,12.917332649230957,12.560667037963867,12.584667205810547,75399000
2015-04-01,60.29942251069152,60.42961219638507,60.284953924420655,60.40068054199219,3132700,171.24186786965754,171.26675786924955,169.68202704069807,170.66937255859375,137303600,12.579999923706055,12.819999694824219,12.403332710266113,12.505999565124512,56919000
2015-04-02,60.42234485946962,60.42957914864876,60.29938953415333,60.32108688354492,791200,170.6029041065504,171.73129657431807,170.42036909998382,171.28326416015625,86900900,12.682000160217285,12.881999969482422,12.666666984558105,12.733332633972168,75156000
2015-04-06,60.465731590615704,60.47296587884158,60.31384464674298,60.371707916259766,1768800,170.39551652393973,172.9509945167097,170.262774121107,172.43658447265625,114368200,13.199999809265137,13.850000381469727,13.166666984558105,13.539999961853027,186837000
2015-04-07,60.321085665221666,60.422343639101214,60.27045667828189,60.407875061035156,977400,172.46151336146764,173.2082386041695,171.947103201394,171.98028564453125,81236300,13.500666618347168,13.670666694641113,13.409333229064941,13.550000190734863,65218500
2015-04-08,60.40788521423362,60.42235379473152,60.277695580485734,60.3644905090332,3470700,172.20422448381984,173.00072933374554,171.81426450055042,172.5609893798828,89351900,13.880000114440918,14.0600004196167,13.724666595458984,13.844667434692383,94546500
2015-04-09,60.3789339719392,60.3789339719392,60.176412556243854,60.234275817871094,1025400,172.3951111403809,173.55668638726806,171.9055910477799,173.32437133789062,85548900,13.895333290100098,14.024666786193848,13.7413330078125,14.005999565124512,57003000
2015-04-10,60.284928678717556,60.30662603088874,60.176436399715094,60.20536804199219,4290100,173.57325759435778,174.31169017357283,173.37413767380824,174.27020263671875,72722900,13.989999771118164,14.109999656677246,13.933333396911621,14.0600004196167,61015500
2015-04-13,60.24873829903017,60.28489869528182,60.1764064702393,60.21980667114258,6046400,174.12914439239796,174.75972452913572,173.4321993930522,173.4819793701172,74436600,14.029333114624023,14.199999809265137,13.936667442321777,13.985333442687988,56373000
2015-04-14,60.415078383310586,60.45847305897467,60.321054746657445,60.32828903198242,1398100,173.2828505371855,173.9963930455423,172.66057553548654,173.81385803222656,75099900,13.904666900634766,13.965999603271484,13.699999809265137,13.830666542053223,45390000
2015-04-15,60.42956582625744,60.45126317086561,60.364468274288306,60.386165618896484,1022400,174.27850309836572,175.09989806919253,174.19552802686758,174.59378051757812,99529300,13.830666542053223,13.97266674041748,13.773332595825195,13.85533332824707,29286000
2015-04-16,60.40063955101815,60.43679995585732,60.30661035851711,60.371707916259766,1289900,174.26191135152382,175.05012391611444,174.06277876943213,174.54400634765625,68934900,13.846667289733887,13.944666862487793,13.752667427062988,13.779999732971191,24886500
2015-04-17,60.357234895269464,60.50912734610235,60.32107449309306,60.47296142578125,1693900,173.35749447273557,173.5981018667744,171.75616712545826,172.5360870361328,191113200,13.666000366210938,13.791999816894531,13.566666603088379,13.78600025177002,37048500
2015-04-20,60.42957792813425,60.458504047974934,60.33554872514201,60.407875061035156,2463600,173.45707874305626,174.44442376168223,173.37411633977555,174.112548828125,92189500,13.785332679748535,13.856666564941406,13.59000015258789,13.684666633605957,38389500
2015-04-21,60.3789218946095,60.40784800149281,60.292127019529836,60.33552169799805,1788000,174.79292391814982,174.95056896762836,173.60645881560166,173.9051513671875,72559800,13.720000267028809,14.050000190734863,13.620667457580566,13.96066665649414,51487500
2015-04-22,60.31384022060471,60.321074508299695,60.111324310302734,60.111324310302734,1501300,174.24526679781695,174.94222431700751,173.3242994269514,174.7596893310547,78264600,14.166666984558105,14.791999816894531,14.112667083740234,14.629332542419434,117945000
2015-04-23,60.169166351651945,60.29935589351544,60.133000444078796,60.22702407836914,5518000,174.36148812213582,175.84665853711883,174.24533060310532,175.19949340820312,102585900,14.5513334274292,14.76533317565918,14.476667404174805,14.573332786560059,66168000
2015-04-24,60.30661830518664,60.378950160686415,60.27045789558258,60.32108688354492,1597900,175.6143536888242,175.87155873444283,175.1580160303617,175.60604858398438,61327400,14.699999809265137,14.720000267028809,14.534000396728516,14.562000274658203,36417000
2015-04-27,60.34999219381732,60.34999219381732,60.23426569002121,60.27766036987305,1591400,176.17029193501781,176.2947419340959,174.68512109149293,174.87596130371094,79358100,14.837332725524902,15.916666984558105,14.800000190734863,15.436667442321777,175089000
2015-04-28,60.22705231494091,60.241520892010655,60.075165364580656,60.08963394165039,1217700,174.8509904598969,175.48155793071655,173.68111036857317,175.43177795410156,86863500,15.649999618530273,15.699999809265137,15.20199966430664,15.36533260345459,91281000
2015-04-29,59.90880746873487,59.9738995025438,59.829246859760886,59.901573181152344,1905200,174.54399554046685,175.30731806756097,173.9051356170558,174.70994567871094,125684900,15.33666706085205,15.664667129516602,15.175333023071289,15.49666690826416,59041500
2015-04-30,59.807580207960534,59.96670150756837,59.720785266861505,59.96670150756836,4229900,174.13744681855195,174.52740684652383,172.26231664314207,172.9592742919922,161304900,15.359333038330078,15.526000022888184,15.011333465576172,15.069999694824219,58678500
2015-05-01,59.8282719346356,59.87899820524035,59.7268193934261,59.784793853759766,7173200,173.7391558878964,174.8758533722215,173.63959595008126,174.83436584472656,103399700,15.329333305358887,15.451333045959473,14.694000244140625,15.0686674118042,79225500
2015-05-04,59.83552198026847,59.85726102138066,59.68334316373412,59.69783401489258,1190000,175.25754698417074,175.9130171469318,175.14969458110048,175.3322296142578,70927200,15.211999893188477,15.648667335510254,15.140666961669922,15.36733341217041,66519000
2015-05-05,59.72681018447937,59.72681018447937,59.52390513334517,59.60361862182617,4175700,175.09163686228817,175.4484145411168,173.1833238193558,173.32437133789062,113326200,15.850666999816895,15.966667175292969,15.275333404541016,15.529999732971191,86953500
2015-05-06,59.56736751230558,59.56736751230558,59.38620154599231,59.436927795410156,3938900,173.8719416972736,174.1789266667018,171.54877900859634,172.6107940673828,135060200,15.606666564941406,15.631333351135254,15.213333129882812,15.362000465393066,79063500
2015-05-07,59.49494273804629,59.60364349759135,59.48045188352375,59.56016540527344,3602900,172.5112715607244,173.72263947585762,172.1793965303919,173.2994842529297,88244900,14.733332633972168,15.831999778747559,14.683333396911621,15.786666870117188,141838500
2015-05-08,59.7703002428716,59.82102651113382,59.67609036699277,59.719573974609375,1735900,174.96708498327587,175.78018718250456,174.88410994530398,175.5810546875,155877300,15.732666969299316,15.894000053405762,15.579999923706055,15.77400016784668,70023000
2015-05-11,59.60363497406257,59.65436125076286,59.36449444301144,59.40797805786133,929200,175.53965118852454,175.8051486295798,174.66846357652057,174.74313354492188,75708100,15.752667427062988,16.191999435424805,15.687333106994629,15.965999603271484,85084500
2015-05-12,59.31375595654199,59.444195716741554,59.24129065170853,59.33549499511719,2139600,173.91353486364653,174.7598329795912,173.0921267516803,174.22052001953125,119727600,16.007333755493164,16.42333221435547,15.879332542419434,16.31599998474121,95451000
2015-05-13,59.50215037668916,59.53838578142513,59.27750634781643,59.306488037109375,2372000,174.62700942418684,175.24928460026194,174.02133179766892,174.25364685058594,94667900,16.507333755493164,16.553333282470703,16.149999618530273,16.211999893188477,81603000
2015-05-14,59.38620416883368,59.46591763983186,59.34997429121882,59.42243957519531,1485300,175.26588372196588,176.1619615027784,174.9920811228103,176.07069396972656,95934000,16.321332931518555,16.326000213623047,16.083332061767578,16.273332595825195,43438500
2015-05-15,59.53840663231574,59.69058543375746,59.52391025384598,59.661598205566406,1402700,176.261474609375,176.4025220938169,175.78024707763444,176.261474609375,76510100,16.261999130249023,16.626667022705078,16.166667938232422,16.589332580566406,67914000
2015-05-18,59.61088526967662,59.61088526967662,59.43696186163438,59.444210052490234,3747700,176.0955850883532,177.05802775369216,176.02920754932617,176.8091278076172,74549700,16.46666717529297,16.65999984741211,16.399999618530273,16.583332061767578,50298000
2015-05-19,59.27749846135022,59.40068997506828,59.2485112471673,59.31372833251953,4856500,176.92521911976144,177.19902161819152,176.46888162237798,176.7509765625,72114600,16.562000274658203,16.733333587646484,16.40999984741211,16.47599983215332,55113000
2015-05-20,59.33546736097027,59.39344178933611,59.263002089885866,59.31372833251953,4097400,176.85059685814068,177.37331204809766,176.31129677913978,176.6265869140625,76857500,16.475332260131836,16.516000747680664,16.091333389282227,16.290000915527344,56334000
2015-05-21,59.42247611621358,59.538425064874566,59.386240687569476,59.50218963623047,2314100,176.48550322428738,177.34838570588087,176.31955308609574,177.14096069335938,64764600,16.20199966430664,16.441333770751953,16.157333374023438,16.374666213989258,29559000
2015-05-22,59.465919494628906,59.48765852762524,59.35722432964725,59.465919494628906,816600,176.75929408842902,177.17414411579225,176.6514416902629,176.7178192138672,57433500,16.358667373657227,16.573333740234375,16.333999633789062,16.51533317565918,33346500
2015-05-26,59.46595325131893,59.64711933412577,59.44421420598212,59.61088943481445,1178300,176.228266945015,176.6514220283665,174.4029295598266,174.81777954101562,124308600,16.511999130249023,16.799999237060547,16.433332443237305,16.497333526611328,52480500
2015-05-27,59.62537330891379,59.668851394497764,59.52392075671822,59.639869689941406,2564500,175.2741711023209,176.70954893500715,174.86761343770593,176.47723388671875,93214000,16.567333221435547,16.633333206176758,16.3700008392334,16.495332717895508,51123000
2015-05-28,59.6615872876822,59.69781716972973,59.603612841909225,59.647090911865234,1073300,176.17022636479442,176.3859438363147,175.58943881822523,176.27809143066406,74974600,16.468666076660156,16.786666870117188,16.336666107177734,16.76333236694336,54709500
2015-05-29,59.72680913665713,59.755796361846045,59.63260480135408,59.6688346862793,2494300,176.21167855992059,176.25315342904204,174.9173486699629,175.18284606933594,124919600,16.733333587646484,16.857999801635742,16.6286678314209,16.719999313354492,56839500
2015-06-01,59.680453088713286,59.680453088713286,59.44082955528549,59.46987533569336,1362800,175.84665786635355,176.17853287368334,174.75144755376922,175.5396728515625,93338800,16.76066780090332,16.773332595825195,16.49799919128418,16.6299991607666,37576500
2015-06-02,59.39724514310492,59.41902808664299,59.25201628632707,59.3028450012207,1510000,175.08330724450371,176.05405477905722,174.46103221002957,175.3654022216797,91531000,16.594667434692383,16.626667022705078,16.420000076293945,16.55666732788086,32022000
2015-06-03,59.19394814955573,59.20121098024503,58.97611308812621,59.04146194458008,1390000,175.8964556652323,176.45235332192888,175.3405580085357,175.830078125,87820900,16.546667098999023,16.71466636657715,16.46733283996582,16.599332809448242,26722500
2015-06-04,59.121325455884325,59.25929151371305,59.10680533712553,59.18667984008789,1111300,175.12478391204863,175.78024133719322,174.02957384242922,174.34486389160156,151882800,16.5,16.6200008392334,16.380666732788086,16.39466667175293,36804000
2015-06-05,59.01242410731587,59.07051568081865,58.8889836685605,58.95433807373047,4115300,174.1955282911533,174.7182433899041,173.3907182052303,174.0461883544922,121704700,16.399999618530273,16.64666748046875,16.3786678314209,16.609333038330078,45330000
2015-06-08,59.012394662516854,59.06322337899097,58.98335443017274,59.026920318603516,4954500,173.93831567945017,174.08766826979198,172.90119063064117,172.97586059570312,89063300,16.72333335876465,17.25,16.687332153320312,17.086000442504883,75255000
2015-06-09,58.96155294168401,58.96155294168401,58.823592478776426,58.852638244628906,2883300,172.95095825195312,173.49027083493675,172.32039082500262,172.95095825195312,105034700,17.02666664123535,17.182666778564453,16.94266700744629,17.066667556762695,39166500
2015-06-10,58.75826330759995,58.816354864206104,58.69291446135484,58.729217529296875,1222800,173.71426489286685,175.40685978717306,173.65619248288448,175.0251922607422,134551300,16.793333053588867,16.933332443237305,16.566667556762695,16.713333129882812,51817500
2015-06-11,58.81634744671137,59.01239950063778,58.77278155470884,59.00514221191406,1815900,175.46490816282656,175.9710255414769,175.2325932342868,175.58937072753906,73876400,16.884000778198242,16.95800018310547,16.69533348083496,16.76066780090332,30661500
2015-06-12,58.93984499307898,59.12137710569035,58.90354189450896,58.96162796020508,1785100,174.7680612814801,175.46500645752488,173.9715434658424,174.24534606933594,135382400,16.680667877197266,16.8973331451416,16.680667877197266,16.71266746520996,21334500
2015-06-15,59.092270488599844,59.128579089723615,58.95430999214191,58.96883010864258,2082900,173.1086208896227,173.78067591599498,172.40337077095992,173.4985809326172,124384200,16.64666748046875,16.75200080871582,16.400667190551758,16.691999435424805,32793000
2015-06-16,59.063238701642454,59.121330261230476,58.98336973210399,59.12133026123047,2250700,173.34920223470553,174.52738728945883,173.17497233718007,174.4444122314453,85308200,16.67533302307129,16.895999908447266,16.606666564941406,16.874666213989258,29770500
2015-06-17,59.09229869951594,59.157653104756264,58.888983731954724,59.14312744140625,865700,174.72654724121094,175.33223745113244,173.7060196267391,174.72654724121094,126708600,16.81133270263672,17.624000549316406,16.801332473754883,17.360666275024414,82693500
2015-06-18,59.084993895811756,59.135822596829236,58.961548016272516,59.09951400756836,1210300,175.32391899123522,177.00820911307417,174.75972902303343,176.5435791015625,165867900,17.46666717529297,17.56399917602539,17.334667205810547,17.459333419799805,41740500
2015-06-19,59.21569656796065,59.288308205964576,59.1866508047765,59.26652526855469,1176700,176.30182373940372,176.3768569276957,175.38470903205058,175.7598876953125,130478700,17.49333381652832,17.586666107177734,17.34000015258789,17.500667572021484,36945000
2015-06-22,59.12133226842946,59.172160999815624,58.96884607427097,58.98337173461914,1020000,176.67697185866155,177.24390614570285,176.45185961090112,176.66029357910156,70696000,17.476667404174805,17.626667022705078,17.04599952697754,17.319332122802734,68416500
2015-06-23,58.84542083740235,58.98338694671099,58.816375049131175,58.845420837402344,1096000,176.8687332929665,177.1188566072924,176.39351044536755,176.7853546142578,68476800,17.35466766357422,17.866666793823242,17.238000869750977,17.844667434692383,58062000
2015-06-24,58.92529228697908,58.98338386048185,58.87446354514349,58.95433807373047,6836900,176.51856260613104,176.89374121005542,175.47639274978548,175.50140380859375,92307300,17.798667907714844,17.823333740234375,17.58133316040039,17.67799949645996,36184500
2015-06-25,58.93254988132848,58.9615901255817,58.84541252881819,58.87445831298828,2894500,176.00167167480106,176.12672698393885,174.89280128717357,174.96783447265625,97107400,17.76333236694336,18.0939998626709,17.683332443237305,17.91933250427246,42738000
2015-06-26,58.772765756374,58.80181152320643,58.70741139602265,58.7655029296875,963000,175.3263229424074,175.56811348606794,174.38420999329747,174.93447875976562,104174800,17.926000595092773,17.94066619873047,17.733333587646484,17.805999755859375,57576000
2015-06-29,58.954313876459814,59.10680003938,58.87443938065661,59.063228607177734,2168400,173.45875114834269,174.9427999864751,171.19098855307968,171.26602172851562,202621300,17.463333129882812,17.729999542236328,17.3799991607666,17.468000411987305,52183500
2015-06-30,59.00514221191406,59.164891202476724,58.99061655463652,59.00514221191406,1547800,172.80010020136746,172.8501350423014,171.14930666095873,171.62454223632812,182925100,17.65333366394043,18.06133270263672,17.600000381469727,17.884000778198242,46303500
2015-07-01,58.839982047841794,58.956393119598125,58.810877892140184,58.86180877685547,5399300,173.19198460957617,173.44210796677788,172.21651496611176,173.00022888183594,135979900,18.073999404907227,18.174667358398438,17.856666564941406,17.94333267211914,31518000
2015-07-02,58.97824293983709,59.0655554411266,58.97824293983709,59.007347106933594,1060100,173.47547496516904,173.64221963939704,172.4249593461065,172.84182739257812,104373700,18.68000030517578,18.829999923706055,18.220666885375977,18.667999267578125,107458500
2015-07-06,59.25472622327816,59.25472622327816,59.09465608930524,59.21106719970703,2210700,171.55785267148914,173.1252676311306,171.35775146051736,172.3498992919922,117975400,18.591999053955078,18.779333114624023,18.420000076293945,18.648000717163086,61828500
2015-07-07,59.43661557780449,59.49481835011972,59.26926803588867,59.26926803588867,4183200,172.5499579529365,173.55877109520605,170.17380595557438,173.4337158203125,173820200,18.333332061767578,18.34666633605957,17.384666442871094,17.858667373657227,91576500
2015-07-08,59.400214338915866,59.48752679508346,59.342006034804136,59.43659591674805,1967800,172.09980861176086,172.38327583973646,170.29060275537043,170.5240478515625,164020100,17.288000106811523,17.386667251586914,16.95400047302246,16.997333526611328,93316500
2015-07-09,59.34203132522883,59.356586182984465,59.21106536068699,59.240169525146484,1670900,172.61668341636218,172.87515224406943,170.72411199229873,170.83248901367188,144113100,17.27199935913086,17.530000686645508,17.119333267211914,17.19466781616211,50011500
2015-07-10,58.94915592160357,59.051023311601654,58.89822500213147,58.96371078491211,2038300,172.82510865174763,173.40038845669895,170.87416970419113,172.9835205078125,129456900,17.481332778930664,17.53333282470703,17.187999725341797,17.27666664123535,39163500
2015-07-13,58.83271306616029,58.94185227794493,58.81815821069519,58.825435638427734,2846500,174.24249393444856,175.0011840376992,174.20080458943872,174.89280700683594,106069400,17.483333587646484,17.503332138061523,17.06999969482422,17.477333068847656,44404500
2015-07-14,58.9345817565918,58.985512654586294,58.90547759330186,58.9345817565918,1567700,174.85109465607158,175.95996493406554,174.79272703637704,175.65147399902344,81709600,17.47333335876465,17.732667922973633,17.367332458496094,17.709999084472656,28614000
2015-07-15,58.941847176888096,59.12374399710348,58.92002044663032,59.1019172668457,2631000,175.6931533625977,176.15171062773106,175.11787358650312,175.59310913085938,97914100,17.78266716003418,17.832666397094727,17.472000122070312,17.542667388916016,30324000
2015-07-16,58.98550063740365,59.138293300258525,58.97095133424861,59.1019172668457,1063100,176.6436079459637,177.0021209716797,176.40183015050818,177.0021209716797,106683300,17.614667892456055,17.81333351135254,17.54400062561035,17.778667449951172,24240000
2015-07-17,59.11648458264046,59.16741548577727,59.08010298709184,59.10920715332031,807900,176.99384029452227,177.2106198337727,176.58531772618835,177.15225219726562,89030000,18.166667938232422,18.369333267211914,17.883333206176758,18.310667037963867,75061500
2015-07-20,59.0728261965312,59.0946529316245,58.99279113382136,59.02916717529297,1026900,177.37734308080402,177.73584347269255,176.92713121534828,177.2439422607422,70446800,18.333332061767578,19.110000610351562,18.16933250427246,18.817333221435547,74677500
2015-07-21,59.021879332580454,59.1746719879557,59.00732447908749,59.13829040527344,1422900,177.11055933777794,177.3690282234421,176.2434793633619,176.5436248779297,77965000,18.003332138061523,18.233333587646484,17.770000457763672,17.784666061401367,91630500
2015-07-22,59.16742223605861,59.24745731455492,59.15287292681053,59.1601448059082,1624100,175.8599302436575,176.56027815967443,175.82658640089568,176.22677612304688,88667900,17.417999267578125,17.96266746520996,17.390666961669922,17.857999801635742,46575000
2015-07-23,59.18921210777702,59.32745543926236,59.14555865617082,59.2983512878418,1178400,176.3601524260903,176.4601966622729,174.876103554315,175.23460388183594,90509100,17.976667404174805,17.99333381652832,17.684667587280273,17.81333351135254,33408000
2015-07-24,59.363834472206534,59.378389324178706,59.29835429148047,59.33473587036133,804300,175.33469446500777,175.39304937337204,173.08360966659248,173.41709899902344,117755000,17.825332641601562,18.07266616821289,17.594667434692383,17.694000244140625,42547500
2015-07-27,59.43660731291808,59.45843404338261,59.37839899764569,59.45115661621094,2022800,172.53331692506057,173.04189635575844,171.96636987227896,172.4082489013672,132361100,17.495332717895508,17.6286678314209,16.71933364868164,16.867332458496094,70413000
2015-07-28,59.37839691174075,59.40750106835455,59.342015328210934,59.34929275512695,1434700,173.24199465957545,174.66768879097515,172.4166041766928,174.5259552001953,123544800,17.049999237060547,17.69333267211914,16.78933334350586,17.654666900634766,58437000
2015-07-29,59.34928216506545,59.35655959068292,59.2546978362356,59.2983512878418,1020500,174.65103579980737,175.9516620887631,174.50930218850357,175.7265625,105791300,17.618000030517578,17.859333038330078,17.46666717529297,17.58799934387207,41851500
2015-07-30,59.28379152193684,59.35654911211927,59.25468737565421,59.320167541503906,788000,175.21793500317514,175.9349483664293,174.60096587420767,175.76820373535156,91304400,17.512666702270508,17.79599952697754,17.474000930786133,17.785999298095703,30519000
2015-07-31,59.502091419954596,59.53847300715661,59.45843795615284,59.52391815185547,1589100,176.2684392962481,176.2934503550564,175.21793666089977,175.50140380859375,103266900,17.84000015258789,17.957332611083984,17.674667358398438,17.74333381652832,33339000
2015-08-03,59.56690409519598,59.676269172795955,59.52316028917156,59.66168975830078,2085800,175.46806861139632,175.52642351088926,173.9589958987843,174.90945434570312,113965700,17.752666473388672,17.78066635131836,17.13800048828125,17.332666397094727,38302500
2015-08-04,59.6106627710554,59.62524218782693,59.44296888421408,59.45755386352539,1007300,174.8344463902207,175.293003760113,174.08408903716236,174.56765747070312,81820800,17.333999633789062,17.781333923339844,17.222667694091797,17.75200080871582,35287500
2015-08-05,59.38467251651393,59.399257503788746,59.282599855761504,59.36280059814453,2097000,175.4596942497766,176.1767075371848,174.85940346395583,175.14288330078125,85786800,17.57200050354004,18.066667556762695,17.360000610351562,18.0086669921875,93214500
2015-08-06,59.37736286172948,59.45756357341973,59.36277788003633,59.399234771728516,1173000,175.32628370010627,175.43467341761115,173.12522184868564,173.70884704589844,116030800,16.63599967956543,17.0,15.7413330078125,16.408666610717773,219357000
2015-08-07,59.49404420295519,59.57424495414372,59.45759285585167,59.52320861816406,1773800,173.5504410615659,173.70050739381094,172.4749147932834,173.37535095214844,117858000,16.238666534423828,16.248666763305664,15.892666816711426,16.167333602905273,76101000
2015-08-10,59.47943548341877,59.5013073934178,59.36277788003633,59.399234771728516,1173300,174.4842574429596,175.64314989691428,174.4842574429596,175.55978393554688,80270700,15.876667022705078,16.197999954223633,15.736666679382324,16.076000213623047,62788500
2015-08-11,59.59610262057534,59.70546776081453,59.57423070503592,59.625267028808594,1424200,174.22581609792064,174.64268410548195,173.21698992202937,173.97569274902344,126081400,15.8100004196167,15.953332901000977,15.629332542419434,15.824666976928711,63973500
2015-08-12,59.72732282401168,59.80752353338861,59.58879887716651,59.60337829589844,1029700,172.6750373934088,174.36752020008473,171.21599961373644,174.18409729003906,172123700,15.666666984558105,15.98466682434082,15.515999794006348,15.878000259399414,55920000
2015-08-13,59.54508506661808,59.60341390147102,59.45759737688252,59.479469299316406,845500,174.0257316203212,174.70940132497384,173.42544061392488,173.96737670898438,89383300,15.990667343139648,16.43199920654297,15.941332817077637,16.167333602905273,70338000
2015-08-14,59.45755386352539,59.545041489234094,59.42838946744256,59.45755386352539,2279800,173.7755643017148,174.67600058360037,173.6338307279643,174.60096740722656,72786500,16.482667922973633,16.528667449951172,16.118000030517578,16.209999084472656,65472000
2015-08-17,59.596131432831086,59.62529585516413,59.537808150709786,59.56696701049805,821900,174.00906187998444,175.57647705078125,173.55050449419164,175.57647705078125,79072600,17.03733253479004,17.106000900268555,16.700666427612305,16.999332427978516,107650500
2015-08-18,59.49400518672409,59.537754562118224,59.43567639455843,59.45755386352539,1083900,175.30134670011097,175.65151433328523,174.83445652254528,175.06790161132812,71692700,17.025333404541016,17.39666748046875,16.90399932861328,17.381332397460938,62925000
2015-08-19,59.39921874418862,59.69085711141198,59.362761862333514,59.66897964477539,1356600,174.32586652045595,175.09290215490807,172.87517394473667,173.68389892578125,172946000,17.35533332824707,17.376667022705078,17.001333236694336,17.016666412353516,54064500
2015-08-20,59.69088259164465,59.76379082393801,59.669005115669236,59.72004699707031,1536900,172.17478180084714,173.6588305616013,169.99873077406508,170.05709838867188,194327900,16.804000854492188,16.970666885375977,16.126667022705078,16.14533233642578,73587000
2015-08-21,59.763802080951194,59.85128975116564,59.69089383492496,59.81483840942383,3459200,168.18958459097217,170.03214702105623,164.67956263609406,164.93801879882812,346588500,15.733332633972168,16.253332138061523,15.36733341217041,15.38466739654541,98853000
2015-08-24,60.00439039210604,60.09917053371901,59.73462382553499,59.80023956298828,4751800,156.31717608187415,164.64619105211446,152.07344993271698,157.99298095703125,507244300,13.519332885742188,15.426667213439941,13.0,14.591333389282227,143724000
2015-08-25,59.72732282401168,59.72732282401168,59.49401318651712,59.60337829589844,5325500,162.93700341049941,162.95368169086757,155.84191536900306,156.13372802734375,369833100,15.368000030517578,15.393333435058594,14.607999801635742,14.66866683959961,64909500
2015-08-26,59.45025909402557,59.596075506308054,59.31172960857951,59.34818649291992,2742500,160.14398522546526,162.40340227776665,157.05081959287378,162.12828063964844,339257000,15.195332527160645,15.199999809265137,14.36733341217041,14.989333152770996,74445000
2015-08-27,59.326329320566884,59.50860266245595,59.311744338192824,59.428401947021484,2671000,164.2626591901485,166.26362036631141,162.75359916753715,166.13856506347656,274143900,15.399999618530273,16.316667556762695,15.387332916259766,16.19933319091797,114840000
2015-08-28,59.559626468545396,59.5960777917441,59.42838946744256,59.45755386352539,2723900,165.49662894695211,166.61383235613175,165.01306044406743,166.14694213867188,160414400,16.124000549316406,16.76333236694336,16.10466766357422,16.565332412719727,82705500
2015-08-31,59.5523268317754,59.56690624679719,59.37005355003791,59.37734603881836,3103700,165.17141124248494,166.02182537926092,164.2542967104913,164.8045654296875,163298800,16.374666213989258,16.996667861938477,16.367332458496094,16.604000091552734,70503000
2015-09-01,59.463588114704905,59.573179330067106,59.427055851570586,59.522037506103516,2577700,161.01109506866067,162.3867671258326,159.0184665026377,159.88555908203125,256000400,16.022666931152344,16.399999618530273,15.79800033569336,15.908666610717773,81822000
2015-09-02,59.4635953125796,59.54396184197061,59.41976105074503,59.47821044921875,1934700,162.26167538279665,162.96202320130396,160.42745896303018,162.9203338623047,160269300,16.35333251953125,16.525333404541016,15.985333442687988,16.512666702270508,69438000
2015-09-03,59.55856419519708,59.5950964583314,59.47089568213992,59.522037506103516,2503000,163.62907024127574,165.12146523835858,162.54522330434395,163.03712463378906,152087800,16.804000854492188,16.80533218383789,16.333332061767578,16.3713321685791,62922000
2015-09-04,59.62433666102616,59.690088062919536,59.52936055583277,59.66817092895508,1213800,160.78599337005926,161.62806215377893,159.75215614582967,160.5692138671875,207081000,16.05933380126953,16.272666931152344,15.880000114440918,16.1286678314209,55338000
2015-09-08,59.55856419519708,59.55856419519708,59.47820324957494,59.522037506103516,1194600,163.36218825996093,164.75452546456324,162.72020815711616,164.6044464111328,116025700,16.336666107177734,16.610666275024414,16.270000457763672,16.544666290283203,47073000
2015-09-09,59.339384561325915,59.59509366917625,59.3247694271399,59.50741958618164,4265400,166.18026284486263,166.3053181540487,162.03659397647715,162.40342712402344,149347700,16.803333282470703,16.950000762939453,16.553333282470703,16.5939998626709,50862000
2015-09-10,59.492781312369225,59.492781312369225,59.38319015502929,59.3831901550293,1889000,162.21167436195108,164.42941517842976,161.95321823706104,163.28720092773438,158611100,16.48200035095215,16.71466636657715,16.35533332824707,16.565332412719727,40635000
2015-09-11,59.53664428051317,59.56586897484471,59.48550245894311,59.50741958618164,1411500,162.8953391442491,164.0959209857846,162.1866584755701,164.0292205810547,119691200,16.50933265686035,16.682666778564453,16.315332412719727,16.682666778564453,35262000
2015-09-14,59.58048689750213,59.587788890896384,59.500120377839224,59.522037506103516,905900,164.20432249066465,164.2543446212188,162.93704005547906,163.4206085205078,79452000,16.739999771118164,16.950000762939453,16.64466667175293,16.87933349609375,43363500
2015-09-15,59.463555347635136,59.470862911043355,59.22245592150297,59.273597717285156,1697300,163.92082498705662,165.90512061114862,163.37890171043026,165.46324157714844,113806200,16.850000381469727,16.97333335876465,16.633333206176758,16.904666900634766,44002500
2015-09-16,59.22976442744229,59.280906224038304,59.178622630846284,59.2370719909668,1579000,165.76339385199034,167.08903100857285,165.4215590465416,166.8972625732422,99581600,16.869333267211914,17.525333404541016,16.858667373657227,17.483333587646484,66256500
2015-09-17,59.20785426684958,59.57315444946289,59.19323913808353,59.57315444946289,1833200,166.7638853009481,169.1567036506817,166.14691605513212,166.5220947265625,276046600,17.597333908081055,17.700000762939453,17.37933349609375,17.471332550048828,53787000
2015-09-18,59.63890063827475,59.74849179836887,59.60967595731379,59.74118423461914,1639800,164.01877931187536,166.50783687324343,163.39022645170527,163.80087280273438,223657500,17.19733238220215,17.58799934387207,17.166667938232422,17.374666213989258,56446500
2015-09-21,59.63162872146572,59.66815541055928,59.47820324957494,59.522037506103516,933800,164.63055861904252,165.66975777619078,163.5997355626022,164.64732360839844,105726200,17.59866714477539,18.10466766357422,17.053333282470703,17.613332748413086,91803000
2015-09-22,59.61701862244035,59.74852697717534,59.602409060377006,59.63163375854492,1444000,162.4851128142571,162.97119523935484,161.37885361480554,162.51025390625,153890900,17.268667221069336,17.510000228881836,17.058000564575195,17.395999908447266,54966000
2015-09-23,59.66085845671283,59.690077580839514,59.58049193026138,59.63163375854492,709000,162.67785382616628,163.1471712270909,161.67217185447925,162.2504425048828,92790600,17.463333129882812,17.472000122070312,17.172000885009766,17.40399932861328,39012000
2015-09-24,59.79234806841785,59.80696320130351,59.63892261735848,59.65353775024414,1454400,161.03525019150445,162.12474445816738,159.70272109335767,161.66380310058594,159378800,17.302000045776367,17.56333351135254,17.08066749572754,17.541332244873047,51723000
2015-09-25,59.616985156401164,59.6389022742136,59.54392623901367,59.54392623901367,1134000,163.12202764694086,163.42373351263564,160.7502868003842,161.62188720703125,155054800,17.77400016784668,17.79400062561035,17.07666778564453,17.12733268737793,56601000
2015-09-28,59.63895354033275,59.74123722740673,59.573202130375,59.69740295410156,1305000,160.72515737628274,160.8341106320066,157.2555460629324,157.5656280517578,178515900,17.156667709350586,17.319332122802734,16.44066619873047,16.562000274658203,73516500
2015-09-29,59.7046575639464,59.821550713752295,59.690042436446944,59.74118423461914,1256600,157.78355517661606,159.0155199795745,156.66053085567307,157.6578369140625,159045600,16.69733238220215,16.98200035095215,16.36400032043457,16.44333267211914,55548000
2015-09-30,59.75580964776849,59.865400826726315,59.726584961777135,59.85809326171875,4432000,159.54349491300738,160.7670836071366,158.7640953986758,160.59947204589844,163452000,16.799999237060547,16.82666778564453,16.1560001373291,16.559999465942383,73944000
2015-10-01,59.948874991492616,60.0001193801327,59.882991742620845,59.89030838012695,2023700,160.97658756861168,161.32019955209685,159.08255279057036,161.01849365234375,131079000,16.500667572021484,16.566667556762695,15.808667182922363,15.991999626159668,68595000
2015-10-02,60.15383320778998,60.27828302801926,60.02938338756069,60.11723327636719,1770400,159.04063173097632,163.44887766254922,158.495878269638,163.42373657226562,211003300,15.706666946411133,16.51333236694336,15.661999702453613,16.504667282104492,66360000
2015-10-05,60.044053069196984,60.044053069196984,59.88300323486328,59.88300323486328,4199900,164.64730088545105,166.5581001942391,164.53834765158405,166.33181762695312,126320800,16.589332580566406,16.6560001373291,16.275333404541016,16.40999984741211,55348500
2015-10-06,59.956190198785485,60.0220734399483,59.882984735753865,59.9635124206543,1925300,166.19768664808453,166.75919210473333,165.09981681583568,165.7618865966797,110274500,16.0,16.20199966430664,15.70533275604248,16.097333908081055,78378000
2015-10-07,59.93422911839788,60.0074345814295,59.882984735753865,59.9635124206543,1871000,166.69218957934794,167.4716016642994,165.50213120205433,167.11961364746094,124307300,15.775333404541016,15.846667289733887,15.274666786193848,15.46399974822998,102210000
2015-10-08,59.97085122993837,60.00745676759752,59.83907911367467,59.86836242675781,1118100,166.73409610650796,168.91308416476795,166.4323902644095,168.62814331054688,153055200,15.338666915893555,15.381333351135254,14.753999710083008,15.114666938781738,91998000
2015-10-09,59.795139702686015,59.91226733603953,59.795139702686015,59.86102294921875,1197400,168.77065059171088,169.20643806817367,168.1001915975367,168.72874450683594,107069200,14.728667259216309,14.958000183105469,14.557332992553711,14.712667465209961,92376000
2015-10-12,59.91226245279146,60.0074345814295,59.882984735753865,59.9635124206543,864100,168.80412730347533,169.0890681515825,168.37671603131454,168.887939453125,56395600,14.866000175476074,14.866666793823242,14.351332664489746,14.371999740600586,57544500
2015-10-13,59.98547558189136,60.02939774419019,59.926908975346905,60.00011444091797,971700,168.15881617556323,169.42431063021064,167.65598162169104,167.82359313964844,88038700,14.218667030334473,14.834667205810547,14.075332641601562,14.616666793823242,77572500
2015-10-14,60.0879925754607,60.219764709472656,60.05870925843342,60.219764709472656,786300,167.76497108768604,168.34324186332964,166.72577169998368,167.0190887451172,99106200,14.711333274841309,14.729999542236328,14.362000465393066,14.458666801452637,46566000
2015-10-15,60.13919798711464,60.19044236237792,60.073309170222984,60.10259246826172,2264300,167.68110349131211,169.59190271048726,167.3123505213068,169.58352661132812,134142200,14.428667068481445,14.781999588012695,14.24666690826416,14.753999710083008,42663000
2015-10-16,60.07330522107342,60.139194033633615,60.0586663656254,60.08062744140625,1241200,169.98580024510346,170.37130542131746,169.22315320406815,170.35455322265625,114580100,14.869333267211914,15.36533260345459,14.857999801635742,15.133999824523926,65017500
2015-10-19,60.08794966173908,60.117232957852764,60.01474421406369,60.08062744140625,840100,169.7092678031965,170.43838500976562,169.39918582577107,170.43838500976562,76523900,15.100000381469727,15.40999984741211,14.996000289916992,15.206666946411133,37618500
2015-10-20,59.985469818115234,60.01475311857374,59.95618651765673,59.985469818115234,1348200,170.00258054949444,170.83226203580736,169.75115687960545,170.22047424316406,78448500,15.1813325881958,15.239999771118164,13.466667175292969,14.20199966430664,223500000
2015-10-21,60.095298767089844,60.16118761525061,60.05137659179645,60.095298767089844,943500,170.63953499864772,170.79038155042025,168.9969111921257,169.16453552246094,102038000,14.13266658782959,14.320667266845703,13.920000076293945,14.005999565124512,62272500
2015-10-22,60.09527482149331,60.241691322831215,60.09527482149331,60.19776916503906,1101300,170.11147887478077,172.2317953737292,169.16446828210243,172.02227783203125,174911700,14.104000091552734,14.383333206176758,13.960000038146973,14.114666938781738,42378000
2015-10-23,60.08797224792005,60.08797224792005,60.02940563367835,60.044044494628906,1367100,173.6901262741854,174.2767731177643,172.89396178733242,173.90802001953125,144442300,14.333333015441895,14.356666564941406,13.845999717712402,13.939332962036133,63532500
2015-10-26,60.13191210978485,60.17583429078033,60.10995101928711,60.10995101928711,1512200,173.73201452401705,173.79067280838166,173.1118377599379,173.4805908203125,69033000,14.092000007629395,14.392000198364258,14.0,14.350666999816895,50871000
2015-10-27,60.21975636144878,60.23439522532228,60.12458419799805,60.12458419799805,929400,172.81011938125604,173.48057828002285,172.46650743729634,173.14535522460938,77905800,14.322667121887207,14.473333358764648,13.833999633789062,14.023332595825195,52791000
2015-10-28,60.161181036609094,60.161181036609094,59.94888123720493,59.95620346069336,2617300,173.48055729377796,175.13993295683485,172.81848736364915,175.1147918701172,135906700,14.087332725524902,14.229999542236328,13.886667251586914,14.197333335876465,40929000
2015-10-29,59.88301755289573,59.88301755289573,59.71463986895158,59.74392318725586,943200,174.61195103053916,175.38297416717518,174.49462170078885,175.01422119140625,90525500,14.116666793823242,14.25,14.042667388916016,14.108667373657227,27075000
2015-10-30,59.743887880741234,59.87565994262695,59.7292434376325,59.87565994262695,1474100,175.20706429770482,175.5255352663927,174.10081758680366,174.26004028320312,131076900,14.026666641235352,14.108667373657227,13.592666625976562,13.795332908630371,66583500
2015-11-02,59.7429030008006,59.81626006072877,59.720896442500646,59.757572174072266,2939200,174.58679552115595,176.51434680953145,174.461077314564,176.32159423828125,86270800,13.928000450134277,14.386667251586914,13.814666748046875,14.252667427062988,58918500
2015-11-03,59.71352259813787,59.74286652354957,59.61082165758764,59.65483474731445,3997100,175.96967410022543,177.3860153733307,175.74339147149564,176.8328857421875,95246100,14.256667137145996,14.295999526977539,13.850000381469727,13.890000343322754,124987500
2015-11-04,59.70621656581585,59.742897891035064,59.58884639932634,59.69154739379883,3594400,177.1262338390279,177.25193931911244,175.76017461170807,176.29653930664062,96224500,15.133333206176758,15.515999794006348,15.013333320617676,15.442000389099121,190896000
2015-11-05,59.676883708349344,59.69155847987624,59.50082562752488,59.581520080566406,1715400,176.3551726375853,176.816113979219,175.23216121465313,176.12051391601562,78408700,15.371999740600586,15.638667106628418,15.279333114624023,15.451333045959473,67452000
2015-11-06,59.40541330830055,59.43475163373634,59.295374999183224,59.34672546386719,1198700,175.77686368455153,176.26294597750453,174.70413475801305,176.0282745361328,110471500,15.380000114440918,15.557332992553711,15.300000190734863,15.490667343139648,36679500
2015-11-09,59.251410507762124,59.368786303978666,59.23674133162806,59.29542922973633,2358300,175.4165348072266,175.56739414738445,173.43868791009058,174.38571166992188,131008700,15.53266716003418,15.53266716003418,14.954000473022461,15.022000312805176,57763500
2015-11-10,59.368764690917786,59.44945912224354,59.30273943038582,59.361427307128906,1421000,173.9079721910716,174.82147858334838,173.6397963311649,174.78794860839844,75874600,14.898667335510254,14.91333293914795,14.405332565307617,14.433333396911621,69255000
2015-11-11,59.36874771118164,59.39809164116068,59.32473461460426,59.36874771118164,1303500,175.0562149222683,175.10649711906302,174.03376762762824,174.10081481933594,67846000,14.517999649047852,14.631999969482422,14.241999626159668,14.60533332824707,50217000
2015-11-12,59.449478592558165,59.46414776815626,59.3761215209961,59.376121520996094,1263900,173.06156452946777,173.53088198042622,171.65361217659247,171.6703643798828,121315200,14.523332595825195,14.600000381469727,14.177332878112793,14.196000099182129,43738500
2015-11-13,59.42744748580121,59.508141910226485,59.42744748580121,59.48612976074219,1583300,171.2597162378276,171.5278921550629,169.65899847215078,169.7427978515625,153577100,14.196666717529297,14.199333190917969,13.767999649047852,13.812666893005371,51454500
2015-11-16,59.508141910226485,59.56682418516746,59.456791421663446,59.48612976074219,949100,169.55839847536257,172.38269144815004,169.44105635054686,172.3240203857422,117645200,13.739333152770996,14.331999778747559,13.720000267028809,14.287332534790039,43881000
2015-11-17,59.442165681036926,59.596217273782095,59.39081515012187,59.55220413208008,1155900,172.6341492455715,173.51411305218159,171.70389046640724,172.19834899902344,121123700,14.346667289733887,14.399999618530273,14.09333324432373,14.266667366027832,32230500
2015-11-18,59.51550502020339,59.559523745555985,59.471491891637235,59.52284240722656,944100,172.67602370486216,175.07290561750696,172.63413041421526,174.93043518066406,121342500,14.300000190734863,14.7586669921875,14.168000221252441,14.73799991607666,42178500
2015-11-19,59.62552218143756,59.64019695025224,59.58884645296977,59.603515625,1085500,174.81308872002745,175.1986067021689,174.4862417997517,174.77957153320312,88220500,14.702667236328125,15.079333305358887,14.686667442321777,14.786666870117188,37566000
2015-11-20,59.65484869054845,59.65484869054845,59.566816893737496,59.588829040527344,1273800,175.53384851339226,176.09535416536397,175.03939003018522,175.41651916503906,94011500,14.899333000183105,15.0,14.238666534423828,14.667332649230957,66010500
2015-11-23,59.57416233894911,59.647519381161864,59.53014923297817,59.610843658447266,1647300,175.4751928567913,175.97802744813458,174.75445176671988,175.21539306640625,64931200,14.489999771118164,14.612000465393066,14.312000274658203,14.516667366027832,37893000
2015-11-24,59.63286209106446,59.67687520580337,59.60351814897695,59.63286209106445,1361900,174.20961357516958,175.85223646566922,173.824108521437,175.44996643066406,98874400,14.357999801635742,14.733332633972168,14.333333015441895,14.550000190734863,37204500
2015-11-25,59.662204310640355,59.68421086737446,59.618185600387626,59.64019775390625,904600,175.57574276884174,175.77688426159057,175.16508368329,175.42489624023438,51980100,14.755999565124512,15.388667106628418,14.692000389099121,15.309332847595215,59862000
2015-11-27,59.69151058323126,59.7061797462021,59.647491900756755,59.669498443603516,516000,175.5170995987319,175.8271943811606,175.03940606095202,175.6260528564453,37317800,15.404000282287598,15.483332633972168,15.133999824523926,15.440667152404785,29241000
2015-11-30,59.662204310640355,59.69888003960236,59.61085381266594,59.64019775390625,6285200,175.78527952413694,175.90260887737918,174.78797362760773,174.8969268798828,112822700,15.452667236328125,15.618666648864746,15.272000312805176,15.350666999816895,39897000
2015-12-01,59.66737831633156,59.87320304799712,59.645326467696435,59.8658561706543,1780200,175.52549796832068,176.68203941900245,175.24893315237756,176.564697265625,97858400,15.404000282287598,15.866666793823242,15.403332710266113,15.812666893005371,56010000
2015-12-02,59.83643335811416,59.84378584148976,59.74822038251165,59.79232406616211,1413700,176.5143197817157,176.8327905107937,174.51133276090704,174.76275634765625,108441300,15.800000190734863,15.90666675567627,15.415332794189453,15.465999603271484,44722500
2015-12-03,59.65271165528312,59.65271165528312,59.30721754845561,59.32926940917969,2510600,175.01419983587758,175.28237564775307,171.5948719158949,172.31561279296875,166224200,15.6986665725708,15.829999923706055,15.333333015441895,15.513999938964844,44094000
2015-12-04,59.44687949315293,59.57184376074442,59.38807079959022,59.564491271972656,3815200,172.31570246678578,175.96969091918655,172.31570246678578,175.67636108398438,192913900,15.497332572937012,15.5513334274292,15.177332878112793,15.358667373657227,38604000
2015-12-07,59.58652457492577,59.75559811419318,59.571825210265274,59.66738510131836,1543300,175.34940094066684,175.76843598468847,173.6481196849738,174.61190795898438,102027100,15.180000305175781,15.708666801452637,15.076666831970215,15.408666610717773,47163000
2015-12-08,59.726217367166406,59.740916737632844,59.623304948982856,59.68211364746094,1687300,173.05318491064102,174.56170160436466,172.45814921945004,173.43869018554688,103372400,15.168000221252441,15.25333309173584,14.946666717529297,15.114666938781738,40314000
2015-12-09,59.62329641980659,59.733561311602934,59.52038401634478,59.66005325317383,2076900,172.80173567385899,174.88852275963552,171.1172060065192,172.08937072753906,162401500,15.113332748413086,15.166666984558105,14.714667320251465,14.968000411987305,45867000
2015-12-10,59.704158534625314,59.704158534625314,59.63799735448772,59.65270233154297,2004100,172.1564097185433,173.84092651795578,171.92175104363824,172.53353881835938,116128900,14.980667114257812,15.232666969299316,14.909333229064941,15.137999534606934,31075500
2015-12-11,59.81440734863281,59.8511585647796,59.74089369973123,59.81440734863281,1994400,170.42156985452317,171.08363964530918,168.87951106207322,169.18960571289062,211173300,15.015999794006348,15.050000190734863,14.442667007446289,14.468000411987305,49030500
2015-12-14,59.68945620153406,59.73356552634812,59.52774070490168,59.53508758544922,2974600,169.3488617974309,170.17016706298082,167.57214416909764,170.04444885253906,182385200,14.500666618347168,14.727999687194824,14.324666976928711,14.571999549865723,42406500
2015-12-15,59.45418236244343,59.51299101247283,59.410078679072164,59.46888732910156,1806300,171.55305551868912,172.7347381768895,170.0193847302054,171.82962036132812,154069600,14.788000106811523,14.814666748046875,14.533332824707031,14.739333152770996,33666000
2015-12-16,59.44690322621206,59.542463185172714,59.314586417023804,59.402793884277344,2332700,172.9525654775375,174.6454710813745,171.63680174288578,174.34376525878906,197017000,14.80666732788086,15.658666610717773,14.715332984924316,15.633999824523926,76564500
2015-12-17,59.48358922329247,59.55709723481215,59.46153738066675,59.5276985168457,2290500,174.65386687143496,174.72091403822824,171.6703382828012,171.68710327148438,173092500,15.595999717712402,15.850666999816895,15.320667266845703,15.559332847595215,49479000
2015-12-18,59.608591443137556,59.66740013320298,59.55713524140665,59.66005325317383,3211500,170.9469351054431,171.0818146567759,168.4683416450139,168.62852478027344,251393500,15.526000022888184,15.726667404174805,15.28600025177002,15.36400032043457,45213000
2015-12-21,59.68210799786283,59.71151234431841,59.57184310073082,59.593894958496094,3158300,169.80035600673932,170.1965943918638,168.6875130023776,170.01954650878906,99094300,15.446000099182129,15.722000122070312,15.405332565307617,15.503999710083008,29298000
2015-12-22,59.564471935156696,59.57182442154157,59.49831638260444,59.51301574707031,2348600,170.90474783070158,171.8574076490797,169.91837134677345,171.5623321533203,111026200,15.666000366210938,15.770000457763672,15.308667182922363,15.329999923706055,29422500
2015-12-23,59.43194608220997,59.52040481567383,59.40982577456033,59.52040481567383,2538600,172.56557498754754,173.7289993524299,172.47283807637507,173.6868438720703,110987200,15.478667259216309,15.563332557678223,15.208666801452637,15.313332557678223,23325000
2015-12-24,59.527786114559134,59.586762360847636,59.490924554557715,59.56464767456055,1361700,173.43393705200427,173.94820307781427,173.18101701464653,173.40020751953125,48539600,15.370667457580566,15.458666801452637,15.218667030334473,15.371333122253418,10620000
2015-12-28,59.49829799141488,59.62361829656464,59.49829799141488,59.56464767456055,1580600,172.70889178931722,173.0461099010935,171.93327984099471,173.00396728515625,65899900,15.432666778564453,15.465332984924316,15.03600025177002,15.263333320617676,28519500
2015-12-29,59.513057233940614,59.513057233940614,59.35087533508259,59.38036346435547,2586600,174.0999897995572,175.1791035487547,174.0662731229169,174.85031127929688,92640700,15.337332725524902,15.847999572753906,15.303333282470703,15.812666893005371,36094500
2015-12-30,59.36557632250978,59.45404065032693,59.32134697074209,59.417179107666016,2367200,174.60579258526704,174.6901035548786,173.46765881575018,173.61097717285156,63317700,15.773332595825195,16.242000579833984,15.711333274841309,15.87266731262207,55468500
2015-12-31,59.51303775165897,59.572008366614426,59.44668807644394,59.535152435302734,2419700,172.9365137681449,173.57723329901134,171.87425231933594,171.87425231933594,114877900,15.900667190551758,16.229999542236328,15.891332626342773,16.000667572021484,40725000
2016-01-04,59.557317263214266,59.660522956635,59.490967532136104,59.505714416503906,2750500,169.02467694017935,169.4799225296737,167.4228592692011,169.47149658203125,222353500,15.381333351135254,15.425333023071289,14.600000381469727,14.894000053405762,102406500
2016-01-05,59.53514304569398,59.63834863594359,59.490908061099255,59.57937240600586,1513600,169.79192589823398,170.2134550219774,168.6538049825555,169.75820922851562,110845800,15.090666770935059,15.12600040435791,14.666666984558105,14.895333290100098,47802000
2016-01-06,59.734181867720345,59.84476089477539,59.697325941557295,59.84476089477539,2391100,167.21211368618393,168.66217441506802,166.58825902508883,167.61679077148438,152112600,14.666666984558105,14.670000076293945,14.398667335510254,14.602666854858398,56686500
2016-01-07,59.800524285395326,59.859494884965116,59.68994527174329,59.85212707519531,2792900,164.67454181615454,166.45339493899422,163.20761607684997,163.59542846679688,213436100,14.279333114624023,14.562666893005371,14.244667053222656,14.376667022705078,53314500
2016-01-08,59.815255660354,59.94794932998699,59.78576755329319,59.92583465576172,1405100,164.55653231278043,165.1129538128163,161.51309169258369,161.7997283935547,209817200,14.52400016784668,14.696000099182129,14.0513334274292,14.066666603088379,54421500
2016-01-11,59.79315386967392,59.83001541751278,59.675201416015625,59.675201416015625,2146900,162.71867774379808,163.05590878200323,160.02933257438642,161.95993041992188,187941300,14.267333030700684,14.296667098999023,13.533332824707031,13.856666564941406,61371000
2016-01-12,59.771052294177146,59.9553488252093,59.712076054418745,59.83002853393555,1645300,163.40146337567285,164.01689194666832,161.14206185973615,163.26657104492188,172330500,14.106666564941406,14.249333381652832,13.687333106994629,13.998000144958496,46378500
2016-01-13,59.859502676103695,60.04379918141717,59.830020184622576,59.977455139160156,2887800,163.93267001905855,164.27832698024162,158.81531325949402,159.19468688964844,221168900,14.133999824523926,14.176667213439941,13.333333015441895,13.354000091552734,61896000
2016-01-14,59.96267617260357,60.058513903608144,59.87421749694396,59.90370559692383,4545800,159.80166644313084,162.92940481013775,158.20828713856892,161.80813598632812,240795600,13.480667114257812,14.0,12.892000198364258,13.745332717895508,97360500
2016-01-15,60.080641128752966,60.09538236968367,59.97743556939453,60.00692367553711,1773900,157.4579876827775,159.13566531111854,156.40416490555924,158.3347625732422,324846400,13.264666557312012,13.671333312988281,13.149999618530273,13.666000366210938,83679000
2016-01-19,60.00695647666576,60.00695647666576,59.88163617526785,59.9332389831543,3856700,160.14735061786772,160.27380420958087,156.97744336907945,158.5455322265625,195244400,13.913999557495117,14.031332969665527,13.385333061218262,13.64799976348877,60580500
2016-01-20,60.10272485436067,60.16170103627797,59.93317536169627,59.99951934814453,7796900,155.99101058300855,158.0733647369332,152.61035285355692,156.51370239257812,286547800,13.293333053588867,13.41866683959961,12.75,13.24666690826416,87579000
2016-01-21,60.102759367156914,60.12487404200524,59.95532445198042,59.96269226074219,3062600,156.98591478207572,159.228440413078,155.6623068817454,157.3905792236328,195772900,13.436667442321777,13.548666954040527,13.001333236694336,13.33133316040039,47493000
2016-01-22,59.94795189384425,59.95532532699514,59.85948756887836,59.94057846069336,3004100,159.99556292576025,160.82175625014105,159.23681579211092,160.6194305419922,168319600,13.653332710266113,13.699999809265137,13.268667221069336,13.50333309173584,46861500
2016-01-25,60.006928110488175,60.02904278565925,59.933210651824055,59.94057846069336,2164700,160.11360839355606,160.3075081734972,157.997536987637,158.19143676757812,130371700,13.337332725524902,13.571332931518555,13.058667182922363,13.092000007629395,40480500
2016-01-26,60.01433437247469,60.05856374701105,59.9479846863855,60.029075622558594,2659100,158.84902781199466,160.62788116564204,158.51180967058326,160.34967041015625,141036800,13.113332748413086,13.187999725341797,12.592000007629395,12.904000282287598,74463000
2016-01-27,59.97009937365368,60.08067843427923,59.896381874664876,60.029075622558594,1734400,159.8270312456447,161.4962834661064,157.7025202333877,158.60459899902344,185681700,12.825332641601562,12.883999824523926,12.38466739654541,12.538000106811523,54258000
2016-01-28,60.01434022168305,60.102798979377255,59.984852094356576,60.07331085205078,1487600,160.14734498842466,160.3496707280536,157.7867794017223,159.4307403564453,143798800,12.719332695007324,12.751999855041504,12.160667419433594,12.646666526794434,68892000
2016-01-29,60.27232830292978,60.301816417534575,60.19123739383727,60.250213623046875,3634300,160.19796246086153,163.45216843377244,160.07993479817773,163.31727600097656,210529300,12.66333293914795,12.916000366210938,12.538666725158691,12.74666690826416,42784500
2016-02-01,60.22357332232377,60.30483718512805,60.08321307988966,60.12753677368164,2255300,162.314018537112,164.04229067887618,161.73230623370387,163.25823974609375,136061600,12.583999633789062,13.3013334274292,12.183333396911621,13.129332542419434,79464000
2016-02-02,60.33443450927735,60.37137470664707,60.26794891755119,60.334434509277344,2554600,161.8334403978046,161.84186634784507,159.79322845197512,160.31593322753906,182564900,12.82800006866455,12.874667167663574,12.01533317565918,12.185333251953125,86604000
2016-02-03,60.327052210597344,60.52651462613127,60.25317181434939,60.37876510620117,3238200,161.36971442187453,161.6816417258593,157.73613696049483,161.2769775390625,205054900,12.239333152770996,12.262666702270508,11.345333099365234,11.565333366394043,118971000
2016-02-04,60.386144063706745,60.47479715072077,60.34920950466275,60.4230842590332,1179000,160.77964692255767,162.4994801181011,160.14735322560009,161.52996826171875,139531800,11.380000114440918,11.732000350952148,11.13266658782959,11.688667297363281,65781000
2016-02-05,60.35662831593117,60.43050874977061,60.2827535183775,60.364017486572266,2360200,161.015631467722,161.58890465969674,157.8204348523132,158.45272827148438,180788300,11.420000076293945,11.533332824707031,10.515999794006348,10.84000015258789,141564000
2016-02-08,60.51912517363593,60.68165302656174,60.46741227827616,60.62255096435547,2519500,156.6149455486678,156.91000823816955,154.1110613436716,156.3198699951172,191526700,10.473333358764648,10.476667404174805,9.733332633972168,9.866000175476074,139695000
2016-02-09,60.73337566162597,60.740764829657465,60.55607508285665,60.615177154541016,2354500,154.58316887226096,157.60131910006854,154.44827645822463,156.3282928466797,184513100,9.48799991607666,10.652667045593262,9.403332710266113,9.883333206176758,129774000
2016-02-10,60.652081037665674,60.74812326463504,60.51910426179195,60.7407341003418,2553900,157.15441427577574,158.78150972430498,156.06686246361323,156.19332885742188,148214100,10.033332824707031,10.33133316040039,9.449333190917969,9.57800006866455,156097500
2016-02-11,60.9476232121301,61.00672529037739,60.74077157454898,60.777706146240234,1887700,153.72318158695094,155.20697179332245,152.66935916267266,154.1615753173828,219058900,10.133333206176758,10.883999824523926,9.800000190734863,10.031332969665527,213786000
2016-02-12,60.696420656301356,60.72596604591122,60.49695264060255,60.578216552734375,1474600,155.93199959296473,157.35675668155875,155.08894166729007,157.33990478515625,127632400,10.333333015441895,10.46733283996582,9.579999923706055,10.06933307647705,108537000
2016-02-16,60.496967414418215,60.52651844752654,60.430481817136915,60.48957824707031,1488800,159.14409084927416,160.02086566659136,158.18300507119434,159.99557495117188,120250700,10.579999923706055,10.863332748413086,10.27400016784668,10.344667434692383,83907000
2016-02-17,60.4378332261595,60.48954609754344,60.32702395625124,60.47477340698242,2158200,161.15902381299634,162.98003278427333,161.03255735262937,162.6090850830078,136009500,10.600000381469727,11.28933334350586,10.445332527160645,11.245332717895508,87378000
2016-02-18,60.474792887529084,60.689033605498146,60.474792887529084,60.681644439697266,1819100,162.8788033190904,162.9378235539374,161.6310810787867,161.94300842285156,102343000,11.494667053222656,11.529999732971191,10.98466682434082,11.118000030517578,58314000
2016-02-19,60.62257233349436,60.689063585984954,60.5782485893572,60.60041046142578,1862600,161.16740201520466,162.0188859942573,160.56039920461745,161.8671417236328,114793000,10.910667419433594,11.166000366210938,10.833333015441895,11.10533332824707,44391000
2016-02-22,60.615177154541016,60.644722554099424,60.55607508285665,60.615177154541016,1596900,163.44370559690904,164.3542100883974,163.37625939042303,164.2108917236328,103640300,11.341333389282227,11.927332878112793,11.323332786560059,11.849332809448242,75901500
2016-02-23,60.53387066778968,60.74811129985002,60.504319652717925,60.652069091796875,2243700,163.55324834789022,163.8230330766072,162.01887664741122,162.1369171142578,111455300,11.744000434875488,12.11533260345459,11.578666687011719,11.814000129699707,89766000
2016-02-24,60.75551517586448,60.940204854713045,60.65947857192464,60.69641876220703,2434300,160.7122675620218,163.1571323948509,159.60786283690132,162.87892150878906,150812200,11.516667366027832,11.966667175292969,11.189332962036133,11.933333396911621,80934000
2016-02-25,60.75547935744247,60.86629422667699,60.748095832764314,60.785030364990234,2407600,163.32561439738407,164.85998605376827,162.56686738174932,164.85154724121094,110728300,11.90999984741211,12.567999839782715,11.680000305175781,12.495332717895508,86260500
2016-02-26,60.66684812449056,60.733333681966975,60.60035693073427,60.72594451904297,1628400,165.71997983614435,165.81270390168882,164.3120611239384,164.4722442626953,129833700,12.579999923706055,12.800000190734863,12.333333015441895,12.689332962036133,90976500
2016-02-29,60.674259663066586,60.81462564202709,60.674259663066586,60.76291275024414,1827800,164.48910068824537,165.43332184054452,162.9884579866063,163.18235778808594,125918100,12.826666831970215,13.09000015258789,12.614666938781738,12.795332908630371,67485000
2016-03-01,60.82586795633208,60.82586795633208,60.50016433051637,60.55937957763672,2546300,164.4047791383236,167.1025757382741,163.93266859254652,167.0182647705078,141799700,12.949999809265137,13.063332557678223,12.180000305175781,12.423333168029785,100683000
2016-03-02,60.514931033112,60.559343854157326,60.440907782165766,60.522335052490234,2137300,166.70632132039938,167.81915137646766,166.29321820053025,167.76856994628906,102415000,12.248666763305664,12.567999839782715,12.100000381469727,12.555999755859375,72936000
2016-03-03,60.537132880328514,60.65557459100394,60.50752245265966,60.55194091796875,2750500,167.59151530457737,168.44301222499766,167.0182419669896,168.4261474609375,95172200,12.552000045776367,13.161333084106445,12.281332969665527,13.049332618713379,72435000
2016-03-04,60.58895428405823,60.603762322814696,60.440907782165766,60.522335052490234,1147700,168.6200687052301,169.74977648835898,167.79387525766805,168.97415161132812,129293600,13.199999809265137,13.60200023651123,13.166666984558105,13.402667045593262,97336500
2016-03-07,60.485327614003026,60.53714446043263,60.455717180670014,60.50753402709961,1303200,168.05521656875482,169.5137165001027,167.97934441899835,169.10903930664062,100219000,13.178667068481445,13.979999542236328,13.15999984741211,13.685999870300293,79941000
2016-03-08,60.75178737812064,60.796200183487365,60.69997055598944,60.707374572753906,1713100,168.0383659502354,168.54419314985492,167.10257083728501,167.2627410888672,123974900,13.566666603088379,13.833333015441895,13.479999542236328,13.506667137145996,62680500
2016-03-09,60.61856978740285,60.69999706454233,60.581555335025804,60.60376739501953,2010000,168.07206345871057,168.43457226724504,167.288012735809,168.08892822265625,94801200,13.63466739654541,13.958000183105469,13.519332885742188,13.914667129516602,48129000
2016-03-10,60.670330074200635,60.714742857560694,60.522283697928955,60.574100494384766,1785600,168.5779422396233,169.51373746114254,166.40285029598266,168.22384643554688,156838700,14.0,14.219332695007324,13.378000259399414,13.678667068481445,77887500
2016-03-11,60.62596183851447,60.62596183851447,60.49271774291992,60.49271774291992,1422300,169.67388925834564,170.98063204544795,168.20697621851687,170.9384765625,137964500,13.862000465393066,13.961333274841309,13.688667297363281,13.833333015441895,50146500
2016-03-14,60.574159715384866,60.67779340961513,60.551953301994494,60.6259765625,1534200,170.43261689307099,171.17449922263276,170.1038247711853,170.71925354003906,73612000,14.176667213439941,14.447999954223633,14.042667388916016,14.34333324432373,60985500
2016-03-15,60.68519511783755,60.70740153038186,60.544546974906865,60.56675338745117,1870200,169.75821068734467,170.74458730169502,169.4968646866255,170.4410858154297,93169100,14.284667015075684,14.597999572753906,14.100000381469727,14.555999755859375,47707500
2016-03-16,60.522336395278764,60.80362701416016,60.485321945178406,60.803627014160156,1402900,169.9604860968941,171.83207575554053,169.9183306270241,171.42739868164062,129303200,14.533332824707031,14.838666915893555,14.468000411987305,14.795332908630371,52750500
2016-03-17,60.855439493959096,60.95166915066581,60.83323308453537,60.936866760253906,1571000,171.34319450011125,173.02087248951335,170.94695602147704,172.51504516601562,134278500,14.764666557312012,15.233332633972168,14.666666984558105,15.092000007629395,56743500
2016-03-18,60.988697052001946,61.04051390129183,60.93688020271207,60.98869705200195,1219400,173.01492535802336,173.53184366636853,172.7013891962115,173.19288635253906,138372400,15.273332595825195,15.631999969482422,15.204000473022461,15.515999794006348,70677000
2016-03-21,60.92205059753104,60.92205059753104,60.855425736709634,60.87763214111328,1613600,172.9302388198123,173.66747828660118,172.70143545996896,173.4386749267578,72926700,15.689332962036133,15.991999626159668,15.666666984558105,15.887999534606934,79617000
2016-03-22,60.98865206230966,61.01085846025098,60.84060564429502,60.86281204223633,2150200,172.667500849292,173.913189128969,172.5065045158591,173.34542846679688,97471900,15.814000129699707,15.932666778564453,15.503999710083008,15.616000175476074,64740000
2016-03-23,60.899850818648105,61.00349013943564,60.870246038550654,60.99608612060547,1234500,172.96410706036843,173.15053748796785,172.0319549223713,172.20144653320312,81052500,15.4913330078125,15.648667335510254,14.802000045776367,14.838666915893555,74232000
2016-03-24,61.08494904753789,61.08494904753789,60.85547515221689,60.92210006713867,1752300,171.17604655523365,172.1590408169637,170.95572560569772,172.12513732910156,84360900,14.385333061218262,15.259332656860352,14.333333015441895,15.183333396911621,74413500
2016-03-28,60.914700922829255,61.02573869151589,60.90729689888601,60.95170974731445,2369600,172.54038859451902,172.75224015887895,171.7777281349806,172.2268524169922,62408200,15.440667152404785,15.654000282287598,15.0,15.350666999816895,58885500
2016-03-29,61.03308772508689,61.24775906496391,61.01088131882563,61.203346252441406,1841800,171.8201124967345,173.93015903226305,171.51504568353033,173.8199920654297,92922900,15.326000213623047,15.491999626159668,15.022000312805176,15.342000007629395,60214500
2016-03-30,61.16634430481034,61.24777157614218,61.09972507241817,61.18115234375,1624300,174.8199601589143,175.30297513077699,174.21829586616255,174.5826873779297,86365300,15.672666549682617,15.699999809265137,15.100000381469727,15.12600040435791,60495000
2016-03-31,61.2329756397355,61.38102215906594,61.2107692265972,61.29959487915039,3037600,174.48939289058177,174.9130959399414,173.99789580167766,174.15890502929688,94584100,15.28933334350586,15.82800006866455,15.000666618347168,15.317999839782715,120193500
2016-04-01,61.30922740313832,61.413078029366915,61.220210155184674,61.36857223510742,3027400,173.16752418241117,175.53178263807487,172.8539749834099,175.34535217285156,114423500,16.32200050354004,16.52666664123535,15.550000190734863,15.839332580566406,239962500
2016-04-04,61.3982389916573,61.46500334248121,61.346313678543005,61.36857223510742,1452400,175.26906990288444,175.4724520968894,174.47250580602636,174.77757263183594,63497000,16.607999801635742,16.808000564575195,16.242666244506836,16.465999603271484,202129500
2016-04-05,61.53914979401862,61.56140267966425,61.47980499267578,61.47980499267578,2149200,173.43868814815048,174.78606139030236,172.7777121074572,173.0319366455078,99662200,16.03333282470703,17.104000091552734,16.0,17.031333923339844,149230500
2016-04-06,61.494687701352404,61.50952108250814,61.42050947670221,61.45017623901367,1833100,173.03191817198646,174.98095551509184,172.8539571352317,174.921630859375,91839800,16.931333541870117,17.849332809448242,16.89666748046875,17.69466781616211,175582500
2016-04-07,61.628187323079075,61.680112626522835,61.56884250216232,61.65044021606445,1533400,173.83695269721892,174.1928618424129,172.09976694798488,172.8285369873047,113859000,17.76333236694336,17.95599937438965,16.96733283996582,17.14666748046875,132843000
2016-04-08,61.61339371970196,61.62081324264585,61.546634991520264,61.59856033325195,1402100,174.00645032583586,174.43863592304353,172.7607617169382,173.2946319580078,95040600,17.366666793823242,17.38800048828125,16.534666061401367,16.67133331298828,110458500
2016-04-11,61.561414934730266,61.620759747886915,61.516909154579224,61.591087341308594,1214400,173.93012339335658,174.6250026873143,172.79460218314483,172.8878173828125,83757500,16.733333587646484,17.266000747680664,16.35333251953125,16.661333084106445,137425500
2016-04-12,61.509534769954584,61.55404624219826,61.435356528797826,61.49470138549805,2388000,173.05735163971852,174.7775857523279,172.6166966514925,174.49794006347656,115350600,16.633333206176758,16.786666870117188,16.242000579833984,16.521333694458008,86448000
2016-04-13,61.472441052825296,61.568872188735874,61.42051572434478,61.53178024291992,1749400,175.41310699169452,176.34525910921872,175.2775188781648,176.26051330566406,96336400,16.567333221435547,17.03333282470703,16.488666534423828,16.968666076660156,73884000
2016-04-14,61.53173027899283,61.55398882407021,61.45755210703015,61.47980499267578,1617200,176.31983717373794,176.76896148372217,175.92155517350372,176.26898193359375,65212900,16.866666793823242,17.12266731262207,16.73666763305664,16.790666580200195,61983000
2016-04-15,61.561378945901595,61.67264899066353,61.539126068835124,61.620723724365234,1181000,176.2690270780215,176.40461522567665,175.752108579184,176.07412719726562,75761600,16.753999710083008,16.97333335876465,16.607999801635742,16.96733283996582,56286000
2016-04-18,61.58372128736416,61.59856033325195,61.539215468576366,61.59856033325195,1395400,176.0740908506917,177.34520037917224,175.4131149303134,177.31130981445312,82531000,16.815332412719727,17.220666885375977,16.777332305908203,16.92533302307129,64071000
2016-04-19,61.59849571327633,61.635581970214844,61.52431753996744,61.635581970214844,1163600,177.73499977198375,178.12479942403957,177.0570721544678,177.87057495117188,88316100,16.874666213989258,16.95800018310547,16.083332061767578,16.4913330078125,95362500
2016-04-20,61.65045615070444,61.68012856883218,61.46500778198242,61.46500778198242,2388600,177.91296612418077,178.73495134365143,177.4384206222998,178.0400848388672,81100300,16.417333602905273,16.910667419433594,16.100000381469727,16.6646671295166,77911500
2016-04-21,61.42052249517516,61.465028307511425,61.33150521106568,61.39085006713867,1683900,178.05703173609004,178.16719870773824,176.8113432719301,177.08251953125,85695000,16.599332809448242,16.726667404174805,16.46066665649414,16.55266761779785,41746500
2016-04-22,61.43533092649666,61.479836720756154,61.353733197397816,61.36857223510742,5115300,176.7266103886894,177.3536828601742,176.1842708004453,177.08251953125,99251700,16.592666625976562,16.933332443237305,16.380666732788086,16.916667938232422,56794500
2016-04-25,61.36112543564304,61.3982116945595,61.28694725837795,61.29436111450195,2483300,176.48086838097544,176.81983873027448,175.87073468263387,176.7774658203125,66166500,16.867332458496094,17.158666610717773,16.71733283996582,16.788000106811523,55054500
2016-04-26,61.32407878421845,61.32407878421845,61.15346941651512,61.20539474487305,1689600,177.14184577319264,177.5486101955067,176.56561557050952,177.0401611328125,75864200,16.803333282470703,17.048667907714844,16.625999450683594,16.916000366210938,48357000
2016-04-27,61.27957987686106,61.42793635760656,61.2350740645248,61.39085006713867,1456400,176.65874324741986,177.7942642702134,176.30283425208415,177.4044647216797,77329400,16.850000381469727,17.0,16.626667022705078,16.764667510986328,48087000
2016-04-28,61.405661312287485,61.54660387978627,61.37598889494906,61.502098083496094,1625800,176.65035289468423,177.75197092687552,175.37924322948243,175.79446411132812,97216200,16.656667709350586,16.89533233642578,16.496000289916992,16.513999938964844,37785000
2016-04-29,61.47241451223309,61.55401223024944,61.43532258243151,61.546592712402344,2856900,175.17580955389846,175.5232491969226,173.74369101639257,174.84532165527344,142424100,16.542667388916016,16.562000274658203,15.854000091552734,16.05066680908203,81207000
2016-05-02,61.527252422181256,61.527252422181256,61.415761942807485,61.43806457519531,2443700,175.34529776552623,176.41302497381514,174.91312523773163,176.23507690429688,62188000,16.100000381469727,16.21266746520996,15.654666900634766,16.1200008392334,57658500
2016-05-03,61.65362943263645,61.66106364629981,61.571870094270096,61.60903549194336,1765500,175.00637602999169,175.24364879119557,173.9555874229489,174.70130920410156,106422100,15.824000358581543,15.927332878112793,15.441332817077637,15.48799991607666,64533000
2016-05-04,61.646208456007116,61.69823661674945,61.56444910760571,61.63134002685547,2868300,173.70982204814575,174.4385919831778,173.22679425067844,173.7267608642578,92243800,15.352666854858398,15.630666732788086,14.69333267211914,14.837332725524902,130507500
2016-05-05,61.66101568860196,61.7650719163837,61.5941248295876,61.742774963378906,1270700,174.1928530123202,174.54876213947264,173.26918316349162,173.69288635253906,67619200,15.230667114257812,15.242667198181152,13.986000061035156,14.10200023651123,168822000
2016-05-06,61.74279727270297,61.765094233764245,61.668472178951674,61.71306610107422,1520600,172.92174770895267,174.37081834059887,172.76922076372438,174.3284454345703,89315000,14.057999610900879,14.424667358398438,13.87399959564209,14.328666687011719,85278000
2016-05-09,61.772547411295946,61.79484437920339,61.7130850497808,61.7576789855957,1373200,174.20134033716386,174.90467627236418,174.02337930329685,174.47250366210938,74374900,14.381333351135254,14.40999984741211,13.786666870117188,13.928000450134277,71646000
2016-05-10,61.7576789855957,61.80971280490363,61.7130850497808,61.7576789855957,1889300,175.1758212505375,176.65878218986694,175.10802719880667,176.64183044433594,77472200,13.83666706085205,13.964667320251465,13.666666984558105,13.912667274475098,61059000
2016-05-11,61.79483419567832,61.884027723252316,61.742806055587316,61.77253723144531,2381000,176.18425645121343,176.71811365637674,174.98941040039062,174.98941040039062,81727000,13.839332580566406,14.36533260345459,13.736666679382324,13.93066692352295,77428500
2016-05-12,61.76509602545522,61.824558370437614,61.73536485296402,61.779964447021484,1653300,175.65887101006464,175.82836263828253,174.03185223626025,175.04026794433594,89586300,14.095999717712402,14.111332893371582,13.577333450317383,13.8186674118042,54757500
2016-05-13,61.809695451042494,61.86915212522151,61.75766164634373,61.84685516357422,1397400,174.74367267247877,175.29448163900955,173.1929174688306,173.51492309570312,96474600,13.85200023651123,14.079999923706055,13.779999732971191,13.840666770935059,42342000
2016-05-16,61.80225961596048,61.80225961596048,61.70563189050674,61.71306610107422,3132000,173.68441173226154,175.70123005894357,173.62508708098525,175.2266845703125,77486800,13.876667022705078,14.210000038146973,13.861332893371582,13.88599967956543,44241000
2016-05-17,61.787387484073754,61.787387484073754,61.646171515619606,61.6684684753418,1735900,174.95551118991153,175.2436262299386,173.06578582235952,173.5911865234375,114924900,13.936667442321777,13.98799991607666,13.601332664489746,13.644000053405762,42654000
2016-05-18,61.631372646960095,61.631372646960095,61.33406628365595,61.378665924072266,1685900,173.2437772589709,174.81995377820982,172.55738010114683,173.64205932617188,120062100,13.94333267211914,14.354000091552734,13.850000381469727,14.07800006866455,84262500
2016-05-19,61.41576061886997,61.46036021204285,61.38602944696846,61.445491790771484,1464000,172.92172313528684,173.32847452848824,171.83704413315402,173.0403594970703,115430500,14.2413330078125,14.452667236328125,13.819999694824219,14.347332954406738,102994500
2016-05-20,61.43806325077702,61.51981688520466,61.4083320788755,61.445491790771484,2044000,173.65051706969587,174.65046334051098,173.59967475481287,174.133544921875,104990400,14.465999603271484,14.703332901000977,14.423333168029785,14.685333251953125,135106500
2016-05-23,61.490111735941156,61.51983724704,61.41578094626476,61.46038055419922,1310700,174.15045176211112,174.43009737301395,173.70980982710645,173.896240234375,58682600,14.657999992370605,14.84000015258789,14.390666961669922,14.414667129516602,76537500
2016-05-24,61.460383801721115,61.4678123445668,61.363756038293296,61.4306526184082,2656800,174.70975671321835,176.4638939748023,174.68433555844706,176.1503448486328,93537800,14.4399995803833,14.582667350769043,14.345333099365234,14.52733325958252,45207000
2016-05-25,61.44551543908813,61.467812408935316,61.38605307240004,61.408355712890625,1474800,176.82832683808482,177.76047923422786,176.1503989981988,177.34524536132812,76621400,14.52733325958252,14.757332801818848,14.434000015258789,14.638667106628418,46902000
2016-05-26,61.48269709248618,61.55702223517681,61.44553168581841,61.512428283691406,1571700,177.48072661280074,177.709529868656,177.08244473165615,177.39598083496094,55280700,14.699999809265137,15.017333030700684,14.603333473205566,15.008000373840332,61086000
2016-05-27,61.54215190933125,61.54958045323567,61.43066137367873,61.4901237487793,2045600,177.55705770486466,178.16719133268288,177.5062153909457,178.15872192382812,64211200,14.999333381652832,15.062000274658203,14.716667175292969,14.869333267211914,54754500
2016-05-31,61.43805800037031,61.6090051358936,61.393458411008844,61.5421142578125,1361400,178.42989685111044,178.54006382536642,177.2604718333041,177.81976318359375,109879400,14.869333267211914,14.983332633972168,14.766667366027832,14.881999969482422,41835000
2016-06-01,61.62330279964959,61.65309478168304,61.51903370365232,61.563724517822266,1625600,177.20961797158864,178.36209116510832,177.0147181247832,178.18414306640625,69936200,14.76533317565918,14.826666831970215,14.459333419799805,14.637332916259766,44740500
2016-06-02,61.63077253930147,61.73504166968291,61.615879384493304,61.68290710449219,1503200,177.7858949456015,178.743455544572,177.31134935135105,178.7265167236328,63044700,14.63933277130127,14.660667419433594,14.473999977111816,14.597332954406738,30492000
2016-06-03,61.98079728286131,62.09251578840379,61.94355588693407,62.070167541503906,1964500,178.16717528087767,178.54003612321796,176.98928103642675,178.19259643554688,101757100,14.666666984558105,14.795999526977539,14.534000396728516,14.599332809448242,33435000
2016-06-06,61.988241725579165,62.00313487341174,61.91375893969996,61.97334289550781,1603100,178.54848241511348,179.45521324890294,178.387473169458,179.09930419921875,64887000,14.533332824707031,14.726667404174805,14.363332748413086,14.711999893188477,33742500
2016-06-07,62.02551629997537,62.04041513938198,61.96593230683363,61.980831146240234,1283100,179.25184625873365,179.9382432647417,179.22642510520694,179.3789520263672,60974800,14.815999984741211,15.629332542419434,14.767999649047852,15.489333152770996,93204000
2016-06-08,62.04041995203199,62.06276253063274,62.003178532868894,62.05531311035156,1374500,179.51454452608584,180.0907875243807,179.38743875534112,179.9636688232422,66170900,15.58666706085205,16.05666732788086,15.507332801818848,15.701333045959473,89580000
2016-06-09,62.16700653515075,62.16700653515075,62.09252940919799,62.114871978759766,1611200,179.23491345533657,179.8365776566402,178.96375014559598,179.7179412841797,73786900,15.665332794189453,15.688667297363281,15.137332916259766,15.290666580200195,67381500
2016-06-10,62.18190891557499,62.24894231644892,62.13722376981991,62.17446517944336,1575300,178.3451058045161,178.6840630957541,177.47226556531416,178.01461791992188,113829200,15.159333229064941,15.197999954223633,14.561332702636719,14.586000442504883,90399000
2016-06-13,62.234008545965,62.248907374347766,62.17443027914833,62.18932342529297,1681500,177.41297323608163,178.26884889469594,176.55709757746735,176.64183044433594,117751200,14.633333206176758,15.0513334274292,14.510666847229004,14.524666786193848,62895000
2016-06-14,62.27872540269378,62.27872540269378,62.167006872038996,62.18190002441406,1524200,176.26051251313893,176.88759783759872,175.34531214651957,176.29440307617188,125059300,14.592000007629395,14.813332557678223,14.16866683959961,14.330666542053223,53703000
2016-06-15,62.23404931084303,62.37555986198163,62.21915615494299,62.32342529296875,1345100,176.29438713788718,177.41296957275873,175.86221461371932,176.04864501953125,109124500,14.463333129882812,14.793333053588867,14.342000007629395,14.513333320617676,43627500
2016-06-16,62.4276680331073,62.49470141191662,62.330848355093224,62.39042663574219,1111400,176.0486479088348,176.74352723833687,174.21824731103703,176.57403564453125,149533100,14.494667053222656,14.53600025177002,14.233332633972168,14.528667449951172,36604500
2016-06-17,62.34575630864922,62.368098879477735,62.25638034309435,62.30107116699219,1860800,176.4701314869912,176.49568484208004,175.2605583547816,175.9164581298828,117055700,14.52066707611084,14.666000366210938,14.300000190734863,14.364666938781738,46689000
2016-06-20,62.17447907078758,62.2117148064891,62.1446870728808,62.15958023071289,2347500,177.8756679387866,178.54859475858052,176.96422142590865,177.04940795898438,82789600,14.633333206176758,14.916666984558105,14.548666954040527,14.646666526794434,53332500
2016-06-21,62.1744850299716,62.18937818923114,62.06276644767405,62.077659606933594,1785100,177.4326875929435,177.96080760410712,176.98974110100497,177.55194091796875,72461700,14.711999893188477,14.838000297546387,14.587332725524902,14.640666961669922,67935000
2016-06-22,62.100013732910156,62.12980573921146,62.055328564580286,62.100013732910156,1337700,177.73084655371028,178.4548930850924,177.11753991475223,177.26235961914062,95560500,13.29800033569336,13.729999542236328,13.050000190734863,13.11066722869873,356136000
2016-06-23,62.018037032414945,62.09251982911644,61.980801316303804,61.988250732421875,1152800,178.71891135430852,179.62183119566257,178.2589379814508,179.5707244873047,102731400,13.045999526977539,13.170000076293945,12.808667182922363,13.09333324432373,151960500
2016-06-24,62.442613755698076,62.5021977687527,62.31600198964018,62.33834457397461,2030400,173.45471943275535,179.60481154104718,172.67956633100692,173.1225128173828,333444400,12.670000076293945,13.008000373840332,12.648667335510254,12.876667022705078,105397500
2016-06-27,62.680911220364536,62.68835495573069,62.569192685224216,62.651119232177734,2465500,171.71705772062828,171.72558417299607,169.21272428096913,170.02195739746094,230775800,12.723999977111816,13.253999710083008,12.524666786193848,13.236666679382324,108081000
2016-06-28,62.74791324014276,62.74791324014276,62.65109357985875,62.72557067871094,2971800,171.62333532467787,173.11400855868138,171.31668202520586,173.0884552001953,159382400,13.459333419799805,13.603333473205566,13.293999671936035,13.452667236328125,93186000
2016-06-29,62.800074401036795,62.80752381875165,62.65856387565875,62.70325469970703,2425700,174.48547504416544,176.26576214813448,174.38326158292858,176.03578186035156,137328600,13.675333023071289,14.118666648864746,13.533332824707031,14.012666702270508,89923500
2016-06-30,62.718160987981825,62.86712096227146,62.70326783167386,62.785194396972656,3362300,176.5042289771642,178.48894240865778,175.9505425669414,178.43783569335938,165021900,14.197999954223633,14.233332633972168,13.934666633605957,14.152000427246094,72646500
2016-07-01,63.01200635952799,63.041856405367874,62.86275613032856,62.95977020263672,2531600,178.43779173602485,179.2981312237359,178.27594517902435,178.81259155273438,106055300,13.742667198181152,14.549332618713379,13.733332633972168,14.433333396911621,81000000
2016-07-05,63.131430559604105,63.21351680096554,63.049344318242674,63.17620849609375,3193800,177.9863405319092,178.0970803915935,176.930100630808,177.5263671875,109803700,13.982000350952148,14.302666664123535,13.866666793823242,14.26533317565918,77629500
2016-07-06,63.235895538492876,63.28813171386719,63.15380930671665,63.28813171386719,1936800,177.0323514386638,178.7104246011787,176.376451588928,178.59117126464844,96021500,14.0,14.34866714477539,13.933333396911621,14.295999526977539,73798500
2016-07-07,63.183670043945305,63.25829235090648,63.116511675675376,63.18367004394531,2032500,178.77008219968994,179.43449564198644,177.71384185431683,178.48046875,85593800,14.206666946411133,14.541333198547363,14.200667381286621,14.395999908447266,54180000
2016-07-08,63.28066955861055,63.37021402896575,63.191119394939584,63.34782791137695,1748000,179.77516827919834,181.38509461612574,179.5451750888838,181.1380615234375,133971000,14.520000457763672,14.654000282287598,14.300000190734863,14.45199966430664,61122000
2016-07-11,63.28813242745021,63.31051854667501,63.13888783707402,63.16127395629883,2617100,181.5980887568401,182.34768865826774,181.39364887527617,181.77696228027344,73633900,14.663999557495117,15.118666648864746,14.633999824523926,14.985333442687988,81447000
2016-07-12,63.07920828018137,63.07920828018137,62.85534132166215,62.90757751464844,1775400,182.7394842793454,183.39538408097252,181.80248456273526,183.0972442626953,101275600,14.9399995803833,15.166666984558105,14.881333351135254,14.976667404174805,68569500
2016-07-13,63.0642901257349,63.07921231326304,63.00458998898553,63.01951217651367,1352500,183.51466287223738,183.52317632624678,182.58618947726342,183.07171630859375,87324100,15.033332824707031,15.03933334350586,14.685999870300293,14.835332870483398,53506500
2016-07-14,62.90757079597668,62.97472916836437,62.862792854400794,62.92249298095703,1621500,184.3323481790319,184.56234135354606,183.7020148085183,184.09384155273438,91230900,14.874667167663574,14.996000289916992,14.736666679382324,14.768667221069336,40137000
2016-07-15,62.87775509561778,62.87775509561778,62.683732424934654,62.721046447753906,2233900,184.65603683603393,184.8519502033913,183.40387057951722,183.84681701660156,107155400,14.834667205810547,14.850000381469727,14.642666816711426,14.69333267211914,33513000
2016-07-18,62.83293361307577,62.84039755113439,62.683689011802876,62.74338912963867,2155800,183.9660510378154,184.502697376522,183.7105045433058,184.34085083007812,58725900,14.642666816711426,15.13933277130127,14.553333282470703,15.083333015441895,51181500
2016-07-19,62.810531570962965,62.85530949464777,62.76575934059331,62.84038162231445,1559600,183.9235254473303,184.18758548966142,183.6765053102707,184.1535186767578,54345700,15.0,15.273332595825195,14.983332633972168,15.017333030700684,46726500
2016-07-20,62.80309682765745,62.80309682765745,62.72101057905477,62.77324676513672,1688100,184.15350877137692,185.15864216846145,184.15350877137692,184.92013549804688,58159500,15.097999572753906,15.319999694824219,15.0,15.223999977111816,38527500
2016-07-21,62.72098472672937,62.85530710604903,62.64635675452905,62.847843170166016,2076000,184.80940237275158,185.0308691313322,183.77870265512237,184.22164916992188,67777300,15.066666603088379,15.1899995803833,14.606666564941406,14.699999809265137,66430500
2016-07-22,62.78815973735737,62.892632094192926,62.75084574135191,62.855323791503906,1612000,184.34089084954488,185.0990040493372,184.07683084702495,185.0478973388672,62787500,14.799332618713379,14.966667175292969,14.592000007629395,14.817999839782715,38695500
2016-07-25,62.855318601078466,62.89262690068666,62.788154552478154,62.8180046081543,1204600,184.84345841291403,184.89456512363662,183.966091885143,184.54531860351562,55873100,14.817999839782715,15.425999641418457,14.758000373840332,15.333999633789062,67360500
2016-07-26,62.88520354796714,62.88520354796714,62.76580894152428,62.81058120727539,2385100,184.44310848175783,184.98826840194747,183.78720868792976,184.63050842285156,70080500,15.179332733154297,15.333333015441895,15.020000457763672,15.300666809082031,51450000
2016-07-27,62.84790571484717,62.99715042114258,62.832977828225275,62.99715042114258,1575400,185.00529881803118,185.07344542926506,183.66794594313563,184.43458557128906,84083900,15.28933334350586,15.557332992553711,15.128000259399414,15.232666969299316,43335000
2016-07-28,62.952306267848215,63.01946460100238,62.88514224137995,62.95977020263672,1418900,184.23871846764345,184.93721170929925,183.77874494086717,184.64759826660156,65035700,15.196666717529297,15.383999824523926,15.106666564941406,15.37399959564209,36286500
2016-07-29,63.049337666858605,63.16127395629883,63.01202936592264,63.16127395629883,2757900,184.38349187444857,185.3034386969352,184.1023919573851,184.9456787109375,79519400,15.380000114440918,15.685333251953125,15.349332809448242,15.652667045593262,46062000
2016-08-01,62.99301259434479,63.13507581315144,62.95562573536395,62.963104248046875,3705700,185.00529642288348,185.39712318535925,184.34088321900114,184.79234313964844,73311400,15.699999809265137,15.775333404541016,15.291999816894531,15.333999633789062,60244500
2016-08-02,62.94072627577288,62.99306449881097,62.84352834854171,62.90333938598633,4575700,184.54533945808532,184.698672605218,182.7735792971761,183.6083526611328,92295500,15.291333198547363,15.324666976928711,14.760000228881836,15.146666526794434,59016000
2016-08-03,62.90333938598633,62.94072627577288,62.79119012550362,62.90333938598633,3472400,183.54872231596235,184.20462218226243,183.25059546592718,184.14498901367188,53993600,15.157999992370605,15.313332557678223,14.947333335876465,15.052666664123535,58317000
2016-08-04,63.00803203831347,63.090278653447704,62.98560218044776,63.01551055908203,1202000,184.25566433269674,184.65601747464697,182.50093166677078,184.34085083007812,46585500,15.045999526977539,15.390666961669922,14.803333282470703,15.37399959564209,62205000
2016-08-05,62.99306776410058,62.99306776410058,62.79119338032892,62.80614471435547,2018700,184.3408871172442,185.89118029320792,184.3408871172442,185.8485870361328,71892200,15.333333015441895,15.466667175292969,15.15999984741211,15.335332870483398,48078000
2016-08-08,62.77624606757114,62.85849267855627,62.71642931332019,62.81363296508789,1843100,186.03596551498777,186.13819191970643,185.4737787783957,185.7378387451172,39906500,15.199999809265137,15.30666732788086,15.072667121887207,15.077333450317383,33954000
2016-08-09,62.851012961930685,62.99307632446288,62.843540146121285,62.99307632446289,2262700,185.80600677669491,186.3426402234022,185.52490687716386,185.8485870361328,51251700,15.121333122253418,15.435999870300293,15.109999656677246,15.272000312805176,33117000
2016-08-10,63.037922864425305,63.09773960503822,62.99306316118479,63.07530975341797,1672200,185.95935469412962,186.0360147697383,185.0393947939079,185.38864135742188,57941100,15.215999603271484,15.324666976928711,14.974666595458984,15.043333053588867,35074500
2016-08-11,63.09773157553212,63.09773157553212,62.86594886570053,62.91080856323242,1760100,185.9167862170221,186.49602608222528,185.65272614518395,186.24899291992188,72504300,15.07800006866455,15.171333312988281,14.894000053405762,14.994000434875488,28213500
2016-08-12,63.11268080030517,63.157540492285314,63.03790704108903,63.05286407470703,1606000,185.9422622548715,186.30003516857525,185.6867287417052,186.0870819091797,61313500,15.02733325958252,15.109999656677246,14.935999870300293,15.040666580200195,27202500
2016-08-15,62.97061099601603,63.04537904306904,62.94070263630755,62.94818115234375,1942500,186.4534497201718,186.97305645619718,186.44493626463242,186.62380981445312,49813500,15.067999839782715,15.300000190734863,14.995332717895508,15.03933334350586,30514500
2016-08-16,62.97059685862259,62.97807537297981,62.88835031399837,62.91825866699219,2163100,186.2063996367809,186.27453326544062,185.66123962402344,185.66123962402344,53213600,15.03266716003418,15.145999908447266,14.894000053405762,14.907333374023438,34006500
2016-08-17,62.9482209854849,63.060370274813444,62.918312606850634,63.01551055908203,2024600,185.6953007652244,186.14676077773237,184.86052736442625,186.01046752929688,75134300,14.95533275604248,14.988666534423828,14.853333473205566,14.88266658782959,26806500
2016-08-18,63.04538060989844,63.112675847024036,62.9855638889949,63.082767486572266,1750900,185.984894674359,186.46190799624154,185.87416779454654,186.42784118652344,52989300,14.921333312988281,15.043999671936035,14.81933307647705,14.900667190551758,25717500
2016-08-19,62.970634070023735,63.000542440691376,62.86595762490619,62.9556770324707,1995100,185.95932953177365,186.3341294031093,185.47380278764328,186.15524291992188,75443000,14.902667045593262,15.011333465576172,14.835332870483398,15.0,24892500
2016-08-22,63.0229803015085,63.0678400109915,62.9781205920255,63.04541015625,1388100,185.91676580332864,186.37675226307763,185.5504923239354,186.14675903320312,61368800,14.944666862487793,15.007332801818848,14.845333099365234,14.862000465393066,30982500
2016-08-23,63.135126494030885,63.14259930827873,63.04540138311151,63.07530975341797,1668300,186.76003679823123,187.05817660563002,186.46189699083246,186.5215301513672,53399200,14.954667091369629,15.232666969299316,14.853333473205566,14.989333152770996,71766000
2016-08-24,63.12770314542851,63.142654491429205,63.04545648131635,63.06788635253906,2083300,186.3767401227276,186.4704400993404,185.15012697348288,185.56752014160156,71728900,15.136667251586914,15.143333435058594,14.814666748046875,14.841333389282227,38560500
2016-08-25,63.045424294738496,63.090284014281686,62.9930860537913,63.00056457519531,1737800,185.18416599040268,185.85710562988723,185.0308458685778,185.43971252441406,69224800,14.87399959564209,14.920000076293945,14.718000411987305,14.730667114257812,26437500
2016-08-26,63.09028580467203,63.172532429128836,62.843551635742195,62.84355163574219,2874500,185.627131094704,186.64930433578445,184.20460460957435,185.09048461914062,122506300,14.809332847595215,14.857333183288574,14.588000297546387,14.666000366210938,33585000
2016-08-29,62.978122867320906,63.06036376953125,62.940735971774906,63.06036376953125,1446800,185.21824086345805,186.26596732761564,185.1841610610908,186.0019073486328,70502200,14.676667213439941,14.69333267211914,14.333333015441895,14.346667289733887,48994500
2016-08-30,63.075313757223135,63.075313757223135,62.97811582588612,63.008018493652344,4750700,185.9168098484478,186.19790986319148,185.14166944158274,185.69534301757812,58114500,14.407333374023438,14.407333374023438,14.034667015075684,14.089332580566406,47533500
2016-08-31,63.03039945332563,63.06778060787269,62.963104248046875,62.963104248046875,1911900,185.3631039833095,185.48235733264187,184.39203728227727,185.1671905517578,85269500,14.028667449951172,14.173333168029785,13.90999984741211,14.133999824523926,49147500
2016-09-01,62.85528235467016,63.072542057853376,62.85528235467016,63.05006790161133,3108600,185.15861927743916,185.46527252972356,184.0171927819061,185.1756591796875,97844200,13.934000015258789,14.073332786560059,13.366666793823242,13.38466739654541,119146500
2016-09-02,63.02755121352252,63.02755121352252,62.88521306856453,62.96012878417969,1797500,186.0275074347612,186.43637418242812,185.43975417381776,186.01046752929688,79293900,13.488666534423828,13.546667098999023,13.079999923706055,13.185333251953125,89661000
2016-09-06,63.00515124154396,63.192443608918175,62.945216312213944,63.14749526977539,4316100,186.29157764618142,186.64933769461823,185.57605754930785,186.5726776123047,56702100,13.267999649047852,13.550000190734863,13.266667366027832,13.522000312805176,65859000
2016-09-07,63.22988022222017,63.22988022222017,63.13997786255739,63.154964447021484,1849500,186.41079634401157,186.73448951712933,185.95082293799388,186.55560302734375,76554900,13.699999809265137,13.766667366027832,13.380666732788086,13.447333335876465,54613500
2016-09-08,63.057537467234816,63.08750490556749,62.83279025329641,62.915199279785156,3475600,186.22346074585298,186.49604730111335,185.82310736634074,186.1297607421875,74102900,13.303333282470703,13.326000213623047,13.090666770935059,13.157333374023438,50668500
2016-09-09,62.71293913670743,62.78785489695002,62.60805592922659,62.638023376464844,2888900,184.81787478821167,184.868981490564,181.64912926601133,181.6746826171875,221589100,13.272666931152344,13.32800006866455,12.91333293914795,12.964667320251465,56355000
2016-09-12,62.593088532830606,62.69047847053264,62.56312107914366,62.6605110168457,3191000,180.91665064628367,184.6816643799165,180.84850401338392,184.28131103515625,168110900,13.0,13.424667358398438,12.9399995803833,13.220000267028809,55728000
2016-09-13,62.75789034378393,62.75789034378393,62.39829239175423,62.4807014465332,2669800,183.00357638087698,183.26763643886903,181.0103362679948,181.6321563720703,182828800,13.137332916259766,13.232666969299316,12.896666526794434,13.069999694824219,53841000
2016-09-14,62.4956631104722,62.63051372997552,62.480682248618336,62.56309127807617,2124500,181.68326396938673,182.88432391408446,181.0103371408601,181.5640106201172,134185500,13.050000190734863,13.194666862487793,12.990667343139648,13.093999862670898,33817500
2016-09-15,62.53310384479139,62.63798699134779,62.4806622715132,62.61551284790039,1817200,181.40211165300408,183.76162442767654,181.2232251947218,183.37831115722656,134427900,13.099332809448242,13.501333236694336,13.09333324432373,13.361332893371582,46158000
2016-09-16,62.66797637939453,62.69794381972561,62.59306063641923,62.66797637939453,1307800,182.7636068591937,182.94339693441927,181.984551368659,182.66943359375,155236400,13.361332893371582,13.713333129882812,13.266667366027832,13.69333267211914,46617000
2016-09-19,62.66045418129542,62.682928322248834,62.60051932828486,62.62299346923828,1558100,183.32009404201395,183.96218093967576,182.37836136679343,182.7036895751953,80250500,13.800000190734863,13.961999893188477,13.666666984558105,13.755999565124512,34492500
2016-09-20,62.67548411443921,62.7503998746818,62.638023376464844,62.638023376464844,1260900,183.55985516954945,183.71394979635636,182.67805663625666,182.71229553222656,69665300,13.789999961853027,13.850000381469727,13.593999862670898,13.642666816711426,36157500
2016-09-21,62.59306282182093,62.81781005859375,62.57807624327973,62.81781005859375,1979800,183.41428773203177,184.94672955056805,182.72939235227372,184.76695251464844,110284400,13.758000373840332,13.800000190734863,13.437333106994629,13.6813325881958,39502500
2016-09-22,62.88522694112117,63.00509096940703,62.86275279304907,62.94515609741211,1473900,185.77717979797526,186.23092025195749,185.52891189540338,185.9312744140625,76678700,13.760000228881836,13.8186674118042,13.533332824707031,13.76200008392334,35743500
2016-09-23,62.95267664193359,62.99013738207577,62.91522161749786,62.93020248413086,1441500,185.5374977686876,185.67447949134535,184.81836331967855,184.91253662109375,73630900,13.732666969299316,14.01200008392334,13.711333274841309,13.829999923706055,43578000
2016-09-26,62.99010496070352,63.05752739940898,62.967630814468365,63.03505325317383,1709200,184.08207611232544,184.2618531667787,183.21739054421255,183.414306640625,89827300,13.766667366027832,14.066666603088379,13.766667366027832,13.932666778564453,35916000
2016-09-27,63.12497956128245,63.132467135739475,63.02758393628427,63.10999298095703,2458100,183.25161760787776,184.64707769209988,182.88348096470668,184.55291748046875,78494800,13.976667404174805,13.998666763305664,13.640666961669922,13.720666885375977,50598000
2016-09-28,63.10999298095703,63.15494700622761,63.065044671392144,63.10999298095703,2284600,184.77548137248468,185.62304074796012,183.81663582201693,185.46893310546875,87411000,13.833999633789062,13.883333206176758,13.684000015258789,13.751333236694336,31326000
2016-09-29,63.03507600331303,63.16243335507943,63.012601848966675,63.11748504638672,2886200,185.26352112161058,185.6658967386846,183.24308657792002,183.79100036621094,128070600,13.706666946411133,13.821999549865723,13.371999740600586,13.380000114440918,40905000
2016-09-30,63.11746226650507,63.13993641274023,62.945150952529694,63.03505325317383,1663600,184.62138853136247,185.87987994889195,184.37312066831626,185.17787170410156,117202900,13.480667114257812,13.665332794189453,13.303333282470703,13.60200023651123,38794500
2016-10-03,63.013315279587225,63.05835549360233,62.930748235001104,62.96828079223633,1509200,184.7670095327283,184.95534308356997,184.09922686050285,184.73275756835938,83512100,14.153332710266113,14.378000259399414,13.883333206176758,14.24666690826416,89998500
2016-10-04,62.93075371008881,62.938261367521875,62.75061001834819,62.75811767578125,1815500,184.84403258789584,185.0666180738813,183.20029122302313,183.79100036621094,119948100,14.206666946411133,14.221332550048828,13.921333312988281,14.093999862670898,53122500
2016-10-05,62.79560518943552,62.80310711482232,62.63047120435628,62.65298843383789,2666100,184.41596250490633,185.0323671094434,184.34747165292507,184.60430908203125,72816000,14.149333000183105,14.210000038146973,13.874667167663574,13.897333145141602,28162500
2016-10-06,62.645525640428225,62.72058503466829,62.5854758343703,62.630516052246094,1148500,184.3817467817106,184.95534308356997,183.8424024442202,184.73275756835938,62927400,13.497332572937012,13.61400032043457,13.347332954406738,13.399999618530273,70551000
2016-10-07,62.69054636270479,62.698054018479276,62.53291995142126,62.68304443359375,1783300,185.00666074402258,185.17788132018285,183.3714761556129,184.0991668701172,89788300,13.399999618530273,13.421333312988281,13.053333282470703,13.107333183288574,52395000
2016-10-10,62.585487939064286,62.623020506775866,62.53294578026757,62.61551284790039,1425500,185.05799865722656,185.520295451856,184.91246053552302,185.05799865722656,51855000,13.423333168029785,13.609333038330078,13.310667037963867,13.396666526794434,49744500
2016-10-11,62.58545408761182,62.622986635022656,62.51039471945287,62.51790237426758,1476700,184.6300194685232,184.69851033087284,181.99318005289527,182.7208709716797,130367400,13.456666946411133,13.479999542236328,13.220666885375977,13.34000015258789,34926000
2016-10-12,62.52539313465826,62.57042759805273,62.472851018477655,62.55541229248047,1286400,182.85779797705706,183.48277201024095,182.36124917108424,182.96054077148438,73866100,13.396666526794434,13.592000007629395,13.361332893371582,13.434000015258789,29560500
2016-10-13,62.69056013163932,62.70557544648616,62.623008394822676,62.630516052246094,1625500,181.63360671311602,182.85784654528132,180.8202989779291,182.36129760742188,101357000,13.366666793823242,13.393333435058594,13.136667251586914,13.349332809448242,37419000
2016-10-14,62.55542603885941,62.64550071210318,62.49538198335932,62.50288391113281,1379900,183.3372734678212,183.7995835173053,182.37842753303363,182.45547485351562,93346200,13.37733268737793,13.428667068481445,13.08666706085205,13.100666999816895,64048500
2016-10-17,62.547916294167194,62.65300053648749,62.51038375334065,62.63798522949219,1008900,182.42981093792665,182.68664842890956,181.64218554533056,181.8219757080078,58275700,13.136667251586914,13.22599983215332,12.800000190734863,12.93066692352295,68311500
2016-10-18,62.58545283056368,62.72806963586509,62.577950902562364,62.72056198120117,1167300,183.41428116838685,183.47420249045146,182.5838476729331,182.96054077148438,76869700,13.065999984741211,13.29800033569336,12.883999824523926,13.273332595825195,85207500
2016-10-19,62.68304651963144,62.7656135559082,62.67553886360711,62.7656135559082,1546400,183.2259466513188,183.75673438142863,182.86637950544184,183.4485321044922,66519200,13.315999984741211,13.77733325958252,13.204000473022461,13.570667266845703,104868000
2016-10-20,62.77309614496907,62.81062868686338,62.69803678784232,62.72806167602539,1283200,183.09755535598893,183.66259514566121,182.44691178997869,183.1061248779297,73639800,13.474666595458984,13.533332824707031,13.136667251586914,13.273332595825195,76093500
2016-10-21,62.75062236885501,62.78815493674275,62.69808020981168,62.78064727783203,1018800,183.10607715417646,183.27729772552206,182.1472184407151,183.19168090820312,89089100,13.239999771118164,13.437999725341797,13.160667419433594,13.339332580566406,44151000
2016-10-24,62.788122649383,62.788122649383,62.63799818169596,62.6905403137207,1453900,184.0649374413789,184.3389008279515,183.61975346984508,183.97076416015625,60146600,13.399999618530273,13.596667289733887,13.350000381469727,13.517333030700684,41274000
2016-10-25,62.660521146846186,62.75059010079552,62.64550583674604,62.6905403137207,1462100,183.79099988849228,184.04783733368188,183.19172122524665,183.35438537597656,66542300,13.526666641235352,13.645999908447266,13.41333293914795,13.489333152770996,36675000
2016-10-26,62.59296292187258,62.637997398284,62.55543037375452,62.57795333862305,1144500,182.53254180507346,183.56843509761592,182.29281724945483,182.9862823486328,75705500,13.399999618530273,13.545999526977539,13.34000015258789,13.482666969299316,84492000
2016-10-27,62.427771581554865,62.45028879909606,62.31517976719133,62.40525436401367,1848200,183.70540264784358,183.73964154554864,182.42122843952794,182.49827575683594,77220200,14.089332580566406,14.24666690826416,13.44333267211914,13.600666999816895,196405500
2016-10-28,62.3677631904632,62.43532061452441,62.35275361103924,62.37527084350586,1574400,182.47253705494776,183.1488628482753,181.24829762421203,181.9588623046875,140623200,13.600000381469727,13.687999725341797,13.321999549865723,13.33133316040039,64201500
2016-10-31,62.45785015855449,62.48787504998221,62.405308030221605,62.442840576171875,1664700,182.2927529041506,182.51535139937488,181.80477363248966,181.96743774414062,61272500,13.499333381652832,13.499333381652832,13.053999900817871,13.182000160217285,70384500
2016-11-01,62.33979820354396,62.47517258867921,62.294675321133774,62.42252731323242,1623500,182.29280454167187,182.34418248355638,179.44194927362747,180.64906311035156,122781800,13.202667236328125,13.233332633972168,12.540666580200195,12.719332695007324,105900000
2016-11-02,62.467644119198866,62.57293465985045,62.42252124117793,62.482688903808594,3138400,180.34083850479635,180.72610117322677,179.12515529623803,179.56178283691406,103330800,12.670000076293945,12.846667289733887,12.500666618347168,12.534667015075684,63801000
2016-11-03,62.46766032181549,62.5203056057962,62.43005982634675,62.445098876953125,2335700,179.77580479671514,179.989833798208,178.4659483526424,178.73989868164062,88939300,12.600000381469727,12.764666557312012,12.469332695007324,12.494667053222656,39795000
2016-11-04,62.48271943189741,62.60304907804579,62.48271943189741,62.557926177978516,1047000,178.85123212874828,179.69022231724475,178.3974916039178,178.54302978515625,109122100,12.600000381469727,12.897333145141602,12.397333145141602,12.704000473022461,77190000
2016-11-07,62.542894563833485,62.542894563833485,62.467682070898405,62.47520446777344,1290000,178.54302887338312,182.51540735756313,178.54302887338312,182.4811553955078,109794900,12.906000137329102,12.952667236328125,12.670000076293945,12.880666732788086,58051500
2016-11-08,62.51279638021987,62.52031303746374,62.34733811435402,62.36237716674805,2509100,182.08731064527544,183.86803345879056,181.82191678048162,183.30299377441406,106772100,12.919333457946777,13.166000366210938,12.750666618347168,12.996000289916992,49014000
2016-11-09,62.04649532929573,62.12922444876722,61.68549501361056,61.745662689208984,3448800,181.8133801094974,185.8628188492065,181.78769767041217,185.2464141845703,258429000,12.458666801452637,12.800000190734863,12.263333320617676,12.670666694641113,122596500
2016-11-10,61.66294207697555,61.74567120786064,61.47492236821963,61.482444763183594,2836000,186.03402274157074,186.8986952607369,184.2532997663908,185.7086944580078,172113300,12.736666679382324,12.77400016784668,12.027999877929688,12.356666564941406,101254500
2016-11-11,61.45987278724315,61.542601903955564,61.347059833734846,61.36962127685547,1580900,184.98954808289514,185.52033582618566,184.338904621336,185.28062438964844,100552700,12.28266716003418,12.592000007629395,12.199999809265137,12.570667266845703,59827500
2016-11-14,61.24927609009989,61.29439896486508,61.07629550699381,61.1364631652832,2079400,185.80287114251522,186.00834370377714,184.68136117179486,185.42617797851562,94580000,12.533332824707031,12.550000190734863,11.879332542419434,12.096667289733887,98283000
2016-11-15,61.24175775845842,61.31696446735426,61.19663488070173,61.21919631958008,2098100,185.81142771850293,186.87301635742188,185.60596822040515,186.87301635742188,91652600,12.185333251953125,12.428667068481445,12.136667251586914,12.251333236694336,58530000
2016-11-16,61.271869672649885,61.35459881172421,61.23426343201366,61.347076416015625,1629100,186.2565330980274,186.7530817809426,186.1366774203092,186.5219268798828,65617700,12.176667213439941,12.315333366394043,12.080666542053223,12.26200008392334,51516000
2016-11-17,61.24929614810798,61.279379987104576,61.08383790257949,61.098876953125,1762200,186.67614465798366,187.54081733866747,186.5648453689651,187.48089599609375,69797200,12.232666969299316,12.63266658782959,12.140666961669922,12.577333450317383,73306500
2016-11-18,61.12893395388849,61.18157921454261,60.918352911272045,60.94843673706055,1561600,187.54934800622104,187.720568602341,186.88156547375317,187.0613555908203,86265800,12.710000038146973,12.866666793823242,12.333333015441895,12.334667205810547,78154500
2016-11-21,60.993559414540904,61.03116563113377,60.91835271925824,60.940914154052734,2074000,187.63494794012425,188.49962042400998,187.48940978323023,188.47393798828125,72402600,12.336000442504883,12.592666625976562,12.293999671936035,12.3013334274292,65415000
2016-11-22,61.06128902413755,61.08385047355171,60.97103748857412,60.99359893798828,1866900,188.78215239591617,189.02186385363086,188.11438289752599,188.8420867919922,67429000,12.38933277130127,12.764666557312012,12.247332572937012,12.744667053222656,84051000
2016-11-23,60.83565902709962,60.918388161413056,60.69276220639341,60.83565902709961,1642900,188.32840436105832,188.9961738326538,188.13150132797097,188.94480895996094,56620200,12.707332611083984,13.042667388916016,12.600000381469727,12.87600040435791,73378500
2016-11-25,60.85070248952327,60.91086443669654,60.78301240933223,60.858219146728516,942700,189.28728337550007,189.6810894836144,189.2102229949598,189.6468505859375,37872300,12.909333229064941,13.149333000183105,12.909333229064941,13.109999656677246,35491500
2016-11-28,60.92590334676645,61.02367152215508,60.91838095238095,61.0011100769043,1352600,189.33862014822847,189.61257047886514,188.6537247266964,188.75645446777344,76572500,13.031999588012695,13.289999961853027,12.970000267028809,13.074666976928711,67938000
2016-11-29,60.92591592946074,61.09889087071078,60.91839353352168,61.04624557495117,1583600,188.7907185282828,189.5783437413918,188.49107267987097,189.12460327148438,69886700,13.037332534790039,13.11533260345459,12.633333206176758,12.637999534606934,66589500
2016-11-30,60.86574287029599,60.948472004609435,60.767974683337556,60.83565902709961,2372200,189.74102837676915,189.90369253700135,188.61094877723767,188.67088317871094,113291800,12.733332633972168,12.792667388916016,12.5,12.626667022705078,53206500
2016-12-01,60.64727702786018,60.67741474906024,60.48902237052465,60.609596252441406,2998200,188.97051707232507,188.97051707232507,187.61785196668092,187.97743225097656,79040500,12.550000190734863,12.5686674118042,12.066666603088379,12.125332832336426,76896000
2016-12-02,60.752750157381605,60.9411424548501,60.7452128556854,60.82810592651367,1951400,188.06303777935497,188.55958672629782,187.7120270139356,188.07159423828125,74840300,12.192000389099121,12.325332641601562,12.0,12.097999572753906,60634500
2016-12-05,60.73768672823349,60.97129712958114,60.69247440829162,60.903472900390625,2479500,188.90198382342916,189.54407080184095,188.7050808077716,189.20162963867188,67837800,12.167332649230957,12.592666625976562,12.167332649230957,12.453332901000977,61083000
2016-12-06,60.92608615455198,60.948692317155164,60.86579922142458,60.89594268798828,2337800,189.39001699968676,189.83520105835166,188.91059404264573,189.8009490966797,59877400,12.368000030517578,12.438667297363281,12.178667068481445,12.390000343322754,50874000
2016-12-07,60.98634722547779,61.084309138308775,60.963741072461104,61.03909683227539,4273100,189.6468370623224,192.34359747994642,189.52698133405676,192.28367614746094,110738100,12.40999984741211,12.893333435058594,12.333333015441895,12.876667022705078,81928500
2016-12-08,60.95624080551415,60.96377811085764,60.87334769457414,60.91856002807617,2323000,192.2579808058571,193.2253830250353,191.99257386659514,192.7545166015625,99714400,12.803333282470703,12.833333015441895,12.63599967956543,12.81933307647705,47911500
2016-12-09,60.88837670193609,60.92605170187734,60.684909855007845,60.7376594543457,2697000,192.97714906926694,193.9359949996824,192.9428971070115,193.9188690185547,88005800,12.724666595458984,12.922666549682617,12.720666885375977,12.812000274658203,40837500
2016-12-12,60.6623273519046,60.73014582780018,60.609577732004475,60.669864654541016,3464800,193.82468599748915,194.30412200195045,193.27677219854309,193.69627380371094,102016100,12.853333473205566,12.961333274841309,12.745332717895508,12.828666687011719,36583500
2016-12-13,60.77534020356208,60.813015203503326,60.6472348550666,60.7376594543457,4372500,194.35542002215678,195.4854861285542,194.33829404777913,194.9889373779297,110477500,12.878666877746582,13.41866683959961,12.866666793823242,13.210000038146973,102358500
2016-12-14,60.858210539317916,60.8732793838155,60.42113930833933,60.42867660522461,2971300,194.68935787987144,195.39136626171157,192.9428737882111,193.37950134277344,142501800,13.249333381652832,13.533332824707031,13.11733341217041,13.246000289916992,62263500
2016-12-15,60.436233999037746,60.48145205041443,60.330734794617875,60.33827209472656,2651200,193.61917381484898,195.03175981530796,193.3880188656367,194.17564392089844,124972600,13.227333068847656,13.38266658782959,13.159333229064941,13.17199993133545,48294000
2016-12-16,60.39855521345488,60.488979811992834,60.30812486564184,60.39101791381836,3080100,194.63122666208193,194.69151431182837,193.47727268966827,193.7958984375,156420200,13.20533275604248,13.505999565124512,13.173333168029785,13.499333381652832,56953500
2016-12-19,60.54176765776004,60.586985734870325,60.46641186161452,60.5493049621582,2936800,193.97674068123223,194.63983910113276,193.83034471793016,194.21786499023438,90341100,13.499333381652832,13.630000114440918,13.322667121887207,13.51533317565918,52321500
2016-12-20,60.45884275776161,60.56434195669946,60.436230858610514,60.55680465698242,5853400,194.75179627515462,195.11349590689724,194.51929197797907,194.9670867919922,89838800,13.536666870117188,13.933333396911621,13.5,13.919333457946777,70336500
2016-12-21,60.61713054835111,60.662342877186,60.57944977480282,60.647274017333984,2752300,194.83792994460757,195.01015974080977,194.42457580566406,194.42457580566406,67909000,13.896666526794434,14.148667335510254,13.827333450317383,13.846667289733887,78114000
2016-12-22,60.56790158458177,60.651006315705466,60.56790158458177,60.60567855834961,2851500,194.27820185658513,194.39876404162973,193.69260471473083,194.0887451171875,56219100,13.881333351135254,13.999333381652832,13.766667366027832,13.896666526794434,46666500
2016-12-23,60.711473509325955,60.711473509325955,60.63592529296876,60.63592529296875,2096800,194.13172634159508,194.38147065827292,193.9422828072615,194.37286376953125,36697800,13.866666793823242,14.229999542236328,13.847332954406738,14.22266674041748,70057500
2016-12-27,60.53768804625981,60.59057235717773,60.53013726181267,60.590572357177734,2178300,194.63982731069177,195.25124493566398,194.62260039243822,194.85511779785156,42672500,14.325332641601562,14.816666603088379,14.29466724395752,14.635333061218262,88735500
2016-12-28,60.62079080118336,60.79455682505482,60.5754630401549,60.74167251586914,4097100,195.11345330052006,195.1306670770991,193.13277835007074,193.24472045898438,64095000,14.768667221069336,14.920000076293945,14.479999542236328,14.649333000183105,56737500
2016-12-29,60.847438021481494,60.930542755087245,60.80211026277185,60.90787887573242,3115800,193.3136327930532,193.66671234975908,192.7624896651442,193.20169067382812,48696100,14.570667266845703,14.613332748413086,14.274666786193848,14.312000274658203,60675000
2016-12-30,60.915479886163446,61.06658214637906,60.907929096124064,61.03636169433594,2338200,193.5289975878123,193.61511907285654,191.8066730092772,192.49560546875,108998300,14.420000076293945,14.5,14.112000465393066,14.246000289916992,69639000
2017-01-03,60.85506792356939,61.0741561973917,60.8172909031371,61.043941497802734,3312600,193.79588148560507,194.47620679182577,192.79694359971245,193.96812438964844,91366500,14.324000358581543,14.688667297363281,14.064000129699707,14.465999603271484,88849500
2017-01-04,61.07411266605648,61.104333108069504,61.00612099449713,61.08922576904297,3095000,194.2953794720281,195.26849680321703,194.28677258194588,195.12210083007812,78744400,14.316666603088379,15.199999809265137,14.287332534790039,15.13266658782959,168202500
2017-01-05,61.179910060592924,61.40655481482784,61.11946915387877,61.39899826049805,3890400,194.85514465863406,195.12210279706622,194.17481926686474,194.9670867919922,78379000,15.094667434692383,15.165332794189453,14.796667098999023,15.116666793823242,88675500
2017-01-06,61.27051740006827,61.29318128124549,61.15719223022461,61.15719223022461,2287900,195.0790148593262,196.1296334861943,194.53647862766636,195.66461181640625,71559900,15.128666877746582,15.354000091552734,15.029999732971191,15.267333030700684,82918500
2017-01-09,61.3234264306857,61.33098298211006,61.26298554721061,61.308319091796875,1785900,195.4062733251903,195.54406239938967,194.98429921306328,195.0187530517578,46939700,15.264666557312012,15.461333274841309,15.199999809265137,15.41866683959961,59692500
2017-01-10,61.300761812565106,61.33098225394385,61.240320929807616,61.29320526123047,2250700,195.0359668308157,195.87129502525147,194.63121963803593,195.0187530517578,63771900,15.466667175292969,15.466667175292969,15.12600040435791,15.324666976928711,54900000
2017-01-11,61.300727083489164,61.51982083639067,61.2402862349736,61.32339096069336,2327600,194.93268151291917,195.5699462890625,194.26958292128418,195.5699462890625,74650000,15.271332740783691,15.331999778747559,15.112000465393066,15.315333366394043,54762000
2017-01-12,61.47455881370155,61.51233006144329,61.30834918454225,61.33856964111328,2981200,195.05322197351856,195.26851250549817,193.72703807825238,195.0790557861328,72113200,15.27066707611084,15.380000114440918,15.038666725158691,15.305999755859375,56853000
2017-01-13,61.28565184043991,61.308315729510156,61.12699885298862,61.240318298339844,2425000,195.2512620548958,195.82823903423753,195.2168213556575,195.52684020996094,62717900,15.333333015441895,15.856666564941406,15.305999755859375,15.850000381469727,91395000
2017-01-17,61.45184403006133,61.49717756361514,61.35363194128532,61.42918014526367,2188600,194.88961929074637,195.29436658409256,194.45043129043768,194.83795166015625,61240800,15.779999732971191,15.997332572937012,15.624667167663574,15.70533275604248,69262500
2017-01-18,61.353654314156415,61.353654314156415,61.10433996255166,61.11189651489258,1981700,195.08767433052773,195.3115849069483,194.5365310613489,195.26852416992188,54793300,15.776666641235352,15.980667114257812,15.70533275604248,15.890666961669922,56535000
2017-01-19,61.02883608971114,61.074163908781856,60.92306733590294,61.00617218017578,2121300,195.34602527491714,195.48381437704683,194.1145696678997,194.54515075683594,66608800,16.483333587646484,16.57866668701172,16.049999237060547,16.250667572021484,115984500
2017-01-20,60.94567254069836,61.081661630886444,60.907901315843425,61.05144119262695,1836300,195.2254033426013,195.75071263593273,194.59675882444665,195.25985717773438,129168600,16.36400032043457,16.399999618530273,16.200666427612305,16.315332412719727,63064500
2017-01-23,61.05897936356506,61.338514010352014,61.05897936356506,61.21763229370117,1490200,195.25988085598757,195.32015536434764,193.9939716372401,194.7517852783203,75061600,16.389999389648438,16.72599983215332,16.366666793823242,16.594667434692383,93943500
2017-01-24,61.1723648548035,61.2328057727305,61.05903957468117,61.127037048339844,2136000,194.9670681283333,196.41382709593856,194.8551260056911,196.00047302246094,95555300,16.666667938232422,16.98666763305664,16.643333435058594,16.974000930786133,74482500
2017-01-25,60.998593586315,61.036370597870004,60.90793798092333,60.945709228515625,1897400,196.9477557982735,197.6969757080078,196.7841329083282,197.6969757080078,84437700,17.15399932861328,17.230667114257812,16.786666870117188,16.96466636657715,77139000
2017-01-26,60.907941007724446,60.99104582610515,60.832386980859816,60.96837615966797,2381600,197.55055465753608,197.81752591147847,197.2147020080547,197.4902801513672,59970700,16.952667236328125,17.049333572387695,16.71666717529297,16.833999633789062,47281500
2017-01-27,60.998584688291565,61.074132936418444,60.998584688291565,61.03636169433594,1768700,197.56781818965763,197.71421417781394,196.99944801896262,197.1802978515625,59711100,16.7586669921875,16.866666793823242,16.56800079345703,16.863332748413086,47494500
2017-01-30,61.02875100530609,61.11185573371688,61.00608712736801,61.02119445800781,2699500,196.49139014809327,196.51722396452,194.97574930978664,195.9574737548828,79737300,16.8353328704834,17.019332885742188,16.47333335876465,16.708667755126953,57016500
2017-01-31,61.04391620936871,61.210120044111605,61.04391620936871,61.14968490600586,2857600,195.46654382670206,196.00047319321024,194.8981869027836,195.940185546875,75880800,16.615999221801758,17.05933380126953,16.51333236694336,16.795333862304688,61741500
2017-02-01,60.98917332829688,61.1330175708851,60.94375126261611,61.04216766357422,2313400,195.94022927055596,196.85305907660958,195.43214673930603,196.01773071289062,79117700,16.8700008392334,16.8799991607666,16.60333251953125,16.615999221801758,59382000
2017-02-02,61.16325652019586,61.2086785529384,61.07240667876562,61.079978942871094,1745400,196.0177294111019,196.43109671472556,195.32881018564632,196.14691162109375,69657600,16.555999755859375,16.827999114990234,16.513999938964844,16.770000457763672,37497000
2017-02-03,61.216321402448685,61.276888033238464,61.027055013194506,61.09518814086914,2398900,197.0510456654861,197.679690088345,196.7410268977239,197.49884033203125,80563200,16.79400062561035,16.812000274658203,16.64533233642578,16.755332946777344,32800500
2017-02-06,61.2919655758193,61.329821126235345,61.17083821119082,61.284393310546875,3238100,197.094191134407,197.49033153341225,196.81000602778656,197.14585876464844,57790100,16.733333587646484,17.187999725341797,16.708667755126953,17.184667587280273,53437500
2017-02-07,61.291974076061436,61.43581825645612,61.246552030019686,61.3828239440918,5239300,197.53336288200782,197.7744872141205,196.964992753332,197.15444946289062,57931200,17.21266746520996,17.333332061767578,17.094667434692383,17.165332794189453,63672000
2017-02-08,61.38285267760375,61.58725775642116,61.38285267760375,61.549407958984375,2172700,197.15441429595157,197.54193453627462,196.61187807532636,197.4127655029297,51566200,17.156667709350586,17.55733299255371,17.079999923706055,17.472000122070312,58995000
2017-02-09,61.42824599013355,61.48881256882045,61.34496838842576,61.3828239440918,3410400,197.41278823132038,198.88536794214565,197.41278823132038,198.58396911621094,65955200,17.75,18.07866668701172,17.74333381652832,17.946666717529297,117303000
2017-02-10,61.28440580350973,61.39039443514543,61.27683931264091,61.36768341064453,2011900,198.92842684589928,199.59152528133336,198.60118107303498,199.36761474609375,66015900,17.986000061035156,18.06333351135254,17.74066734313965,17.948667526245117,54295500
2017-02-13,61.30717478180564,61.329885825635664,61.231463601102725,61.29960250854492,1863000,199.8584786124461,200.7110337232728,199.8326448036595,200.4526824951172,55182100,18.049333572387695,18.71933364868164,18.034000396728516,18.706666946411133,105444000
2017-02-14,61.27687950926802,61.29959054866699,61.06490210694292,61.17089080810547,2178300,200.27187670372177,201.26222110590146,199.92741708401107,201.25360107421875,71109000,18.601999282836914,19.159332275390625,18.573999404907227,18.73200035095215,110178000
2017-02-15,61.027038102031,61.11031575230197,61.01946583129267,61.07246017456055,1503700,201.03830504218527,202.49367120529897,200.98663741466746,202.30421447753906,86785800,18.666667938232422,18.81599998474121,18.429332733154297,18.650667190551758,74218500
2017-02-16,61.12541517546476,61.276831613023575,61.1178486855467,61.18598175048828,3290700,202.33003687434092,202.51088670074023,201.38276642928537,202.13197326660156,84722400,18.50666618347168,18.666667938232422,17.899999618530273,17.93000030517578,106159500
2017-02-17,61.322288417098925,61.36014399193383,61.29200511242095,61.32986068725586,1520000,201.46882223227414,202.45054626464844,201.4515953151342,202.45054626464844,77204100,17.719999313354492,18.19266700744629,17.610000610351562,18.148666381835938,93856500
2017-02-21,61.276839760968606,61.38282839337977,61.24655646943009,61.322261810302734,1811300,202.82089123635168,203.8284492656725,202.81227120600053,203.65621948242188,88946100,18.363332748413086,18.760000228881836,18.267332077026367,18.492666244506836,85150500
2017-02-22,61.45096296685176,61.45096296685176,61.231413429800746,61.3601188659668,1965800,203.25144442334758,203.69923917040245,203.0878215525709,203.475341796875,62115200,18.687332153320312,18.89666748046875,18.17333221435547,18.233999252319336,131325000
2017-02-23,61.450994254963355,61.47370529174805,61.42071094726698,61.47370529174805,1590500,203.99207258780973,204.00928636796786,202.85533236344304,203.6131591796875,74615900,17.600000381469727,17.643999099731445,17.03733253479004,17.06599998474121,223728000
2017-02-24,61.59478654695869,61.71591389958284,61.56450326481628,61.700775146484375,1703800,202.7692649080462,203.91459911303326,202.72620416839197,203.87155151367188,82381600,16.8439998626709,17.21666717529297,16.68000030517578,17.133333206176758,122574000
2017-02-27,61.67054853603846,61.678120807518916,61.54184880062467,61.5721321105957,2005600,203.78536208765897,204.36233901382846,203.53563090539905,204.1901092529297,56515400,16.544666290283203,16.55733299255371,16.134000778198242,16.415332794189453,171912000
2017-02-28,61.57213073277476,61.63269735136151,61.519136385499024,61.526702880859375,1975700,203.81123736430177,204.05236170667933,203.2514872424162,203.63900756835938,96961900,16.279333114624023,16.733333587646484,16.260000228881836,16.666000366210938,91171500
2017-03-01,61.274845123291016,61.29760039171242,61.2217475679079,61.274845123291016,2954300,205.29244133183443,206.95449108934181,205.27521440981133,206.4894561767578,149158200,16.94533348083496,16.989999771118164,16.607332229614258,16.667999267578125,72142500
2017-03-02,61.22170671971293,61.22929373319104,61.09275642656319,61.1610221862793,2077300,206.30001086819615,206.3086308998303,205.1374498030044,205.18911743164062,70246000,16.6473331451416,16.885332107543945,16.551332473754883,16.698667526245117,50277000
2017-03-03,61.16867087077324,61.206600189208984,61.08523099997579,61.206600189208984,2242600,205.1029620528857,205.48187545397204,204.72404865179934,205.31825256347656,81974300,16.715999603271484,16.793333053588867,16.600000381469727,16.771333694458008,43791000
2017-03-06,61.22934761173516,61.22934761173516,61.115565458223806,61.168663024902344,1880900,204.52602881279873,205.05994518838477,204.10405459126903,204.70687866210938,55391500,16.527332305908203,16.780000686645508,16.500667572021484,16.747333526611328,50332500
2017-03-07,61.13829517189161,61.16105043564063,61.054855346679695,61.05485534667969,1644800,204.4054779286972,204.75855761478786,203.88877530806238,204.095458984375,65103700,16.794666290283203,16.926000595092773,16.55466651916504,16.57266616821289,51892500
2017-03-08,60.865273135637224,60.94871303309961,60.84251785218445,60.910789489746094,2172700,204.38819704453468,204.6465482866462,203.57870261805394,203.71649169921875,78168800,16.46666717529297,16.67133331298828,16.35466766357422,16.45800018310547,55878000
2017-03-09,60.80458933521735,60.819757593877384,60.69838837578576,60.72114944458008,2761300,203.8370796757985,204.30211459855315,203.01037136468838,203.97486877441406,90683900,16.5086669921875,16.577333450317383,16.200000762939453,16.32666778564453,58189500
2017-03-10,60.7893554690664,60.857627033860425,60.75901319440207,60.84245300292969,3430900,204.93073003089174,204.9737907605969,203.74232222053638,204.68960571289062,81991700,16.413999557495117,16.433332443237305,16.200000762939453,16.246000289916992,45994500
2017-03-13,60.77424703069445,60.84251287546885,60.7059753987172,60.72114944458008,2164600,204.62934583908455,204.8360294855501,204.30211315754522,204.79296875,57256800,16.321332931518555,16.456666946411133,16.185333251953125,16.411333084106445,45339000
2017-03-14,60.70593684663289,60.789376684280626,60.69834982851968,60.713523864746094,3620700,204.25043221184765,204.3021129786375,203.39789009404342,204.00930786132812,59880800,16.407333374023438,17.20800018310547,16.40133285522461,17.200000762939453,113976000
2017-03-15,60.80454569102038,61.1003757137747,60.781784638563465,61.09278869628906,2281200,204.57767388337365,206.196662895698,204.34515642855678,205.77468872070312,96081800,17.133333206176758,17.399999618530273,16.951332092285156,17.048667907714844,79962000
2017-03-16,61.04724816790759,61.08517166230327,60.99415064599697,61.001731872558594,2617800,205.91247041032932,205.98997184571738,205.0427014191847,205.36993408203125,78344000,17.49333381652832,17.71666717529297,17.270666122436523,17.469999313354492,106983000
2017-03-17,61.039698586820116,61.14589369576564,61.039698586820116,61.123138427734375,1293000,205.632027875245,205.82230883065284,205.00929260253906,205.00929260253906,89002100,17.600000381469727,17.68866729736328,17.413333892822266,17.433332443237305,97462500
2017-03-20,61.13067900787807,61.252048072935274,61.1155107683437,61.24446105957031,1510900,205.0092647739321,205.29468616829985,204.39518711730236,204.78439331054688,52537000,17.373332977294922,17.636667251586914,17.254667282104492,17.461332321166992,54214500
2017-03-21,61.21415939868244,61.38862609863282,61.18382289949049,61.38862609863281,2079000,205.38986886126582,205.5109555506697,202.02537456555163,202.1551055908203,131809300,17.52199935913086,17.65333366394043,16.682666778564453,16.711999893188477,103629000
2017-03-22,61.44171124756697,61.52515107149632,61.4037819504361,61.47205352783203,1339600,202.18968445195426,202.91620449898713,201.56694921236672,202.6307830810547,97569200,16.770666122436523,17.004667282104492,16.700666427612305,17.000667572021484,60889500
2017-03-23,61.49479751561784,61.517552774844695,61.35826017305953,61.44169998168945,1790300,202.63076264780625,203.54756354767736,202.04263120164606,202.41453552246094,100410300,17.025999069213867,17.17799949645996,16.886667251586914,16.985332489013672,49803000
2017-03-24,61.39620190860104,61.494809980971574,61.38861489158843,61.426544189453125,3736700,202.7173191160877,203.28814886684097,201.4891502622545,202.26756286621094,112504900,17.046667098999023,17.592666625976562,17.000667572021484,17.54400062561035,84709500
2017-03-27,61.59343499570727,61.60860903390637,61.50999514721201,61.555511474609375,1870300,200.59819347881407,202.3193658995784,200.32142966093872,202.0598907470703,87454500,17.373332977294922,18.038000106811523,17.316667556762695,18.014667510986328,93462000
2017-03-28,61.61616661442396,61.61616661442396,61.41135770698792,61.44169998168945,1990800,201.75725376032582,203.95411602548558,201.64481140746744,203.5303192138672,93483900,18.468000411987305,18.711999893188477,18.333332061767578,18.496667861938477,119814000
2017-03-29,61.479678106049626,61.56311798095703,61.46450406304733,61.56311798095703,1356800,203.24481573132235,203.9540337080173,203.01993111637077,203.7205047607422,61950400,18.555999755859375,18.639999389648438,18.369333267211914,18.492000579833984,55143000
2017-03-30,61.51754454831221,61.525131562772295,61.41893650911662,61.464447021484375,1403500,203.65998362917261,204.56814009591145,203.48700458728308,204.36920166015625,56737900,18.535999298095703,18.799999237060547,18.480667114257812,18.527999877929688,62226000
2017-03-31,61.449286652160744,61.51755242945804,61.449286652160744,61.502384185791016,2399400,204.03193003110582,204.55952479613492,203.84164908650794,203.8935546875,73733100,18.582000732421875,18.64533233642578,18.42133331298828,18.553333282470703,49419000
2017-04-03,61.55105881165441,61.725894927978516,61.50545039863866,61.725894927978516,2142600,203.94540265571393,204.14432789174012,202.31072631325307,203.5388946533203,85546500,19.126667022705078,19.933332443237305,18.972000122070312,19.90133285522461,208329000
2017-04-04,61.71068625949902,61.71068625949902,61.63467031419578,61.657474517822266,1983200,203.25351822724852,203.75516679210006,202.8729563368468,203.66867065429688,56466200,19.792667388916016,20.320667266845703,19.635332107543945,20.246667861938477,152019000
2017-04-05,61.62712359389501,61.7563513995909,61.589112686502006,61.71074295043945,2050500,204.34327805151034,205.32062888253068,202.85563437139967,203.06321716308594,108800600,20.13599967956543,20.325332641601562,19.613332748413086,19.666667938232422,118213500
2017-04-06,61.71070866651133,61.748719552787044,61.61948601923779,61.73351287841797,1855300,203.20162468780876,204.15301621103774,202.76051286391876,203.6340789794922,69135800,19.79199981689453,20.12933349609375,19.606666564941406,19.913333892822266,82809000
2017-04-07,61.80188325798912,61.84749164633831,61.58143304823057,61.59663391113281,1608200,203.3832198328587,204.11839730552617,202.9421212677317,203.4264678955078,74412300,19.833332061767578,20.179332733154297,19.809999465942383,20.16933250427246,68694000
2017-04-10,61.66507785224605,61.718289593922805,61.627066979771996,61.657474517822266,1481700,203.56487877074764,204.343291194087,203.01998215593574,203.54757690429688,67615300,20.610000610351562,20.915332794189453,20.58066749572754,20.826000213623047,114967500
2017-04-11,61.75629566238097,61.88552915108933,61.74869812747957,61.85512161254883,1340500,203.16700087724368,203.4091742008586,201.8177457321159,203.30538940429688,88045300,20.892000198364258,20.898000717163086,20.366666793823242,20.58066749572754,85869000
2017-04-12,61.84751416807079,61.99954605102539,61.82470996559205,61.99954605102539,1801600,203.02862636532242,203.21890729142282,202.1896640631861,202.41453552246094,81864400,20.422666549682617,20.56333351135254,19.754667282104492,19.78933334350586,90760500
2017-04-13,62.0375627920989,62.12878541029066,61.9691443785438,62.09077453613281,1393500,202.0771889279115,202.81236631371326,201.09983825683594,201.09983825683594,92880400,19.780000686645508,20.492666244506836,19.68666648864746,20.266666412353516,139269000
2017-04-17,62.09838673740397,62.12879428114286,61.98435989829461,62.052772521972656,1494600,201.61881958860167,202.881591796875,201.41989433024537,202.881591796875,68405400,20.18000030517578,20.266666412353516,19.91200065612793,20.09600067138672,62080500
2017-04-18,62.121195760816654,62.31123857418203,62.121195760816654,62.27322769165039,1782800,202.14639206600955,202.8123752285135,201.59285121855888,202.276123046875,83225800,19.979999542236328,20.055999755859375,19.860000610351562,20.016666412353516,45535500
2017-04-19,62.204805343432014,62.204805343432014,62.1211860546447,62.1591911315918,1437000,202.83835390279546,203.2102582391283,201.67936643251812,201.9042510986328,68699900,20.163999557495117,20.441333770751953,20.140666961669922,20.368000030517578,58470000
2017-04-20,62.13641661190151,62.13641661190151,62.01479218805959,62.07560729980469,1425700,202.51833360852208,203.9886887153188,202.19832166519814,203.54757690429688,92572200,20.43400001525879,20.610000610351562,20.01533317565918,20.167333602905273,92241000
2017-04-21,62.12878541029066,62.174393819563974,62.07557366625675,62.09077453613281,1241700,203.46970747536926,203.52159986940245,202.5010142602025,202.89886474609375,110389800,20.133333206176758,20.426666259765625,20.027999877929688,20.373332977294922,67647000
2017-04-24,61.93874756741384,62.02236105785321,61.90073669023137,62.00716018676758,2665700,205.1390154286658,205.33795390885047,202.87295911968172,205.13037109375,119209900,20.614667892456055,20.703332901000977,20.40133285522461,20.53533363342285,76252500
2017-04-25,61.885522744143685,61.923527813650956,61.779093470447975,61.81710433959961,1670900,205.77038791146632,206.669886959925,205.68389178100873,206.3239288330078,76698300,20.53333282470703,20.93199920654297,20.390666961669922,20.91933250427246,101065500
2017-04-26,61.794314210736054,61.89313437353308,61.77151000390949,61.877933502197266,1876200,206.2893848768545,207.17159551281887,206.15100950446555,206.19424438476562,84702500,20.82466697692871,20.96666717529297,20.600000381469727,20.67799949645996,70425000
2017-04-27,61.89310779056687,61.97672704611377,61.85510272872758,61.92351531982422,1543100,206.5141745623842,206.6698517337253,205.83088956162,206.3671417236328,57410300,20.779333114624023,20.87266731262207,20.5,20.575332641601562,52029000
2017-04-28,61.87791274914233,62.022341277153025,61.847505217023304,61.991939544677734,2100000,206.62659161436042,206.65253780806938,205.78762949122824,205.91737365722656,63532800,20.655332565307617,20.98666763305664,20.53333282470703,20.937999725341797,67582500
2017-05-01,61.95991136541735,62.01323872955325,61.80756573295674,61.87612533569336,1478100,206.43637084960938,206.86018079937156,206.02121843190722,206.43637084960938,66882500,20.992000579833984,21.816667556762695,20.987333297729492,21.52199935913086,132444000
2017-05-02,61.883796249024165,61.99043945350233,61.853325931799155,61.982826232910156,1664300,206.5746968750638,206.69578351014485,206.10765219616655,206.51416015625,57375700,21.600000381469727,21.8439998626709,21.104000091552734,21.25933265686035,80742000
2017-05-03,62.005652705867725,62.04373622844549,61.86853923903159,61.914241790771484,2948400,206.51419754423213,206.60933800312412,205.58873915342298,206.26336669921875,73137700,21.17799949645996,21.435333251953125,20.696666717529297,20.73466682434082,107001000
2017-05-04,61.80759853207644,61.85330108374469,61.769509197941936,61.84568786621094,1216100,206.5660888673445,206.6439274612729,205.65793234581244,206.5055389404297,61462700,20.496000289916992,20.51799964904785,19.384000778198242,19.69733238220215,212280000
2017-05-05,61.853345438546384,61.88381576538086,61.777172527270515,61.88381576538086,1658900,206.87744394406326,207.33584434389297,206.43633221020283,207.31854248046875,62001300,19.866666793823242,20.56999969482422,19.786666870117188,20.55666732788086,122659500
2017-05-08,61.845716500695836,61.860948754432286,61.74668651074195,61.777156829833984,1832300,207.3618046589795,207.50883751445906,206.8601561651609,207.28396606445312,48385700,20.726667404174805,20.91933250427246,20.38800048828125,20.479333877563477,105097500
2017-05-09,61.73907180720032,61.777155346436544,61.7009824563451,61.74668502807617,2532200,207.54347565445931,207.74240093927168,206.7477481202938,207.09371948242188,51363200,20.625333786010742,21.465999603271484,20.606666564941406,21.417333602905273,145147500
2017-05-10,61.807575102785336,61.8532776371292,61.70855100783554,61.73902130126953,1845500,207.05045428669604,207.46560668945312,206.842871486589,207.46560668945312,54293800,21.437332153320312,21.700000762939453,21.20800018310547,21.681333541870117,86124000
2017-05-11,61.70097142857143,61.78476333618164,61.647649833875654,61.78476333618164,1421500,207.01586288180906,207.20614381507636,205.96067341458388,207.04180908203125,62358300,21.559999465942383,21.733333587646484,21.30666732788086,21.540000915527344,71307000
2017-05-12,61.921883948523615,61.99043780173917,61.8914136321105,61.967586517333984,1510300,206.79094123086725,207.08500691242796,206.42768129527087,206.69580078125,53912700,21.698667526245117,21.799999237060547,21.435333251953125,21.65399932861328,61824000
2017-05-15,61.92952983971728,61.99808372266504,61.92952983971728,61.9523811340332,1823500,207.11963353742098,207.95859581385963,207.10233167263556,207.83750915527344,61918900,21.225332260131836,21.34666633605957,20.8353328704834,21.058666229248047,114330000
2017-05-16,61.975201059611734,62.08946328497866,61.975201059611734,62.01329040527344,1760600,208.13156340453983,208.15750960156078,207.25801064410544,207.647216796875,51241800,21.172666549682617,21.33733367919922,21.00933265686035,21.134000778198242,62287500
2017-05-17,62.18087730484424,62.36369921621332,62.18087730484424,62.34846115112305,1987100,207.64724366280345,207.64724366280345,203.90218810458956,203.96273803710938,172174100,20.959333419799805,20.975332260131836,20.366666793823242,20.407333374023438,100678500
2017-05-18,62.363698982154986,62.37893123556906,62.26466899429698,62.29513931274414,1881800,203.88488106209277,205.631999962106,203.62540586744421,204.78439331054688,107047700,20.46666717529297,20.929332733154297,20.354000091552734,20.87066650390625,84807000
2017-05-19,62.3180024411044,62.3332405090332,62.234210502356305,62.3332405090332,1394700,205.268726412231,206.7823162173544,205.21683401621968,206.1163330078125,115011400,21.03333282470703,21.100000381469727,20.68000030517578,20.722000122070312,70314000
2017-05-22,62.31037372852788,62.31037372852788,62.26466534772459,62.279903411865234,1570700,206.62662010978983,207.32720702890853,206.55743904866105,207.16287231445312,61010600,20.85333251953125,20.95800018310547,20.453332901000977,20.690000534057617,64938000
2017-05-23,62.340814228004916,62.340814228004916,62.14276596338816,62.1503791809082,1679500,207.53478073115593,207.78561157318967,207.15421890010862,207.62127685546875,48341700,20.69733238220215,20.715333938598633,20.23200035095215,20.257333755493164,64776000
2017-05-24,62.18087342980699,62.2875166323169,62.14278989269269,62.279903411865234,1568700,207.85484941708714,208.20945192723073,207.51752238000833,208.1056671142578,46927700,20.43400001525879,20.733333587646484,20.360000610351562,20.681333541870117,75499500
2017-05-25,62.2875166323169,62.302754696457555,62.226581810610284,62.279903411865234,1108400,208.61593409813327,209.37705782517145,208.4083644980005,209.10028076171875,64071700,20.73466682434082,21.131332397460938,20.520666122436523,21.121999740600586,75210000
2017-05-26,62.28750286367556,62.317973173602745,62.25703836536576,62.310359954833984,952700,208.90999129615258,209.2213588810894,208.83215269928246,209.05703735351562,46629900,21.152000427246094,21.69933319091797,21.08733367919922,21.676000595092773,117033000
2017-05-30,62.36368801276412,62.401771545410156,62.32559866850011,62.401771545410156,1283300,208.73705395115405,209.1262602107397,208.58137672630332,208.8754425048828,35201900,21.733333587646484,22.41866683959961,21.71733283996582,22.34000015258789,116743500
2017-05-31,62.40178447186027,62.47034414341394,62.386552217970106,62.432254791259766,2290100,209.16947497747938,209.20407870913107,208.13158738469383,208.82351684570312,91796000,22.512666702270508,22.859333038330078,22.3439998626709,22.733999252319336,149451000
2017-06-01,62.37265685406334,62.456624916724834,62.357392580777464,62.44898986816406,1710900,209.28192375663733,210.5014479845229,208.99650235027323,210.48414611816406,68962000,22.933332443237305,22.992000579833984,22.486000061035156,22.691333770751953,114120000
2017-06-02,62.5864551374839,62.678058341667544,62.57119084870742,62.65515899658203,1795200,210.53604147612447,211.34041330489234,210.24197573118028,211.18472290039062,88666100,22.65133285522461,22.858667373657227,22.39533233642578,22.656667709350586,83853000
2017-06-05,62.57880573527501,62.601705072979854,62.54063628987381,62.55590057373047,1916200,211.01173560965785,211.29715700891515,210.83009901105527,211.02903747558594,44698800,22.566667556762695,23.229333877563477,22.28066635131836,23.154666900634766,101766000
2017-06-06,62.67802995031151,62.708564337874854,62.63223128088597,62.67039489746094,3262500,210.466845031661,211.02038598008141,210.27656409337987,210.3544158935547,50375400,22.979999542236328,23.965999603271484,22.6646671295166,23.523332595825195,166302000
2017-06-07,62.65515634031628,62.67042062844564,62.57118819600151,62.58645248413086,1743500,210.69168365933325,210.96844747433232,210.02570052088976,210.7435760498047,54144300,23.756000518798828,24.03333282470703,23.676000595092773,23.976667404174805,140970000
2017-06-08,62.57116854578428,62.57116854578428,62.44903098374092,62.54063415527344,1827800,210.83873725835193,211.32308388038217,210.31978690763057,210.84738159179688,65950700,24.25,24.793333053588867,24.014667510986328,24.666667938232422,135922500
2017-06-09,62.44142588730993,62.52539403770817,62.418520717694435,62.48722457885742,1404500,211.11553629639795,211.91125062202613,209.26463242652287,210.52740478515625,132256400,24.961332321166992,25.124666213989258,23.65333366394043,23.821332931518555,258921000
2017-06-12,62.43374877473163,62.555880477869636,62.41847867194073,62.4719123840332,2053900,210.28522084613712,210.5360385197835,209.63653943097975,210.48414611816406,86108100,23.865999221801758,24.299999237060547,23.374666213989258,23.93400001525879,157765500
2017-06-13,62.44905512000668,62.51012392463117,62.433790830771436,62.48722457885742,1515100,211.0203777650746,211.56527435779938,210.67441963482645,211.5133819580078,60067000,24.507999420166016,25.066667556762695,24.44066619873047,25.06333351135254,177118500
2017-06-14,62.75438066833103,62.845983856801034,62.65514824870229,62.716217041015625,2472800,211.7815241526878,211.79016848775927,210.42361129135838,211.2452850341797,78602300,25.4060001373291,25.616666793823242,25.08733367919922,25.37733268737793,192276000
2017-06-15,62.693282486528716,62.693282486528716,62.616949443840895,62.647483825683594,2063400,209.89595445720175,210.95980124210382,209.61919064469484,210.83871459960938,66464900,24.833332061767578,25.03066635131836,24.432666778564453,25.022666931152344,156397500
2017-06-16,62.65514824870229,62.72384627217436,62.64751319370298,62.716217041015625,1376200,210.99783260155976,211.04997806682266,210.00702897611282,210.8848419189453,84553100,25.198667526245117,25.200666427612305,24.67333221435547,24.760000228881836,100965000
2017-06-19,62.67039431108687,62.70092869836452,62.60169630759133,62.624595642089844,1776500,211.71048558799038,212.7012891020136,211.61488115848746,212.6404571533203,65123800,25.0,25.113332748413086,24.520000457763672,24.65333366394043,98239500
2017-06-20,62.678047589859645,62.75438066833103,62.65514824870229,62.716217041015625,1864100,212.28412717005747,212.29281365996601,211.18903265983135,211.20640563964844,56906400,25.1113338470459,25.2586669921875,24.648666381835938,24.81599998474121,111580500
2017-06-21,62.70859387277469,62.769662676663955,62.67042441438348,62.74675750732422,1249600,211.59751403942832,211.7104914506489,210.684928689232,211.1542510986328,55977600,24.956666946411133,25.132667541503906,24.534666061401367,25.093332290649414,73848000
2017-06-22,62.77724440017103,62.80014372833914,62.71618146633518,62.769615173339844,1195100,211.1629742389999,211.65836943369348,210.8848474012777,211.0586700439453,44148100,25.19933319091797,25.666667938232422,24.904666900634766,25.507333755493164,112947000
2017-06-23,62.76962875508623,62.807792369011615,62.7390943696428,62.78489303588867,1356000,211.11950584472999,211.64097374946985,210.73708809083058,211.3107147216797,66986800,25.496667861938477,25.799333572387695,25.290000915527344,25.56333351135254,96687000
2017-06-26,62.861230786533795,62.89176517425971,62.83069639880789,62.85359573364258,4665500,211.97992043403343,212.39711064820162,211.2411709623493,211.4497528076172,56700500,25.779333114624023,25.796667098999023,24.873332977294922,25.166000366210938,99061500
2017-06-27,62.73913466521097,62.73913466521097,62.624632102216,62.639896392822266,2374200,211.2324448471982,211.52795786080534,209.7288600990162,209.74624633789062,82247700,25.093332290649414,25.093332290649414,24.134666442871094,24.158000946044922,104946000
2017-06-28,62.655166507270806,62.670430797877074,62.5559282348821,62.639896392822266,1604300,210.76312587024884,211.82346100773714,210.52845805803364,211.62356567382812,70042600,24.44533348083496,24.78266716003418,24.167999267578125,24.749332427978516,94537500
2017-06-29,62.47195093515212,62.57118919301886,62.43378730229996,62.5101203918457,1548100,211.77132102248703,211.82346647947858,208.55555631046235,209.76364135742188,106949700,24.707332611083984,24.733333587646484,23.606666564941406,24.049999237060547,123315000
2017-06-30,62.49485172022231,62.51775106309578,62.410883580458915,62.464317321777344,1978100,210.57194686354703,210.94567811831612,209.96356102512635,210.15476989746094,86820700,24.247333526611328,24.451332092285156,23.974666595458984,24.107332229614258,87727500
2017-07-03,62.59380264339848,62.6014636054405,62.417501099367314,62.47115707397461,1092500,211.09342148732742,211.52798468158704,210.5111083984375,210.5111083984375,39153800,24.682666778564453,24.75666618347168,23.433332443237305,23.507999420166016,94581000
2017-07-05,62.46350738571572,62.532496999443026,62.43284598495517,62.50950241088867,1917100,210.8761560786922,211.2064151136477,210.0678615791739,210.99783325195312,54427600,23.14666748046875,23.14933204650879,21.755332946777344,21.805999755859375,255700500
2017-07-06,62.402219832587306,62.41754761615703,62.31790240278633,62.3638916015625,1827500,210.23297023107446,210.35464738842117,208.88582174928314,209.06834411621094,65400800,21.150667190551758,21.38599967956543,20.420000076293945,20.588666915893555,289867500
2017-07-07,62.36388633419903,62.38688093164495,62.3255581064115,62.34855270385742,2441500,209.64200107863726,210.571959502796,209.07706091762392,210.42420959472656,57972300,20.899999618530273,21.133333206176758,20.492000579833984,20.881332397460938,212653500
2017-07-10,62.40221187030156,62.43286743352948,62.36388364416729,62.37921142578125,2228800,210.42413268328576,211.02383184860827,210.119933226095,210.6501007080078,36663300,20.860000610351562,21.195999145507812,20.208667755126953,21.06999969482422,207313500
2017-07-11,62.40986364815191,62.47118646171137,62.37154127572629,62.44052505493164,1931500,210.6501802969023,210.80662995913784,209.32911759842563,210.49374389648438,50354600,21.066667556762695,21.818666458129883,20.953332901000977,21.814666748046875,173391000
2017-07-12,62.62453074230285,62.639864380277174,62.55554691562662,62.58620834350586,1378800,211.45842825120994,212.24063660467954,211.45842825120994,212.07550048828125,59610400,22.02666664123535,22.206666946411133,21.633333206176758,21.968000411987305,155191500
2017-07-13,62.578510613144125,62.58617742834418,62.471198592609504,62.56318283081055,1321400,212.0842090236191,212.54484491380276,211.85822769210736,212.43185424804688,39471600,22.007333755493164,22.106666564941406,21.33133316040039,21.560667037963867,128917500
2017-07-14,62.68585359806133,62.739509634832636,62.57087470553154,62.58620834350586,1201700,212.43186492959558,213.77901345016744,212.33626049879845,213.42266845703125,60262700,21.54599952697754,21.89466667175293,21.4146671295166,21.851999282836914,84378000
2017-07-17,62.63984791855747,62.69350394122801,62.59385871285926,62.670509338378906,1432500,213.34446098258874,213.72687872498506,213.2227838156278,213.3966064453125,33531900,21.702667236328125,21.80666732788086,20.89666748046875,21.30466651916504,148153500
2017-07-18,62.77780539813204,62.83146140713974,62.75481080113822,62.81612777709961,1607300,212.98805573976517,213.5616821911414,212.64909706609973,213.50953674316406,42742500,21.166667938232422,21.941999435424805,21.04400062561035,21.882667541503906,95605500
2017-07-19,62.83148883985183,62.85448344688527,62.80082741445093,62.823822021484375,1589100,213.8224585033008,214.6741985738077,213.81375875263902,214.66551208496094,51034300,21.881999969482422,22.110000610351562,21.54800033569336,21.68400001525879,95355000
2017-07-20,62.86979017915849,62.923446193622325,62.83146779629403,62.86212921142578,1646800,214.91756003256464,215.03923718954388,214.21356981991232,214.76112365722656,47135200,21.793333053588867,22.014667510986328,21.613332748413086,21.994667053222656,77493000
2017-07-21,62.900456593905744,62.97711306186162,62.900456593905744,62.93111801147461,1942000,214.18751329032523,214.5960037614684,213.96153193754682,214.56993103027344,82340800,21.964000701904297,22.083999633789062,21.719999313354492,21.893333435058594,73524000
2017-07-24,62.92346533997145,62.93113215810399,62.854481520984834,62.90047073364258,1417400,214.4917057542839,214.65684189782053,214.04845604938308,214.51779174804688,46622300,22.016000747680664,22.893333435058594,22.000667572021484,22.834667205810547,129556500
2017-07-25,62.77780154937506,62.7854683639251,62.655155908838644,62.66282272338867,1385000,215.26522896300702,215.3695331531979,214.81329276550863,215.0392608642578,54915600,23.0,23.040000915527344,22.27666664123535,22.639999389648438,104838000
2017-07-26,62.67049338011663,62.85445600413356,62.64749878312281,62.81612777709961,1583000,215.3260546559813,215.36081387501542,214.78720055915,215.0479278564453,47575400,22.69066619873047,23.03333282470703,22.541332244873047,22.92333221435547,72312000
2017-07-27,62.7394905090332,62.77781874421544,62.69350130526861,62.7394905090332,1224000,215.50855164233664,215.54331085727668,213.5269315835862,214.84800720214844,70766600,23.066667556762695,23.166667938232422,21.752666473388672,22.297332763671875,124536000
2017-07-28,62.731804589049545,62.85445022583008,62.731804589049545,62.85445022583008,1867100,214.36999645778127,214.7263414233966,213.9180603305673,214.59597778320312,50088400,22.459333419799805,22.639999389648438,22.167333602905273,22.33799934387207,73206000
2017-07-31,62.823803342918474,62.85446475920322,62.78548095861293,62.846797943115234,2561600,214.99583321403708,215.09143766624797,214.26577008541884,214.474365234375,65838700,22.366666793823242,22.766000747680664,21.402666091918945,21.564666748046875,128026500
2017-08-01,62.93300330467391,63.11003756963344,62.92530437541756,63.10234451293945,1783600,215.07402396682556,215.10878318749505,214.430865659001,214.9523468017578,55050400,21.53333282470703,21.6299991607666,21.075332641601562,21.30466651916504,124546500
2017-08-02,63.09462497845077,63.14080679378225,63.06383514404297,63.06383514404297,1336600,215.08277439886365,215.19576510780934,214.12672977352412,215.05670166015625,47211200,21.262666702270508,21.808000564575195,20.74799919128418,21.72599983215332,196372500
2017-08-03,63.14850126287967,63.24087075958271,63.11771143064532,63.19468307495117,1904800,214.94359049860486,214.96966322270134,214.36127755742876,214.639404296875,40856000,23.02199935913086,23.333332061767578,22.876667022705078,23.139333724975586,203025000
2017-08-04,63.12545919809801,63.12545919809801,63.00229977387005,63.094669342041016,1046700,215.12619831902103,215.36085292913972,214.64817608426753,215.0305938720703,60191800,23.133333206176758,23.81800079345703,22.886667251586914,23.79400062561035,139033500
2017-08-07,63.086954597461116,63.125443376026475,63.04847169145885,63.11774444580078,1257900,215.1000846337351,215.4303436279297,214.9957804539439,215.4303436279297,31995000,23.823333740234375,23.965333938598633,23.516666412353516,23.67799949645996,94867500
2017-08-08,63.11002983194311,63.11002983194311,62.99456939750348,63.033058166503906,1929000,215.1174127672828,216.33419735787277,214.52641333953756,214.90013122558594,61719400,23.8353328704834,24.57200050354004,23.82666778564453,24.347999572753906,111747000
2017-08-09,63.18705007163359,63.194749005864466,63.079288482666016,63.079288482666016,1808600,214.2135468227478,214.9436096862463,213.85720187920182,214.89146423339844,62632600,24.066667556762695,24.666667938232422,23.93000030517578,24.235332489013672,103381500
2017-08-10,63.10234285678398,63.17931452964023,63.071553013129034,63.17161560058594,1376700,214.05711915685916,214.18749606416483,211.8060851326242,211.8582305908203,120479500,24.106666564941406,24.44333267211914,23.643999099731445,23.69333267211914,106393500
2017-08-11,63.09467621896015,63.23322765003554,63.0792783529711,63.225528717041016,1153400,212.08417688094036,212.76209424910257,211.8495090960186,212.17108154296875,74869900,23.79800033569336,24.083999633789062,23.57466697692871,23.857999801635742,65487000
2017-08-14,63.1869876402453,63.22547640080499,63.140805825621946,63.17929458618164,2082000,213.44871624550768,214.49166511117897,213.41395703010485,214.27438354492188,73291900,24.308666229248047,24.51066780090332,24.17333221435547,24.253332138061523,67788000
2017-08-15,63.040766246150966,63.11003899333376,63.025368387290904,63.071556091308594,1419600,214.65679667125985,214.67418290949976,213.9441200451935,214.24830627441406,55242700,24.34666633605957,24.365999221801758,23.95800018310547,24.155332565307617,46276500
2017-08-16,63.05617125626512,63.217813572306895,63.03308033576825,63.16393280029297,1594800,214.76983547491596,215.16963947317822,214.19620884072893,214.62208557128906,56715500,24.200000762939453,24.433332443237305,24.167999267578125,24.194000244140625,51207000
2017-08-17,63.15620063820583,63.279354095458984,63.12541080575253,63.279354095458984,1723600,214.01363431728745,214.3265202710685,211.27587890625,211.27587890625,128490400,24.08066749572754,24.219999313354492,23.439332962036133,23.461332321166992,75415500
2017-08-18,63.31788245528992,63.34867230700023,63.19472304844868,63.24860382080078,1663100,211.1108015904025,212.23198209604297,210.50241575027266,210.9456787109375,136748000,23.527332305908203,23.600000381469727,23.053333282470703,23.163999557495117,81123000
2017-08-21,63.28705302171233,63.31784285416563,63.248564263005676,63.279354095458984,1258400,210.88478025367974,211.3714888029037,210.18079015485125,211.11074829101562,65469700,23.05466651916504,23.05466651916504,22.123332977294922,22.52400016784668,97431000
2017-08-22,63.26397607131313,63.271669126703465,63.194697464870565,63.202396392822266,1157400,211.6930974516388,213.47479574199497,211.6757112124789,213.318359375,63140100,22.742000579833984,22.81599998474121,22.4913330078125,22.75666618347168,64830000
2017-08-23,63.29476709040805,63.38713073730469,63.27167030612242,63.38713073730469,1237800,212.35361724999515,212.9793892079819,212.20586737961136,212.5535125732422,50203800,22.599332809448242,23.56599998474121,22.553333282470703,23.51799964904785,74317500
2017-08-24,63.29478073120117,63.36405348130277,63.27938287169233,63.29478073120117,1540200,212.93591815300553,213.09235450271285,211.84951040732693,212.05810546875,50741700,23.501333236694336,23.777332305908203,23.31599998474121,23.528667449951172,68770500
2017-08-25,63.30244077381858,63.387111339270184,63.27934986916082,63.37171936035156,1453100,212.8490123140098,213.46609778379067,212.4057627028584,212.5535125732422,64445900,23.615999221801758,23.71266746520996,23.15333366394043,23.203332901000977,52260000
2017-08-28,63.3717789577857,63.417960810532556,63.33329016545319,63.40256881713867,1408700,213.0837237566261,213.10979648839782,212.14506562739396,212.562255859375,40565600,23.152000427246094,23.156667709350586,22.648000717163086,23.04400062561035,56460000
2017-08-29,63.51806374850236,63.56425150311857,63.4180010465436,63.47188186645508,2054300,211.24984420711982,213.0663150587926,211.1368535401398,212.8055877685547,51135700,22.631999969482422,23.270000457763672,22.583332061767578,23.157333374023438,61105500
2017-08-30,63.456456413857595,63.471848408903554,63.41796761739395,63.464149475097656,1150700,212.78817339108335,214.08317622922343,212.60565105023682,213.81373596191406,62030800,23.31133270263672,23.564666748046875,23.133333206176758,23.545333862304688,51193500
2017-08-31,63.487209954522015,63.54878377204437,63.464113166318356,63.51799392700195,1696700,214.430836191857,215.34342143536554,213.84852317749608,215.10006713867188,103803900,23.56999969482422,23.895999908447266,23.521333694458008,23.726667404174805,61092000
2017-09-01,63.49020497353909,63.505635363486405,63.36679127880794,63.41307067871094,1471200,215.47379805521166,215.8301430332035,215.25651647279935,215.40426635742188,62007000,23.7413330078125,23.839332580566406,23.57933235168457,23.69333267211914,45742500
2017-09-05,63.59823285066986,63.706222106114005,63.54423822294778,63.67537307739258,2008400,214.90017245863578,215.12615379291992,212.89249275003215,213.8572235107422,91398800,23.586666107177734,23.69933319091797,23.05933380126953,23.305999755859375,57526500
2017-09-06,63.6984391511287,63.72929402915257,63.55959514250442,63.56731033325195,1586500,214.53513481681557,214.91755251446293,214.00496723813447,214.5872802734375,57916900,23.299999237060547,23.398666381835938,22.770666122436523,22.968666076660156,61371000
2017-09-07,63.65990174416965,63.798745824030284,63.64447723972703,63.76789093017578,1899100,214.89150580151696,214.90889204310074,214.1527430450965,214.5612335205078,58034700,23.065332412719727,23.498666763305664,22.89666748046875,23.374000549316406,63588000
2017-09-08,63.767947448767956,63.767947448767956,63.67538857013724,63.69852828979492,2702200,214.2743705912912,214.76977889807915,214.06578878785504,214.30914306640625,63832800,23.266000747680664,23.318666458129883,22.81999969482422,22.893333435058594,48952500
2017-09-11,63.57504194996038,63.6136120322675,63.48248316837258,63.50562286376953,1423100,215.57811163769642,216.67321941576003,215.56073865778382,216.59500122070312,71364800,23.42333221435547,24.247333526611328,23.333332061767578,24.246000289916992,115006500
2017-09-12,63.45164076860975,63.49792016851275,63.36679127880794,63.41307067871094,1604300,216.96002648847752,217.35981720404104,216.7775041101089,217.32505798339844,56896000,24.299333572387695,24.583999633789062,24.02666664123535,24.183332443237305,89593500
2017-09-13,63.397654927765814,63.41307943487349,63.328229933355544,63.33594512939453,1594000,217.03823234422606,217.46410902833395,216.9252416753817,217.42933654785156,59228000,24.254667282104492,24.538000106811523,23.972667694091797,24.415332794189453,62778000
2017-09-14,63.31277905789586,63.38991333125013,63.31277905789586,63.374488830566406,1325200,217.10773096159318,217.5596803062893,216.93390837111423,217.35977172851562,95446300,24.288667678833008,25.19733238220215,24.17533302307129,25.176000595092773,108037500
2017-09-15,63.40539145258024,63.44396156435924,63.335972313345394,63.38225173950195,1536200,217.21571546411664,217.73977127387886,217.11090696769054,217.65243530273438,95432400,24.96733283996582,25.333332061767578,24.84666633605957,25.320667266845703,81307500
2017-09-18,63.34366032543351,63.359084832541186,63.28195052706222,63.33594512939453,1756300,218.01926229600497,218.46471170061017,217.73102562444956,218.11534118652344,46235200,25.350000381469727,25.974000930786133,25.178667068481445,25.666667938232422,107820000
2017-09-19,63.33596753301515,63.359107244346944,63.28968811035156,63.28968811035156,1220000,218.35989657938688,218.42104374769173,218.01052607591205,218.3336944580078,47108100,25.333332061767578,25.492666244506836,24.904666900634766,25.00666618347168,96778500
2017-09-20,63.351381979437306,63.35909717697946,63.16625843322557,63.23568344116211,1672500,218.42103540568147,218.52584388719498,217.41657192320085,218.41229248046875,59574100,24.866666793823242,25.21666717529297,24.738000869750977,24.92733383178711,73786500
2017-09-21,63.2588459955757,63.320549943283844,63.204851363222595,63.22027587890625,1168200,218.25509286573282,218.34242882969582,217.65241740557613,217.8271026611328,48211400,24.99333381652832,25.121999740600586,24.30066680908203,24.43199920654297,69273000
2017-09-22,63.335957961660625,63.34367315926276,63.25882364055376,63.28196334838867,1394100,217.5301324086641,218.0367289698389,217.50393028719216,217.8707733154297,51214000,24.432666778564453,24.65999984741211,23.392000198364258,23.4060001373291,122391000
2017-09-25,63.30509103849292,63.42851063681132,63.289666531188296,63.42079544067383,2626100,217.6175118181515,217.96689572024886,216.68293820126146,217.42535400390625,57064400,23.543333053588867,23.83133316040039,22.858667373657227,22.999332427978516,114088500
2017-09-26,63.3822117159219,63.3899269104004,63.320501930032115,63.38992691040039,1446500,217.85331699185963,218.0978790288707,217.32051826959304,217.5563507080078,54082000,23.39533233642578,23.416000366210938,22.726667404174805,23.016666412353516,107344500
2017-09-27,63.189374954214635,63.23566023751225,63.14309555588629,63.19709014892578,1511900,218.25508132737005,218.78787999161077,217.37289884285593,218.403564453125,81001400,23.32666778564453,23.432666778564453,22.700000762939453,22.731332778930664,90904500
2017-09-28,63.135439640500046,63.212574005126946,63.09687540067399,63.21257400512695,1198400,218.1240620366598,218.74421000106764,218.03672607545622,218.6656036376953,44778800,22.658666610717773,22.850000381469727,22.360000610351562,22.639999389648438,79794000
2017-09-29,63.212560678577645,63.22799107923485,63.12000181452865,63.22027587890625,3001200,218.65685867643668,219.51283905062218,218.4734438302756,219.43421936035156,85578000,22.790666580200195,22.978666305541992,22.573333740234375,22.739999771118164,76606500
2017-10-02,63.18779889220746,63.22644822283094,63.14142441310722,63.19552993774414,3642600,219.6612893935846,220.38624572753906,219.48659084361725,220.38624572753906,59023000,22.834667205810547,22.913333892822266,22.367332458496094,22.768667221069336,79302000
2017-10-03,63.164603867135725,63.24189662179585,63.15687282255196,63.2264404296875,2752100,220.3863043740284,220.88415805655924,220.30768467457054,220.8579559326172,66810200,22.393333435058594,23.23666763305664,22.0853328704834,23.209333419799805,152304000
2017-10-04,63.280545947655504,63.28827109518009,63.18006005924408,63.2264404296875,2616700,220.70943170529875,221.36451133717839,220.59588030426494,221.1199493408203,55953600,23.416667938232422,23.908000946044922,23.30666732788086,23.667333602905273,122452500
2017-10-05,63.24187881198342,63.24187881198342,63.13366780652117,63.1800422668457,2859800,221.45186859770155,222.447589200853,221.15490233464226,222.4301300048828,63522800,23.733333587646484,23.82933235168457,23.42333221435547,23.68866729736328,62575500
2017-10-06,63.06413139947148,63.16461730926741,63.010025869989214,63.110511779785156,1860000,221.9846458307206,222.465040226087,221.7226246401837,222.1768035888672,80646000,23.540000915527344,24.00666618347168,23.483333587646484,23.79199981689453,64462500
2017-10-09,63.11825011612406,63.180080801916304,63.11051906900211,63.17235565185547,987800,222.40395875357316,222.4650926032154,221.54797823752332,221.8100128173828,35803100,23.309999465942383,23.450000762939453,22.844667434692383,22.862667083740234,112405500
2017-10-10,63.187779436966146,63.2959904529223,63.16459220455527,63.2032356262207,4719400,222.37771292417833,222.77075805290576,221.83617134486326,222.39517211914062,43057400,23.1200008392334,23.708667755126953,23.03533363342285,23.70599937438965,104677500
2017-10-11,63.210974141801195,63.249623465093606,63.195517950719506,63.234161376953125,1249500,222.29910515071512,222.74456787109375,222.13316282390105,222.74456787109375,47674300,23.592666625976562,23.84000015258789,23.40999984741211,23.639999389648438,67512000
2017-10-12,63.2728395477211,63.296026793444604,63.2032719134891,63.28829574584961,1723400,222.4301464750898,222.77951700719035,222.17684151083012,222.4126739501953,47065100,23.530000686645508,23.985332489013672,23.50933265686035,23.711999893188477,61305000
2017-10-13,63.388782328920364,63.427425773172004,63.32694574164389,63.419700622558594,1772800,222.84935102131928,222.9629024198992,222.41263127617069,222.6833953857422,54800400,23.798667907714844,23.89933204650879,23.57866668701172,23.704666137695312,53107500
2017-10-16,63.38104399378554,63.396500190296756,63.311482263893765,63.35785675048828,1471500,222.91052901548102,223.1725502367093,222.56988810025342,222.9803924560547,38221700,23.583999633789062,23.631999969482422,23.143999099731445,23.373332977294922,80632500
2017-10-17,63.30373731646851,63.381030076173886,63.29600627138011,63.36557388305664,1381100,222.9279429801077,223.18124787940764,222.70958312163512,223.1375732421875,31561000,23.393999099731445,23.74799919128418,23.33799934387207,23.71666717529297,49399500
2017-10-18,63.241907516393525,63.27282580299566,63.21872027570697,63.26509475708008,1522900,223.51320028799114,223.55687493585796,223.1638297603191,223.35598754882812,40888300,23.731332778930664,24.200000762939453,23.608667373657227,23.976667404174805,74086500
2017-10-19,63.31145589206312,63.38874863654532,63.265075527727085,63.29599380493164,1515800,222.57865009017277,223.45208982839378,222.15940274756386,223.41714477539062,61903800,23.70400047302246,23.809999465942383,23.213333129882812,23.45400047302246,75927000
2017-10-20,63.18006188694962,63.18779293175704,63.10276913005353,63.14141845703125,1935600,224.21193583581314,224.59625135770185,223.39963015043398,224.5700225830078,89176400,23.512666702270508,23.636667251586914,22.95599937438965,23.00666618347168,73956000
2017-10-23,63.172342698194015,63.241904416844385,63.172342698194015,63.19552993774414,2649700,224.89324417338113,224.9194462959128,223.61800312947534,223.6966094970703,63915300,23.325332641601562,23.329999923706055,22.416667938232422,22.468000411987305,86209500
2017-10-24,63.09503593850084,63.13368526416356,63.0641176573825,63.087310791015625,2287200,224.1246362141857,224.32551028927895,223.73157768030504,224.08969116210938,66935900,22.586666107177734,22.85333251953125,22.410667419433594,22.48933219909668,67375500
2017-10-25,63.002303909066065,63.04094734804585,62.96365457302555,63.03322219848633,1576700,223.75775317683716,223.87130459112328,221.85366122188066,222.9803924560547,103715300,22.446666717529297,22.5,21.570667266845703,21.722667694091797,128911500
2017-10-26,63.064147518507774,63.071878566712826,62.94048023253659,62.955936431884766,1915600,223.59176686040058,223.86251762653012,223.14630421668343,223.26858520507812,69798000,21.851999282836914,22.01533317565918,21.546667098999023,21.744667053222656,75352500
2017-10-27,63.010034612027965,63.09505844116211,62.979122216943956,63.09505844116211,1734400,224.0109988741691,225.25129452218826,223.27731299353624,225.09405517578125,85562500,21.316667556762695,21.639333724975586,21.110666275024414,21.391332626342773,104695500
2017-10-30,63.187826367120465,63.25738811601722,63.15690806858998,63.2419319152832,1542600,224.0110684569867,224.99805952789407,223.9586642103246,224.25563049316406,54285700,21.278667449951172,21.5853328704834,21.149999618530273,21.338666915893555,63816000
2017-10-31,63.257341134198775,63.2650721773551,63.2032356262207,63.2032356262207,1977100,224.6311978502524,224.85830068394264,224.3080294517007,224.60499572753906,60304800,21.34866714477539,22.1299991607666,21.345333099365234,22.101999282836914,85084500
2017-11-01,63.197818327509424,63.298517253044956,63.14359810205236,63.24429702758789,1596000,225.38237007095873,225.7229976666513,224.5351325618353,224.90196228027344,54202700,22.149999618530273,22.173999786376953,21.35066795349121,21.405332565307617,126859500
2017-11-02,63.30625915527344,63.36047937599188,63.27527532778278,63.30625915527344,2373200,224.8321061061006,225.12907239190451,223.76650865456273,224.98931884765625,56449500,20.0086669921875,20.57933235168457,19.5086669921875,19.950666427612305,296871000
2017-11-03,63.33725039862029,63.36049270629883,63.24430480615449,63.36049270629883,1370500,225.14651932111855,225.7841398341459,224.7360016370278,225.740478515625,59589700,19.96666717529297,20.416667938232422,19.67533302307129,20.4060001373291,133410000
2017-11-06,63.406982421875,63.43021882619179,63.360509613241426,63.406982421875,1336700,225.60942075481384,226.2208390901341,225.53955732047456,226.08982849121094,49652600,20.46666717529297,20.5,19.93400001525879,20.185333251953125,97290000
2017-11-07,63.36823100457171,63.430198669433594,63.360489478635316,63.430198669433594,2450800,226.19471476941314,226.5266261710179,225.42608345101644,225.9326934814453,57502200,20.06800079345703,20.433332443237305,20.00200080871582,20.40333366394043,79414500
2017-11-08,63.40697587335253,63.43795971242953,63.36050306951856,63.38373947143555,2312700,225.7579527790393,226.41303253214264,225.47844568711866,226.3169403076172,50469600,20.366666793823242,20.459333419799805,20.086666107177734,20.292667388916016,70879500
2017-11-09,63.321758270263665,63.35274210272375,63.259790605343504,63.32175827026367,2115800,225.11157985978514,225.68805314872068,223.91494531222034,225.4958953857422,95085500,20.166667938232422,20.297332763671875,19.753332138061523,20.19933319091797,81706500
2017-11-10,63.15135091349553,63.16684578469465,63.06614685058594,63.06614685058594,1724400,225.1116151635526,225.60073924506818,224.79716302242787,225.42604064941406,59984700,20.166667938232422,20.55733299255371,20.123332977294922,20.19933319091797,69381000
2017-11-13,63.15908710438066,63.16683453860088,63.0661356224204,63.073883056640625,1698500,224.7447214001383,225.8627229227184,224.7097763557661,225.6356201171875,50228600,20.0086669921875,21.1200008392334,19.94066619873047,21.02666664123535,113773500
2017-11-14,63.10486388593001,63.151336669921875,63.08162749393408,63.151336669921875,1659300,224.8320804677906,225.21639600683287,224.05470646441782,225.11158752441406,61315200,21.0,21.09000015258789,20.459999084472656,20.579999923706055,85141500
2017-11-15,63.23655147228253,63.30626656969174,63.16684228443485,63.298519134521484,2859400,224.14207601909382,224.66614513383567,223.27737930569037,223.98486328125,80811500,20.400667190551758,20.832666397094727,20.100000381469727,20.753332138061523,89680500
2017-11-16,63.228825910717354,63.27530462825636,63.182353102741935,63.21333694458008,1637000,224.92820321766374,226.2558487465771,224.88454189064078,225.8889923095703,67777000,20.932666778564453,21.209333419799805,20.753332138061523,20.833332061767578,87331500
2017-11-17,63.27531051635742,63.31403589008601,63.24432667163607,63.27531051635742,2257700,225.53956501844647,225.86273339190677,225.1465065530022,225.22511291503906,75756800,21.711332321166992,21.777999877929688,20.876667022705078,21.003332138061523,206026500
2017-11-20,63.24432351850737,63.28304889030526,63.20559223714565,63.236576080322266,1528300,225.46967865833645,225.80156326810715,225.22509001652006,225.60940551757812,48075500,20.91933250427246,21.03333282470703,20.316667556762695,20.582666397094727,123715500
2017-11-21,63.3062396452446,63.352712417377965,63.21328819141886,63.29074478149414,1925700,226.3780416549843,227.2689669982189,225.57449224745827,227.0855255126953,69176800,20.724000930786133,21.215333938598633,20.58066749572754,21.187332153320312,108919500
2017-11-22,63.30629188127183,63.430221345738595,63.29854444300394,63.4224739074707,1631900,227.0943215877787,227.22533221148802,226.71874891472385,226.88470458984375,45033400,21.118000030517578,21.161333084106445,20.78933334350586,20.84000015258789,73764000
2017-11-24,63.3914875459547,63.42247138823164,63.36825114163791,63.406982421875,837000,227.37381878799133,227.51357233228404,227.23406524369858,227.4087371826172,27856500,20.91933250427246,21.0939998626709,20.733333587646484,21.036666870117188,48661500
2017-11-27,63.41472331051254,63.43021227526952,63.352755632358544,63.38373947143555,1516900,227.45242453316544,227.749390818247,227.09431107476212,227.2952117919922,52274900,20.883333206176758,21.1560001373291,20.634000778198242,21.12066650390625,68338500
2017-11-28,63.43795971242953,63.4766850791035,63.38373947143555,63.38373947143555,1846700,227.7580990977113,229.62724582071488,227.66200688921438,229.60104370117188,98971700,21.090667724609375,21.333332061767578,20.92799949645996,21.170000076293945,74242500
2017-11-29,63.24430041270148,63.275284244558385,63.20556914548992,63.22880554199219,1837400,229.7320525704751,230.264864537519,229.01585242326902,229.46128845214844,77512100,21.15333366394043,21.200000762939453,20.082000732421875,20.502666473388672,131511000
2017-11-30,63.252029227497744,63.26751818408562,63.09711011381931,63.135841369628906,3044100,230.37841544790612,232.37857274930585,230.2998090900364,231.47021484375,127894400,20.570667266845703,20.713333129882812,20.30266761779785,20.59000015258789,65274000
2017-12-01,63.258488754032655,63.49910196966554,63.14206090326089,63.305057525634766,2384800,231.25183970097865,231.7322207413393,227.75808186488112,230.9897918701172,164390900,20.362667083740234,20.687999725341797,20.336666107177734,20.435333251953125,64393500
2017-12-04,63.26624785146435,63.32058005519652,63.227436596613046,63.31281661987305,1834000,232.60572212855533,233.03369904773825,230.65794202046783,230.7103729248047,94040600,20.433332443237305,20.551332473754883,20.040666580200195,20.34666633605957,87526500
2017-12-05,63.32830813736145,63.39816717927407,63.26621844892762,63.390403747558594,1763900,229.8805389404297,231.5924728582551,229.74952834944312,229.8805389404297,77994500,20.133333206176758,20.53333282470703,20.066667556762695,20.246667861938477,69697500
2017-12-06,63.452529380773306,63.53014596936293,63.44476594538451,63.46029281616211,1509300,229.976659620051,230.35225894459674,229.4613334017952,229.92425537109375,75898600,20.00666618347168,20.892667770385742,20.0,20.884000778198242,107929500
2017-12-07,63.374919891357415,63.491347748167,63.3128242448234,63.37491989135742,1641000,230.64920043945312,230.96362589938755,229.662209431446,230.64920043945312,77218600,20.799999237060547,21.242000579833984,20.73666763305664,20.749332427978516,71709000
2017-12-08,63.34386391459436,63.39819611787639,63.31281609532376,63.351627349853516,1368300,231.60121224225176,231.91563765581287,230.61422137981182,231.90692138671875,76563900,20.97333335876465,21.131999969482422,20.750667572021484,21.0086669921875,52027500
2017-12-11,63.382680040660254,63.41372194055068,63.28953657568955,63.305057525634766,1780800,232.6056671142578,232.6668142754687,231.88072407003264,232.6056671142578,83077500,20.975332260131836,21.93400001525879,20.916667938232422,21.92733383178711,119070000
2017-12-12,63.2895540668814,63.297317504882805,63.227458406406356,63.29731750488281,2962800,233.39179273103937,233.48788494970145,232.6406474545075,233.01622009277344,85195800,22.030000686645508,22.762666702270508,22.00200080871582,22.735332489013672,130998000
2017-12-13,63.351652303288084,63.530169932202355,63.305077595153975,63.47583770751953,2095400,233.26078490419235,233.6975047181604,232.9026714581071,232.99002075195312,102905400,22.728666305541992,22.947999954223633,22.433332443237305,22.601999282836914,93322500
2017-12-14,63.39044674486742,63.50687461251847,63.35164140349529,63.49911117553711,1998800,233.28697607926028,233.40052749040524,231.9855596243915,232.0379638671875,100666700,22.733999252319336,23.16266632080078,22.459999084472656,22.525999069213867,86998500
2017-12-15,63.46029005890639,63.51462226073508,63.39043098697472,63.506858825683594,2781800,233.03963870240307,234.43550291442347,232.98696660319516,233.97021484375,144610300,22.80266761779785,22.926666259765625,22.384000778198242,22.89666748046875,103998000
2017-12-18,63.483588129050666,63.483588129050666,63.37492370196576,63.40597152709961,1946900,235.36613793134373,235.80509006221476,235.2607937065766,235.4539337158203,83653600,22.99333381652832,23.115333557128906,22.505332946777344,22.591333389282227,82143000
2017-12-19,63.31280739053766,63.31280739053766,63.14981080310172,63.21190643310547,3307700,235.69970433667532,235.74358882543072,234.47940476779215,234.54965209960938,82382900,22.68400001525879,22.766000747680664,22.020000457763672,22.073333740234375,102375000
2017-12-20,63.087738037109375,63.15759712662295,63.06445364786063,63.087738037109375,2325500,235.51525847100797,235.56793055919715,234.12818216286044,234.42666625976562,76751500,22.179332733154297,22.206666946411133,21.66933250427246,21.93199920654297,89307000
2017-12-21,63.11098375562041,63.165315937831664,63.0799359483906,63.12651062011719,3103400,235.05001375662707,235.62067280286735,234.66373384448187,234.9095458984375,67032300,21.972667694091797,22.249332427978516,21.81399917602539,22.110666275024414,65778000
2017-12-22,63.13433297035102,63.18090768991043,63.118812011677754,63.157623291015625,2566700,234.92716795261202,234.96229162203662,234.31262429947589,234.84815979003906,78720900,21.96733283996582,22.06133270263672,21.654666900634766,21.68000030517578,63237000
2017-12-26,63.2128567760585,63.25176300950308,63.16616098389589,63.22063446044922,1696400,234.44424977095338,234.78664518691386,234.30380870910167,234.56716918945312,45244400,21.588666915893555,21.59600067138672,21.10533332824707,21.152666091918945,65676000
2017-12-27,63.29065672476418,63.43850986820194,63.22061602552573,63.415164947509766,1708000,234.73408386409082,235.0413557638411,234.4092635212037,234.68141174316406,57751000,21.066667556762695,21.178667068481445,20.71666717529297,20.775999069213867,70681500
2017-12-28,63.39180870463398,63.39959232252848,63.329551635799746,63.37624740600586,2235000,235.18180557997988,235.20814163841598,234.795525528574,235.1642303466797,45116100,20.78333282470703,21.05466651916504,20.63599967956543,21.02400016784668,64744500
2017-12-29,63.422943535839494,63.4774169921875,63.39181499833185,63.4774169921875,2531500,235.74362345930018,235.761171899079,234.08439838457934,234.2775115966797,96007400,21.07866668701172,21.0939998626709,20.666667938232422,20.75666618347168,56658000
2018-01-02,63.38406777176401,63.42297995028043,63.205085999784124,63.298465728759766,3104500,235.13787066453907,235.98943885710432,234.75159065194177,235.95431518554688,86655700,20.799999237060547,21.474000930786133,20.733333587646484,21.368667602539062,65283000
2018-01-03,63.36848565092077,63.36848565092077,63.259538711453416,63.35292434692383,2216700,236.12111810246338,237.59601759479307,236.12111810246338,237.44676208496094,90070400,21.399999618530273,21.683332443237305,21.036666870117188,21.149999618530273,67822500
2018-01-04,63.290698374352864,63.32182693481445,63.22844125342969,63.32182693481445,2152400,238.08766885499406,238.93044952377141,237.5082487728614,238.4475860595703,80636400,20.857999801635742,21.23666763305664,20.3786678314209,20.974666595458984,149194500
2018-01-05,63.30624084200486,63.31402446409481,63.18951025931187,63.2362060546875,4257400,239.23767928983673,240.15946797234622,238.7460550869637,240.0365753173828,83524000,21.107999801635742,21.14933204650879,20.799999237060547,21.10533332824707,68868000
2018-01-08,63.29066474808892,63.29066474808892,63.19727911631985,63.24396896362305,2587300,239.93998942067273,240.63354122486592,239.6502928293821,240.47552490234375,57319200,21.066667556762695,22.468000411987305,21.03333282470703,22.42733383178711,147891000
2018-01-09,63.181723201203496,63.21285174778123,63.0416477101853,63.05720901489258,2725200,240.89687121980845,241.64309503689753,240.6159354877151,241.01979064941406,57254000,22.3439998626709,22.586666107177734,21.82666778564453,22.246000289916992,107199000
2018-01-10,62.940473007072974,63.07277080287937,62.893783159825226,63.06498718261719,3411400,240.2647973076733,240.9144645859903,239.59760838310203,240.6510772705078,69574300,22.14666748046875,22.46666717529297,22.0,22.31999969482422,64648500
2018-01-11,63.04164225899331,63.1272442703893,63.002730094845084,63.06498718261719,3381600,241.20422719636602,242.4069519042969,241.0374232216806,242.40695190429688,62361500,22.349332809448242,22.987333297729492,22.21733283996582,22.530000686645508,99682500
2018-01-12,63.03386408925007,63.127249728983266,62.98717423796507,63.05720901489258,2829100,242.67029577236767,244.15392925287028,242.37178476166358,243.98715209960938,90816100,22.575332641601562,22.694000244140625,22.244667053222656,22.4146671295166,72376500
2018-01-16,63.15059288186391,63.1817214275678,63.057207244752234,63.10389709472656,4300500,245.24249201477997,245.892132412774,242.4595244982165,243.153076171875,106555100,22.502666473388672,23.0,22.31999969482422,22.67066764831543,97114500
2018-01-17,63.0650030634435,63.12726016689299,63.01831320443846,63.03387451171875,3674600,244.0836267144975,245.856982994558,243.1530506991537,245.470703125,113258800,22.697999954223633,23.266666412353516,22.649999618530273,23.143999099731445,106552500
2018-01-18,62.893812926333965,62.956070043571245,62.87825161560738,62.90937423706055,2528400,245.35669651890993,245.7780734245086,244.56656123788784,245.05821228027344,100728000,23.044666290283203,23.48666763305664,22.916000366210938,22.971332550048828,85287000
2018-01-19,62.85488750336827,62.87823837028749,62.76150778434829,62.777069091796875,2148300,245.63757548785358,246.17311096191406,245.0581823135061,246.17311096191406,140920100,23.0,23.37266731262207,22.84000015258789,23.334667205810547,73324500
2018-01-22,62.82374756891576,62.847092492234914,62.73036193847656,62.73036193847656,5473200,245.96246493019794,248.17477416992188,245.9097660228466,248.17477416992188,91322400,23.293333053588867,23.85533332824707,23.280000686645508,23.437332153320312,93156000
2018-01-23,62.86268171491178,62.924938829521814,62.81599184753687,62.8938102722168,2442900,248.21858322942705,248.9911430822644,247.8937630166444,248.70144653320312,97084700,24.0,24.03333282470703,23.399999618530273,23.519332885742188,81981000
2018-01-24,62.8159506649327,62.83929558331506,62.745909972624304,62.823734283447266,1709700,249.34235578964626,249.93935104203206,247.42853095192575,248.60491943359375,134816100,23.6386661529541,23.649999618530273,22.90133285522461,23.05933380126953,79312500
2018-01-25,62.8237208127595,63.00270244008778,62.769247369160446,62.99491882324219,2537700,249.46524709816148,249.56180369497707,247.92012721704376,248.71023559570312,84587300,23.218000411987305,23.280000686645508,22.426666259765625,22.50933265686035,101104500
2018-01-26,62.924901815008056,62.93268543404704,62.81595489710931,62.878211975097656,1590200,249.544292779746,251.63370926274965,249.28969303570867,251.5897979736328,107743100,22.766666412353516,22.933332443237305,22.380666732788086,22.856666564941406,68091000
2018-01-29,62.769311007779244,62.82378450660621,62.675925322433265,62.79265594482422,2219700,251.0191331432591,251.45808522868774,249.76373660889539,249.9217529296875,90118300,22.656667709350586,23.389999389648438,22.552000045776367,23.302000045776367,71206500
2018-01-30,62.69922535245356,62.73813751110254,62.63696827347992,62.675880432128906,2735100,248.09565140466236,249.9743518486628,246.88413971694652,247.35821533203125,131796400,23.00933265686035,23.218000411987305,22.81133270263672,23.05466651916504,70765500
2018-01-31,62.80818640611803,62.80818640611803,62.59029251783837,62.69145584106445,3082600,248.20980017949023,248.71018508305838,246.4100809581383,247.4811248779297,108364800,23.167333602905273,23.746000289916992,23.012666702270508,23.62066650390625,93211500
2018-02-01,62.68131258761637,62.71250967364691,62.50193083049967,62.51753234863281,2814300,246.75248249293085,248.49950287103297,246.41008707469774,247.2001953125,90102500,23.399999618530273,23.977333068847656,23.242000579833984,23.28333282470703,62965500
2018-02-02,62.42394022530026,62.47853363753807,62.29135707418495,62.33034896850586,3137600,245.88335303133664,246.01506007123515,241.78355614616368,241.8186798095703,173174800,23.229333877563477,23.463333129882812,22.700666427612305,22.916667938232422,55572000
2018-02-05,62.291362094786,62.728109427889756,62.23676867814803,62.60332107543945,4349200,240.06291099027115,242.1698756837403,231.1609496616137,231.7052459716797,294681800,22.531333923339844,22.96466636657715,22.200000762939453,22.208667755126953,66961500
2018-02-06,62.5721280318633,62.58772360032654,62.40054702758789,62.40054702758789,3891500,228.20239896435808,236.7707517438932,227.11380642946904,236.2703399658203,355026800,21.680667877197266,22.4146671295166,21.566667556762695,22.264667510986328,76326000
2018-02-07,62.478536010761715,62.478536010761715,62.236766025987244,62.260162353515625,3797200,235.71726560370294,239.10596278188044,234.90958199288642,234.98861694335938,167376100,22.599332809448242,23.066667556762695,22.37733268737793,23.0,104538000
2018-02-08,62.158796912686405,62.29918088812004,62.09640866267913,62.2133903503418,4639800,235.2870873577438,235.4275552292879,226.1393148107997,226.1744384765625,246449500,22.887332916259766,23.2413330078125,20.97333335876465,21.01533317565918,154719000
2018-02-09,62.08855867817397,62.2523388613002,62.04176604020468,62.0573616027832,3725500,228.957431978035,231.42434093123214,222.0395551652409,229.5719757080078,283565300,21.32866668701172,21.398666381835938,19.650667190551758,20.69466781616211,194005500
2018-02-12,62.143219733371005,62.19001242228764,62.04183359063824,62.07302474975586,5336200,231.6174560445814,234.40921179523755,229.71241891123438,232.94309997558594,143736000,21.075332641601562,21.205333709716797,20.416667938232422,21.048667907714844,93417000
2018-02-13,62.09639689992734,62.143189566128605,62.02620195038815,62.127593994140625,2669400,231.74037748189377,234.0668183011388,231.16095748307058,233.52252197265625,81223600,21.001333236694336,21.612667083740234,20.833999633789062,21.577333450317383,68403000
2018-02-14,62.002813531355514,62.03401062955081,61.885825900682704,61.92482376098633,3509700,232.03886114791155,237.03413827941714,232.0300735324697,236.6741943359375,120735700,21.389333724975586,21.744667053222656,21.23466682434082,21.487333297729492,59260500
2018-02-15,61.97937041687492,62.080756446810824,61.963768904433344,61.9871711730957,1981200,238.4124355383196,239.7029557055696,235.95428785276758,239.6941680908203,111200300,21.633333206176758,22.274667739868164,21.49333381652832,22.271333694458008,88693500
2018-02-16,62.14318163895401,62.17437872918769,62.07298669836909,62.11978530883789,1957800,239.07084883629025,241.70456111309323,239.02693755677285,239.76437377929688,160420100,22.166667938232422,22.874666213989258,22.109333038330078,22.365999221801758,84639000
2018-02-20,62.07295716536172,62.07295716536172,61.9559755704385,62.0573616027832,2294300,238.8162675010244,240.25604318291386,237.47307520829037,238.26318359375,86369700,22.29800033569336,22.722667694091797,22.100000381469727,22.31800079345703,60141000
2018-02-21,62.049576796833286,62.07297312183219,61.792211271610114,61.823402404785156,2330100,238.70214631468968,241.17784258546794,236.98146158652554,237.07801818847656,98883700,22.402000427246094,22.645999908447266,22.211332321166992,22.219999313354492,48294000
2018-02-22,61.8936007609316,61.97159049866285,61.87020443463578,61.90140151977539,2156000,237.9997668719995,239.7116635044079,236.7180346030189,237.38522338867188,110511300,22.368667602539062,23.16266632080078,22.316667556762695,23.077999114990234,104547000
2018-02-23,61.99496394078212,62.09635591761799,61.9871691350512,62.06515884399414,1660600,238.6055718002206,241.16903686523438,238.13149606679718,241.16903686523438,92766400,23.18866729736328,23.666000366210938,23.139999389648438,23.469999313354492,87261000
2018-02-26,62.15878182006402,62.21337524446372,62.088592824508844,62.09639358520508,2715300,242.23998040871717,244.06603525040882,241.651799887069,243.96945190429688,86491400,23.566667556762695,23.933332443237305,23.49066734313965,23.827999114990234,65100000
2018-02-27,62.10417480417905,62.127577081146185,61.87800039538226,61.96379089355469,3007200,244.15391392223984,244.8650409424878,240.86177331085185,240.92323303222656,99099200,23.75,23.999332427978516,23.333999633789062,23.39933204650879,71961000
2018-02-28,61.979388211937106,62.04957718737558,61.97158745347662,62.04178237915039,1947700,242.02061880237406,242.46835850910344,238.1666333695874,238.482666015625,121907800,23.504667282104492,23.682666778564453,22.814666748046875,22.87066650390625,91045500
2018-03-01,62.069118386069746,62.20197707049374,61.99878353993989,62.14727020263672,2877400,238.27201694583923,239.8171371368471,233.5225513150146,235.01499938964844,176855100,23.000667572021484,23.244667053222656,22.004667282104492,22.062000274658203,103284000
2018-03-02,62.03787082409651,62.09257770461412,61.959718989443175,62.030059814453125,4448000,233.3468706278778,236.78826606877433,232.48654186128144,236.2263946533203,139083200,21.798667907714844,22.347999572753906,21.531333923339844,22.341333389282227,76392000
2018-03-05,62.100426390152585,62.13168833249925,61.94412264102511,61.99101257324219,2229100,235.04134121098951,239.57133087082536,234.9359701841439,238.956787109375,97307400,22.159332275390625,22.516666412353516,21.952667236328125,22.22333335876465,57357000
2018-03-06,62.0379141172253,62.10825499132259,62.00665216902727,62.014469146728516,1905000,239.93117419254034,240.0102091362149,238.0700218307826,239.56246948242188,79213200,22.25,22.424667358398438,21.802000045776367,21.8799991607666,64285500
2018-03-07,62.0847939178372,62.131683846668885,61.97538010882634,61.99882507324219,2167700,237.40285992477092,239.82585724110842,237.2097199336888,239.47470092773438,87063500,21.695999145507812,22.166667938232422,21.44933319091797,22.15333366394043,75109500
2018-03-08,62.02225528495834,62.1238520941295,62.02225528495834,62.06914520263672,1479700,240.15071199663336,240.75646811060744,239.15870263652198,240.63357543945312,66901200,22.19066619873047,22.219999313354492,21.751333236694336,21.940000534057617,53493000
2018-03-09,61.95975063089553,62.02227451558885,61.92067767491657,61.99101257324219,2290800,242.0381952035579,244.82113647460938,241.72213576448178,244.82113647460938,113625300,21.606666564941406,21.89933204650879,21.4913330078125,21.81133270263672,82602000
2018-03-12,61.998813308512325,62.06133717682714,61.97536834854534,62.05352020263672,2253900,245.11085016588888,245.73415461272276,244.12757500993573,244.51385498046875,71924800,21.907333374023438,23.1473331451416,21.766666412353516,23.034000396728516,123960000
2018-03-13,62.084779150265504,62.11604108291908,62.03007225877273,62.06914520263672,2471700,245.6727579343504,246.17316985979406,242.327944397358,242.93370056152344,91968900,21.907333374023438,23.1473331451416,21.766666412353516,22.78933334350586,89487000
2018-03-14,62.0535281700383,62.248910811655165,62.0535281700383,62.2020149230957,1733800,243.89054440125355,244.07489676707442,241.13393936249835,241.68699645996094,105895100,22.450666427612305,22.65399932861328,21.595333099365234,21.775333404541016,119511000
2018-03-15,62.16289938229457,62.23323422303729,62.13163746554193,62.20978927612305,1590100,242.19611312453043,242.83696577444675,240.92314185328783,241.42355346679688,83433000,21.958667755126953,22.190000534057617,21.406667709350586,21.706666946411133,98472000
2018-03-16,62.139508117821535,62.17858107556683,62.10824617406165,62.15513610839844,1492000,241.9498706508836,242.73434762380472,241.63257225654203,241.68545532226562,100343700,21.528667449951172,21.82666778564453,21.271333694458008,21.42333221435547,91759500
2018-03-19,62.09258520034887,62.17855401762642,62.069140243382904,62.108219146728516,1328100,240.93615834832266,241.86163857331567,236.7670321345128,238.415283203125,109208400,21.100000381469727,21.383333206176758,20.64466667175293,20.90399932861328,112264500
2018-03-20,62.01442586996079,62.053504768588844,61.99098091582507,62.030059814453125,2234600,238.8119932303427,239.45543966554663,238.1421052648597,238.82081604003906,59757300,20.9913330078125,21.083332061767578,20.583999633789062,20.703332901000977,71464500
2018-03-21,61.96753596168934,62.0691327504784,61.850305228407954,62.030059814453125,1760300,238.77674112899192,240.86570282453886,238.150940281105,238.3624725341797,78709600,20.683332443237305,21.496000289916992,20.679332733154297,21.101999282836914,89376000
2018-03-22,62.162930022982245,62.2488988457766,62.076961200187895,62.13166809082031,2871700,236.14128090528047,236.9874367365729,232.13080299363773,232.40406799316406,148785900,20.926000595092773,21.254667282104492,20.545333862304688,20.606666564941406,74097000
2018-03-23,62.13164222436389,62.17072111394807,62.076935356506866,62.14727020263672,2114500,232.84478414512185,233.17090531261704,227.25655645235332,227.45046997070312,183534800,20.75,20.75,20.030000686645508,20.1026668548584,99823500
2018-03-26,62.13166410369448,62.186370990816236,62.09258520034887,62.108219146728516,2303700,231.04667911183574,233.95535498438946,228.64921511489823,233.6732940673828,141956100,20.48933219909668,20.506000518798828,19.423999786376953,20.278667449951172,125628000
2018-03-27,62.13949569733217,62.35050632227685,62.13949569733217,62.319244384765625,1693500,234.60759055905518,235.1364210790614,228.14676641865353,229.6980743408203,129941400,20.266666412353516,20.284666061401367,18.478666305541992,18.61199951171875,208080000
2018-03-28,62.38955700900353,62.420818932371475,62.280143258516816,62.311405181884766,3251800,229.83034294898033,231.49624022540982,227.91764906479978,229.01942443847656,146452300,17.6386661529541,17.91200065612793,16.80666732788086,17.185333251953125,315021000
2018-03-29,62.33486511214892,62.483351830573646,62.33486511214892,62.46772384643555,2157300,230.1564576656507,233.80555051179851,229.0282407907725,231.94573974609375,111601600,17.099332809448242,18.06399917602539,16.547332763671875,17.742000579833984,227560500
2018-04-02,62.389378797656185,62.50690362926585,62.3580384440562,62.459896087646484,2336700,231.41688855818825,231.92812739453532,224.47130575320918,226.9392852783203,186286300,17.083999633789062,17.35533332824707,16.305999755859375,16.832000732421875,241710000
2018-04-03,62.42855071253593,62.4363872946959,62.326699054699446,62.389373779296875,2580800,228.1732682393446,230.32393591836862,226.38398611035794,229.84796142578125,119956900,17.988000869750977,18.22333335876465,16.965999603271484,17.8353328704834,282666000
2018-04-04,62.4442178992951,62.4442178992951,62.350202823618574,62.389373779296875,2226300,226.30464403356794,233.01223907187764,226.17243637884116,232.30711364746094,123715300,16.851999282836914,19.224666595458984,16.799999237060547,19.12933349609375,298450500
2018-04-05,62.33453630779094,62.33453630779094,62.25618841051713,62.30319595336914,1978300,234.06119719206822,235.02196918412508,232.97706721928535,234.1405487060547,82652600,19.28933334350586,20.417333602905273,19.213333129882812,20.381332397460938,286816500
2018-04-06,62.42855573404649,62.475563275665856,62.3658750268465,62.459896087646484,2155900,232.1837048489923,233.67328013698705,227.40639586017514,228.9224395751953,179521200,20.066667556762695,20.618667602539062,19.700000762939453,19.953332901000977,202804500
2018-04-09,62.412875708069045,62.52256393432618,62.35802561738046,62.52256393432617,2052000,230.37678033142026,233.4353093282673,229.11635597247158,230.0506591796875,105442900,20.024667739868164,20.633333206176758,19.28066635131836,19.310667037963867,153747000
2018-04-10,62.44424484846715,62.491258384155884,62.38940070479974,62.41291046142578,1854600,232.93291826893037,234.49304931652253,231.79590552096968,233.7085723876953,103529000,19.931333541870117,20.47333335876465,19.57866668701172,20.31333351135254,164847000
2018-04-11,62.48339985845616,62.522576794846465,62.42071915125618,62.459896087646484,1645200,232.22779429217832,234.140488069733,232.1572925076709,232.48341369628906,91140200,20.049333572387695,20.59866714477539,19.977333068847656,20.062000274658203,112243500
2018-04-12,62.412905462179204,62.44423984671071,62.32672096081043,62.34238815307617,1397700,233.80559678567172,235.3392597584988,233.62930193643803,234.39613342285156,68890500,20.154666900634766,20.26333236694336,19.57866668701172,19.60533332824707,114132000
2018-04-13,62.31886247253948,62.397210361456835,62.30318930821955,62.389373779296875,1461800,235.70059074735886,235.81517968292337,232.70376729661248,233.7085723876953,85079200,20.239999771118164,20.26333236694336,19.73200035095215,20.022666931152344,109908000
2018-04-16,62.28752092958291,62.39720916748047,62.28752092958291,62.39720916748047,1939600,235.33919382812687,236.39690882957498,234.51947949635002,235.6300506591797,63405300,19.933332443237305,19.977333068847656,19.267332077026367,19.413999557495117,95077500
2018-04-17,62.39721537592054,62.42855572951826,62.35803843953308,62.420719146728516,1588500,237.39287411717692,238.7502686624216,236.88166227221376,238.15090942382812,64682000,19.257999420166016,19.47800064086914,18.833999633789062,19.179332733154297,105000000
2018-04-18,62.37370627508408,62.37370627508408,62.193500751686635,62.217010498046875,1721200,238.59165531201305,239.1293087659003,237.8688842340687,238.32723999023438,57303900,19.405332565307617,20.016000747680664,19.21066665649414,19.55666732788086,98365500
2018-04-19,62.13080354292523,62.13080354292523,62.02111534318204,62.06812286376953,1602300,237.67500341890963,237.87773979272504,235.97386851737917,237.00514221191406,77655900,19.405332565307617,20.067333221435547,19.23666763305664,20.005332946777344,91359000
2018-04-20,62.052462742535376,62.052462742535376,61.911434173583984,61.911434173583984,1576600,236.93454214305586,237.154897174765,234.11398697765554,234.9954071044922,99953100,19.67799949645996,19.998666763305664,19.316667556762695,19.349332809448242,84418500
2018-04-23,61.88795755993121,61.911461335474755,61.84095000884413,61.880126953125,2263300,235.56835661263662,236.12365560791923,233.88484090745573,234.96017456054688,65558000,19.41933250427246,19.441333770751953,18.82200050354004,18.891332626342773,73401000
2018-04-24,61.83310078147098,61.84877394700362,61.75475288649148,61.77042007446289,2664000,235.98264446982625,236.2029995241592,230.2974733085117,231.7958984375,112885500,19.0,19.139333724975586,18.56399917602539,18.8973331451416,85279500
2018-04-25,61.70772312262504,61.739063464842694,61.65287901813391,61.68421936035156,2201300,231.73427263267587,232.80960674530996,229.91854850952944,232.368896484375,103840900,18.899999618530273,19.01066780090332,18.483333587646484,18.71266746520996,60204000
2018-04-26,61.778249036348384,61.840929735624265,61.770412454548776,61.80958938598633,3297100,233.3912386640193,235.55952460486205,232.95052860863134,234.73098754882812,67731900,18.583332061767578,19.05266761779785,18.433332443237305,19.031999588012695,65340000
2018-04-27,61.848781357468276,61.9271292618351,61.848781357468276,61.90362548828125,1407300,235.339151433637,235.63883102034006,234.01702136940307,234.95132446289062,57053600,19.024667739868164,19.631332397460938,18.922000885009766,19.60533332824707,65469000
2018-04-30,61.919305314498345,61.974149456503795,61.903638121452424,61.93497848510742,1602900,235.5683758116827,236.12367485222273,233.0739415341474,233.14447021484375,82182300,19.573999404907227,19.915332794189453,19.5,19.593332290649414,63423000
2018-05-01,61.92552844888663,61.93338271679046,61.823446930341035,61.839149475097656,1410700,232.58037107286572,233.66452772924058,231.02906273180506,233.5587615966797,74203400,19.567333221435547,20.05466651916504,19.54800033569336,19.994667053222656,69384000
2018-05-02,61.89414810306179,61.92555919922385,61.823477629987664,61.8470344543457,1434000,233.36482048739748,234.17571200711808,231.60198008945386,231.98980712890625,86368900,19.904666900634766,20.456666946411133,19.851999282836914,20.07666778564453,134556000
2018-05-03,61.95695689178278,61.996216260201585,61.89413471304945,61.9019889831543,1477700,231.16126305069108,232.13080372140743,228.3318849297842,231.4785614013672,136311500,18.586000442504883,19.202667236328125,18.34866714477539,18.963333129882812,260281500
2018-05-04,61.97264185437863,61.996198666955515,61.86270606831917,61.94123077392578,1342100,230.50904174879244,235.15414423876828,230.18292052098005,234.47543334960938,91222100,18.866666793823242,19.790666580200195,18.634666442871094,19.606000900268555,128541000
2018-05-07,61.94909353975025,61.95694780870363,61.886271370226844,61.909828186035156,1634400,235.24225048650933,236.23823271919028,234.55471690649136,235.26869201660156,55304900,19.833332061767578,20.3973331451416,19.67799949645996,20.184667587280273,130173000
2018-05-08,61.8469988724956,61.90196676139154,61.79987925983439,61.862701416015625,1380900,234.89848369650036,235.63005062825889,233.70856104472983,235.26869201660156,67499200,20.053333282470703,20.516666412353516,19.933332443237305,20.131332397460938,88950000
2018-05-09,61.784164624632716,61.83913250277098,61.760607818437656,61.79201889038086,2260900,235.93851836419324,237.86883047334368,235.41848374968689,237.54270935058594,59666100,20.027332305908203,20.46733283996582,20.003332138061523,20.456666946411133,85911000
2018-05-10,61.909820750300504,61.94123183128955,61.862707124342485,61.91767501831055,1695500,238.2831516820096,240.09007936810895,238.17738555381095,239.76393127441406,72063900,20.5,20.865999221801758,20.27400016784668,20.334667205810547,84774000
2018-05-11,61.980487823486335,61.98834209031067,61.901963128393646,61.98048782348633,1457800,239.88731658829252,240.75991394858534,239.37607782658708,240.49549865722656,59871500,20.51333236694336,20.591999053955078,19.93866729736328,20.070667266845703,70194000
2018-05-14,61.917691532311274,61.94910262167794,61.89413471304945,61.9019889831543,1519500,240.9273599609338,241.57960220851348,240.06355860426416,240.6100616455078,54790600,20.221332550048828,20.32933235168457,19.441333770751953,19.46466636657715,109302000
2018-05-15,61.72921736850395,61.72921736850395,61.54075686493471,61.611427307128906,1602600,239.38487489995578,239.40249361788256,238.00986173509827,238.95298767089844,87036100,19.000667572021484,19.130666732788086,18.700000762939453,18.94533348083496,142788000
2018-05-16,61.635012974056075,61.666424071197156,61.55648822673048,61.5643424987793,2201300,238.98829921102723,240.4161957105122,238.96183078069996,239.9578399658203,53942600,18.922000885009766,19.253999710083008,18.770666122436523,19.09866714477539,85110000
2018-05-17,61.56432535932289,61.58002790799476,61.48580063385851,61.50935745239258,2036000,239.69348210035056,240.83052202568538,238.97953367948904,239.75518798828125,56536400,19.059999465942383,19.279333114624023,18.931333541870117,18.96933364868164,66309000
2018-05-18,61.58000307042651,61.67423629760742,61.58000307042651,61.67423629760742,1539700,239.41135059102103,239.77273610113608,238.8031685006823,239.15573120117188,64368000,18.976667404174805,18.976667404174805,18.266666412353516,18.454666137695312,108778500
2018-05-21,61.62712267954202,61.68993883994585,61.60355987945921,61.67423629760742,1254900,240.6365895101831,241.49156836524816,240.24876238630932,240.95388793945312,58025900,18.755332946777344,19.432666778564453,18.753332138061523,18.965999603271484,137739000
2018-05-22,61.70567283430378,61.72137538312139,61.642850656928175,61.689964294433594,2225800,241.4739194733169,241.7295389148678,239.9578753456466,240.28399658203125,52966400,19.18400001525879,19.200000762939453,18.22800064086914,18.333999633789062,134187000
2018-05-23,61.77632283715692,61.88625861563951,61.768474560872875,61.87841033935547,1177200,239.0147067417322,240.97146049199173,238.8560306763974,240.9449920654297,64694200,18.517332077026367,18.660667419433594,18.266666412353516,18.60466766357422,89776500
2018-05-24,61.94911380752045,62.05119537310494,61.94911380752045,62.00408172607422,1209400,240.54837095853705,240.82160904699194,238.67094177741902,240.45140075683594,76043800,18.559999465942383,18.74066734313965,18.326000213623047,18.523332595825195,62650500
2018-05-25,62.08259007935529,62.15326652229774,62.07474180095785,62.13755798339844,1039500,239.8784637451172,240.50426445551912,239.37604785563138,239.8784637451172,56374800,18.5086669921875,18.642667770385742,18.374000549316406,18.59000015258789,58126500
2018-05-29,62.255307559381215,62.64793690169926,62.23960502174975,62.56941223144531,2414400,238.25674504247283,239.01478057026313,236.00913379265558,237.1197052001953,115908600,18.567333221435547,19.100000381469727,18.40999984741211,18.917333602905273,84999000
2018-05-30,62.341708471424546,62.467352780963154,62.28674058376401,62.38097381591797,3549700,238.4242124939717,240.72470677148405,238.35371069913796,240.28399658203125,69678400,18.88599967956543,19.667333602905273,18.773332595825195,19.447999954223633,112345500
2018-05-31,62.3652701516712,62.451649123461536,62.286745447602954,62.357421875,4272100,239.87853804791965,240.1782177330343,238.21266760730978,238.81202697753906,93519900,19.1473331451416,19.357999801635742,18.86199951171875,18.98200035095215,88795500
2018-06-01,62.3487769340716,62.427668274740036,62.28566145392747,62.39611053466797,3442400,240.1076326746418,241.45620423939144,240.03710400918308,241.15652465820312,71258400,19.05733299255371,19.463333129882812,18.922666549682617,19.454666137695312,81366000
2018-06-04,62.37242720087707,62.37242720087707,62.25409323075376,62.26197814941406,2272100,241.97630799995767,242.55804861167155,241.73833420831608,242.30242919921875,45385200,19.62266731262207,19.933332443237305,19.56999969482422,19.78266716003418,71967000
2018-06-05,62.32504867735425,62.36449731830137,62.26193325944589,62.31715774536133,2760500,242.4347031179384,242.85779465085423,241.66787156981934,242.47879028320312,51135000,19.84666633605957,19.85333251953125,19.115999221801758,19.408666610717773,89928000
2018-06-06,62.20670061470848,62.20670061470848,62.08047581446451,62.143585205078125,2624600,243.08689252902062,244.61173231021175,242.46988760909116,244.50596618652344,62732200,20.03333282470703,21.47800064086914,19.832000732421875,21.299999237060547,281509500
2018-06-07,62.12785381328668,62.41186734081196,62.119962876682905,62.30141830444336,3290700,244.99071562514888,245.28157240851118,243.57161534586987,244.47947692871094,72969400,21.07666778564453,22.0,20.905332565307617,21.07266616821289,215179500
2018-06-08,62.25406901093328,62.285620711343114,62.206729422279444,62.222511291503906,1977000,244.02115556466143,245.25513830214365,243.85368359684531,245.20225524902344,72139700,21.266666412353516,21.631999969482422,21.143333435058594,21.17733383178711,123078000
2018-06-11,62.151504050185366,62.19095270367613,62.119946331196644,62.16728591918945,1725200,245.4226915003545,246.24240599383455,245.30810254773175,245.52845764160156,58892500,21.500667572021484,22.310667037963867,21.5,22.139999389648438,197752500
2018-06-12,62.09625882014984,62.183041013647696,62.09625882014984,62.15937423706055,1850400,245.9426616881948,246.20707697185418,245.20227199514045,245.84571838378906,72329000,22.979999542236328,23.6646671295166,22.53333282470703,22.851333618164062,335211000
2018-06-13,62.15940181334206,62.214626322884264,61.99372828471544,62.11995315551758,1542800,246.08373004921717,246.33934946200577,244.85854294896512,245.061279296875,79070600,23.11400032043457,23.14666748046875,22.65333366394043,22.985332489013672,142047000
2018-06-14,62.23043942337594,62.26199716472077,62.18310582087056,62.254112243652344,3920100,245.9251261155662,246.20716021388853,245.08776593618862,245.67832946777344,77097600,23.17533302307129,23.916667938232422,23.106666564941406,23.847999572753906,164715000
2018-06-15,62.36454228221677,62.40398493258391,62.26197814941406,62.26197814941406,1827800,244.89557310376134,245.70127036855243,243.78885054546487,245.3648223876953,120041600,23.589332580566406,24.31133270263672,23.416667938232422,23.878000259399414,162724500
2018-06-18,62.2935358811209,62.2935358811209,62.214644561364736,62.26197814941406,3510300,243.91279219287506,244.98411909558473,243.43470749636697,244.8601531982422,52917600,23.69333267211914,24.915332794189453,23.633333206176758,24.722000122070312,181098000
2018-06-19,62.35664916269158,62.40398274908471,62.332982369495014,62.364540100097656,2767100,242.5936397822496,244.14305171516543,242.17751092519677,243.9217071533203,97531500,24.3439998626709,24.666667938232422,23.083332061767578,23.503332138061523,191428500
2018-06-20,62.36451801942632,62.36451801942632,62.21462035689167,62.222511291503906,2102200,244.60338642311115,245.0018173571571,244.00133582821002,244.33778381347656,53785500,23.869333267211914,24.29199981689453,23.46666717529297,24.148000717163086,125755500
2018-06-21,62.2698881048129,62.32511264741042,62.23043942337594,62.254112243652344,2695400,244.32898884638138,244.3467137049803,242.31032739701956,242.80613708496094,71061400,24.133333206176758,24.413999557495117,23.084667205810547,23.167333602905273,119506500
2018-06-22,62.261987033077546,62.30932664690326,62.238320235676056,62.29354476928711,1509900,244.06335437668065,244.17845786417627,243.02745000881802,243.24879455566406,54898500,23.43600082397461,23.483333587646484,22.133333206176758,22.242000579833984,153991500
2018-06-25,62.32507029769811,62.372403868040465,62.27773672735576,62.285621643066406,4554800,242.09774805892368,242.2571096047278,238.25521101018867,239.9374237060547,137854200,22.007999420166016,22.564666748046875,21.833332061767578,22.200666427612305,103969500
2018-06-26,62.32505672360155,62.3881721496582,62.31716579058989,62.3881721496582,1670800,240.50414217516678,241.31867497111477,239.7515653170251,240.46871948242188,68547400,22.40333366394043,22.90333366394043,21.719999313354492,22.799999237060547,111787500
2018-06-27,62.467077951541945,62.55386017779939,62.467077951541945,62.53807830810547,1762700,241.05307733908927,242.47852327145034,238.32609735255744,238.47662353515625,105110700,23.0,23.38599967956543,22.633333206176758,22.96666717529297,125005500
2018-06-28,62.51438943340863,62.538056210567255,62.467055879091376,62.49072265625,1266500,238.4234168437113,240.60143886278007,237.71509832803824,239.84002685546875,76650500,23.243999481201172,23.801332473754883,23.073999404907227,23.32866668701172,125970000
2018-06-29,62.51441059215131,62.561750181508785,62.467077021813445,62.47496795654297,1419000,240.92907811223688,242.29256791699456,240.07026029632775,240.18536376953125,97592500,23.55533218383789,23.590667724609375,22.827333450317383,22.863332748413086,97386000
2018-07-02,62.49158073260965,62.52321075261049,62.404599685809714,62.43622970581055,1800600,238.61823583374448,240.85824111556073,238.3791664787934,240.6988525390625,63554800,24.004667282104492,24.318666458129883,21.989999771118164,22.33799934387207,281397000
2018-07-03,62.43620123014083,62.570624229230155,62.43620123014083,62.562721252441406,1121900,241.59311867340935,241.69052431494146,239.42395853253888,239.8489227294922,42187100,22.116666793823242,22.166000366210938,20.645999908447266,20.724000930786133,184239000
2018-07-05,62.57063737662682,62.657618402033314,62.54691637566287,62.649715423583984,1991900,240.9733724606823,241.86758597984274,239.90204549181354,241.80560302734375,56925900,20.917333602905273,20.959333419799805,19.74799919128418,20.610666275024414,262146000
2018-07-06,62.72088623046875,62.73669822214279,62.66553521039653,62.72088623046875,1331800,241.8322297707401,244.22273484975983,241.45149658583094,243.85089111328125,66493700,20.329999923706055,20.80466651916504,20.133333206176758,20.593332290649414,132982500
2018-07-09,62.64180634281237,62.681339333439105,62.6259883203153,62.66552734375,1556600,244.85124324063042,246.09962930058492,244.80698515422466,246.0465087890625,50550400,20.799333572387695,21.23466682434082,20.53333282470703,21.233999252319336,113952000
2018-07-10,62.618107913486085,62.66554993246252,62.594386903997865,62.62601089477539,1661500,246.49811917960713,247.0293514416216,246.20592927668127,246.93194580078125,51966800,21.637332916259766,21.845333099365234,21.280000686645508,21.49799919128418,142072500
2018-07-11,62.64974319724636,62.665555193962724,62.59439215952311,62.65764617919922,3750100,245.38259124794206,246.17059090694184,244.8247985939717,245.12582397460938,77054700,21.053333282470703,21.46266746520996,21.004667282104492,21.263999938964844,73261500
2018-07-12,62.633909076034236,62.720890117654,62.62600006330268,62.705078125,1807800,246.38299417963543,247.4011734981169,245.78094361109248,247.34805297851562,60124700,21.428667068481445,21.548667907714844,20.851333618164062,21.11400032043457,85818000
2018-07-13,62.728818427962935,62.76835143816423,62.7209094127983,62.76044845581055,4071900,247.17100302827427,247.84387197545811,246.71945157482142,247.5428466796875,48216000,21.038667678833008,21.30533218383789,20.616666793823242,21.257999420166016,88047000
2018-07-16,62.68135726536942,62.720896300115484,62.58647323447439,62.67345428466797,1688000,247.58714758902812,247.7287843093492,246.87882888944463,247.32151794433594,48201000,20.78066635131836,21.01066780090332,20.416667938232422,20.67333221435547,117280500
2018-07-17,62.64971542358398,62.70506643676921,62.641806412326666,62.649715423583984,2432200,246.55128025824675,248.71160533141384,246.4981597252672,248.32203674316406,52315500,20.58733367919922,21.64933204650879,20.566667556762695,21.512666702270508,104943000
2018-07-18,62.657636029135936,62.68926605025549,62.610194013861445,62.61810302734375,2182900,248.4016865443658,248.95061666305273,247.95899747838,248.84437561035156,44593500,21.666667938232422,21.700000762939453,21.083332061767578,21.59000015258789,84363000
2018-07-19,62.610206960988045,62.760448084171784,62.56276493590304,62.73672103881836,1990100,248.18031830461032,248.561024380289,247.42774156040312,247.90585327148438,61412100,21.088666915893555,21.569332122802734,20.93400001525879,21.34866714477539,88729500
2018-07-20,62.69719921155173,62.69719921155173,62.562776094627836,62.59440612792969,1607800,247.70211727662064,248.33075491770543,247.4630750170712,247.6224365234375,82337700,21.415332794189453,21.549333572387695,20.78066635131836,20.905332565307617,77433000
2018-07-23,62.5548803121737,62.570692315763814,62.365106105026044,62.39673614501953,1427200,247.41885235103558,248.2865053562712,247.07354201823443,248.0828857421875,47047600,20.12266731262207,20.366666793823242,19.52400016784668,20.213333129882812,164893500
2018-07-24,62.436222313494575,62.507391358272564,62.388780305515084,62.491573333740234,1811100,249.49079429126886,250.17252595240376,248.4637520744959,249.33140563964844,68026900,20.294666290283203,20.514667510986328,19.503332138061523,19.82866668701172,143862000
2018-07-25,62.507391358272564,62.562742378518216,62.436222313494575,62.491573333740234,2075200,249.08344934198635,251.77500676757114,249.03919123765357,251.45628356933594,78882900,19.78266716003418,20.641332626342773,19.633333206176758,20.582666397094727,106131000
2018-07-26,62.491573333740234,62.491573333740234,62.491573333740234,62.491573333740234,0,250.73909822087222,251.54476854513118,250.64169257599485,250.863037109375,57919500,20.323333740234375,20.713333129882812,20.242666244506836,20.44333267211914,69457500
2018-07-27,62.5073608968379,62.538984864873896,62.46782188758419,62.475730895996094,1376600,251.1906128472391,251.2880184882975,248.24231566683144,249.16311645507812,76768700,20.483333587646484,20.512666702270508,19.689332962036133,19.812000274658203,85549500
2018-07-30,62.42041626212166,62.46785827461606,62.404598236083984,62.404598236083984,2115400,249.24272904269247,249.40209057216975,247.33914503544705,247.86154174804688,63742500,19.726667404174805,19.739999771118164,19.075332641601562,19.344667434692383,102211500
2018-07-31,62.483657976818066,62.531106012788385,62.40458596061172,62.45203399658203,3328200,248.6230176642827,249.69431758068527,248.24231157277697,249.08340454101562,68570500,19.483333587646484,19.88800048828125,19.271333694458008,19.875999450683594,76153500
2018-08-01,62.41795349121094,62.44173079166739,62.338693807314016,62.41795349121094,3168600,249.28702699344575,249.79169893708507,248.02094294081422,248.66725158691406,53853300,19.865999221801758,20.200000762939453,19.53333282470703,20.055999755859375,151941000
2018-08-02,62.457589037750694,62.46551077349205,62.39417886906073,62.44966125488281,2817700,247.36579266220008,250.19012385564247,247.16214597845703,250.0219268798828,63426400,21.895999908447266,23.332666397094727,21.54400062561035,23.30266761779785,348225000
2018-08-03,62.53687225903277,62.60820419030784,62.50516716275648,62.58442687988281,2711600,250.14590056459343,251.14638224892715,249.96881411760404,251.09326171875,53935400,23.187332153320312,23.666667938232422,22.8353328704834,23.211332321166992,204847500
2018-08-06,62.67158621606013,62.7112190803753,62.62403161658278,62.6398811340332,2083800,251.12870559188278,252.32394464127194,250.73913699132908,252.0140838623047,39400900,23.03066635131836,23.665332794189453,22.788000106811523,22.799333572387695,128464500
2018-08-07,62.592317931217,62.60024571241558,62.51305826060701,62.528907775878906,1886900,252.67807071803176,253.22700082078438,252.5452423864147,252.8462677001953,43196600,22.922666549682617,25.83066749572754,22.610000610351562,25.30466651916504,463137000
2018-08-08,62.528914855201094,62.54477041939336,62.48928199184637,62.513065338134766,2101300,252.67804956580417,253.1384364154706,252.2796186434976,252.74000549316406,42114600,24.606000900268555,25.50933265686035,24.474666595458984,24.689332962036133,368568000
2018-08-09,62.56856531867787,62.6319694519043,62.55270975002554,62.6319694519043,2603800,252.80204180590246,253.19161038385442,252.2619740616866,252.394775390625,35717000,24.3700008392334,24.46733283996582,23.048667907714844,23.496667861938477,257757000
2018-08-10,62.631964896319005,62.81426763979507,62.631964896319005,62.758785247802734,2414900,250.9604568137881,251.5005245360856,249.99537081693893,250.7036895751953,77076000,23.600000381469727,24.0,23.066667556762695,23.69933319091797,173280000
2018-08-13,62.75086043516818,62.78256552454028,62.69537804054888,62.76671600341797,3315700,250.9781155764383,251.58902858924932,249.47296209162405,249.76515197753906,65732900,24.075332641601562,24.21266746520996,23.26799964904785,23.76066780090332,156958500
2018-08-14,62.78254841954229,62.81425350027639,62.71913825807408,62.72706604003906,2692700,250.49118768395763,251.59791032549649,250.1016191525683,251.3588409423828,43842000,23.89666748046875,23.946666717529297,23.139999389648438,23.176000595092773,104796000
2018-08-15,62.78254912949426,62.85388707373414,62.77462134743962,62.798404693603516,3051300,250.01315076581565,250.15481454868382,248.0476096853759,249.48191833496094,102925400,22.79400062561035,22.965999603271484,22.142667770385742,22.57933235168457,136519500
2018-08-16,62.83009719848633,62.85388054217874,62.76669309001571,62.83009719848633,2226900,250.91615074561037,252.36818381411726,250.88072805575527,251.50050354003906,69967900,22.660667419433594,22.818666458129883,22.254667282104492,22.363332748413086,90960000
2018-08-17,62.8777081275313,62.941118333841864,62.853930811947365,62.901485443115234,1018100,251.29683953147494,252.8285532819116,250.88957319479002,252.3858642578125,65618500,21.566667556762695,21.784666061401367,20.235332489013672,20.366666793823242,284379000
2018-08-20,62.95693940048749,63.0282713149918,62.95693940048749,62.980716705322266,2473200,252.8375431724051,253.1916891663023,252.38599149391192,252.92608642578125,39807500,19.446666717529297,20.566667556762695,19.213333129882812,20.562667846679688,261034500
2018-08-21,62.93317467642364,62.95695198601165,62.90146958126343,62.94902420043945,1883300,253.43949950542424,254.37799819792022,252.96138773126302,253.51918029785156,67272000,20.707332611083984,21.652666091918945,20.600000381469727,21.459999084472656,197583000
2018-08-22,63.02824756880922,63.02824756880922,62.94106616630352,62.98862075805664,2025500,253.1119156264762,253.891052739408,252.8462859636508,253.36868286132812,44993300,21.391332626342773,21.591999053955078,20.97800064086914,21.44266700744629,89190000
2018-08-23,63.02032583493376,63.02032583493376,62.964843462180085,62.98862075805664,1447500,253.1915423380301,254.05036006048783,252.7134306627465,253.0321807861328,49204900,21.275999069213867,21.821332931518555,21.206666946411133,21.34000015258789,77209500
2018-08-24,62.9252209049217,63.028257886295265,62.89351582285458,63.02033615112305,1845300,253.6076470996255,254.6966716405088,253.5545265873472,254.5550079345703,57487400,21.3799991607666,21.59000015258789,21.293333053588867,21.521333694458008,54039000
2018-08-27,62.96485548645242,62.98070500435518,62.93315040352065,62.941078186035156,2340800,255.75025973945864,256.671060366002,255.5908981943619,256.5648193359375,57072400,21.200000762939453,21.496000289916992,20.58733367919922,21.284666061401367,196189500
2018-08-28,62.88560079378153,62.89352857768758,62.822196663914994,62.84597396850586,2375800,257.0252637708789,257.1315318443619,256.2284288471343,256.6888427734375,46943500,21.227333068847656,21.2586669921875,20.746000289916992,20.790666580200195,114736500
2018-08-29,62.86182929151952,62.86182929151952,62.76672006437721,62.80634689331055,1560100,256.9012106591642,258.30009561269804,256.66216839420144,258.0699157714844,61485500,20.684667587280273,20.790000915527344,20.246000289916992,20.333999633789062,111711000
2018-08-30,62.869750429896065,62.90145551796776,62.82219582135213,62.85390090942383,1157400,257.5919235454238,257.96376724094705,256.4320803195823,257.0252685546875,61229500,20.150667190551758,20.30666732788086,19.847999572753906,20.209999084472656,108250500
2018-08-31,62.94901449337375,62.95694227772345,62.861827006910076,62.869754791259766,2888300,256.61814219796446,257.4769605609636,256.13119475300704,257.0342712402344,66140800,20.133333206176758,20.354000091552734,19.906667709350586,20.110666275024414,80626500
2018-09-04,62.76489578649051,62.82051000865163,62.74106198577798,62.77284240722656,2400700,256.61802144760213,256.94560706766003,255.59097946442648,256.5914611816406,57594400,19.79599952697754,19.87933349609375,19.200000762939453,19.26333236694336,125257500
2018-09-05,62.796642905584285,62.812530077135484,62.73308209639473,62.7886962890625,2558000,256.23728113360505,256.4409278252253,254.89151613831157,255.9008331298828,72452400,19.003332138061523,19.118667602539062,18.478666305541992,18.715999603271484,115812000
2018-09-06,62.83637481596742,62.90788225414067,62.80460046732758,62.88404846191406,2133300,256.00710048633505,256.308125831231,254.10354276501158,255.13058471679688,65909900,18.98666763305664,19.411333084106445,18.591999053955078,18.729999542236328,112212000
2018-09-07,62.741035188397916,62.741035188397916,62.65364058211541,62.685420989990234,2481100,254.08586593769624,255.6087176445946,253.84679651198275,254.63479614257812,73524800,17.34000015258789,17.889999389648438,16.816667556762695,17.549333572387695,337378500
2018-09-10,62.69338433654572,62.74105193033115,62.66954447815837,62.72515869140625,1464300,255.64406629350196,255.90969593769657,254.88265408992106,255.0774383544922,50210900,18.21733283996582,19.068666458129883,18.066667556762695,19.03333282470703,214252500
2018-09-11,62.621833952917186,62.66950151402332,62.56621977779654,62.59005355834961,1496800,254.43110457674317,256.361222382682,254.0858211620934,255.9185333251953,50530500,18.631332397460938,18.799999237060547,18.23666763305664,18.62933349609375,137550000
2018-09-12,62.677468110114575,62.70130189826604,62.62980053381164,62.63774108886719,1088400,255.92737874577733,256.58254986104964,255.1925268478039,255.98049926757812,59810800,18.762666702270508,19.5,18.57666778564453,19.369333267211914,150231000
2018-09-13,62.72511201632281,62.74895185697043,62.66155729239953,62.67744445800781,1723800,257.0430128319784,257.6804862349242,256.75968531520266,257.4945373535156,51034200,19.201332092285156,19.666667938232422,19.011999130249023,19.297332763671875,95104500
2018-09-14,62.574188232421875,62.613909193377516,62.55035444354998,62.574188232421875,3196000,257.698179952664,257.88410181150124,256.75968121049704,257.538818359375,55079900,19.250667572021484,19.82200050354004,19.101333618164062,19.68000030517578,101484000
2018-09-17,62.52651519518686,62.6059692408483,62.51062802295016,62.56624221801758,2375200,257.48563159353705,257.52102725876375,255.9007974379103,256.1752624511719,68244000,19.336000442504883,20.058000564575195,19.208667755126953,19.6560001373291,103314000
2018-09-18,62.5265186258608,62.5265186258608,62.39940305651475,62.42323684692383,2504000,256.38777016818403,258.15852631195645,256.36120990681127,257.5653381347656,61930400,19.779333114624023,20.176000595092773,18.366666793823242,18.997333526611328,248212500
2018-09-19,62.39144929691288,62.41528308459357,62.28022091340816,62.32788848876953,1968700,257.61843821443676,258.25591145639254,257.4944723248046,257.83978271484375,49080600,18.700666427612305,20.0,18.700000762939453,19.934667587280273,124423500
2018-09-20,62.31993879102091,62.43910771194127,62.31199217579575,62.40733337402344,2297700,259.0969689557085,260.247949272745,257.8574184363328,259.92919921875,100360600,20.237333297729492,20.398666381835938,19.55533218383789,19.8886661529541,110241000
2018-09-21,62.37554684173379,62.44704818725586,62.37554684173379,62.44704818725586,1750600,260.670163615046,260.78578814845525,259.53175051533134,259.69183349609375,105479700,19.84666633605957,20.038667678833008,19.691333770751953,19.940000534057617,75757500
2018-09-24,62.359683386644846,62.43119082779914,62.343796211662614,62.36763000488281,2915800,259.11374214506895,259.25604717756437,258.25103654562844,258.8291320800781,53409600,19.898666381835938,20.200000762939453,19.57200050354004,19.978666305541992,72645000
2018-09-25,62.31993865966797,62.3358258285934,62.27226502990891,62.31993865966797,1698200,259.2826786788656,259.38940064759277,258.3488343105982,258.5889587402344,44370000,20.0,20.30666732788086,19.766666412353516,20.06599998474121,67225500
2018-09-26,62.36761530582288,62.51857070929794,62.359668689457806,62.478843688964844,1831100,258.7313131778317,259.9141847464246,257.3972340300499,257.81524658203125,79739700,20.12733268737793,20.926000595092773,20.073999404907227,20.6386661529541,117648000
2018-09-27,62.49474542858969,62.526519775390625,62.462965020295655,62.526519775390625,1374700,258.28670897641217,259.620788583103,258.01100136238296,258.5357360839844,59249500,20.860000610351562,20.997333526611328,20.46066665649414,20.501333236694336,127636500
2018-09-28,62.57419341857822,62.59802720942547,62.49474542858969,62.526519775390625,2577700,257.9130552985251,259.060370917637,257.877499398238,258.56231689453125,70091400,18.017332077026367,18.53333282470703,17.37066650390625,17.65133285522461,504745500
2018-10-01,62.449267883027666,62.497052633685,62.40148920799025,62.409454345703125,2853300,259.79851514867977,260.5278181370274,258.79353183087005,259.4605712890625,62078900,20.384666442871094,20.762666702270508,20.06999969482422,20.713333129882812,326664000
2018-10-02,62.47318461925496,62.55282388007107,62.47318461925496,62.52096939086914,2597600,259.30950927734375,260.0210075753258,258.93598217057524,259.30950927734375,47258200,20.93000030517578,21.12266731262207,19.94333267211914,20.06800079345703,176152500
2018-10-03,62.43334058477243,62.43334058477243,62.13072612290054,62.20240020751953,2300300,260.3589158911238,260.7769285042683,259.096002645905,259.4517517089844,64694600,20.222000122070312,20.30666732788086,19.437999725341797,19.65333366394043,119925000
2018-10-04,62.090934359585745,62.122788844406145,62.011301185345616,62.043155670166016,3221400,258.9714428347122,259.0248038303383,255.84081347636905,257.4239196777344,111545900,19.59666633605957,19.600000381469727,18.511333465576172,18.788667678833008,147213000
2018-10-05,61.979417738317736,62.01923126902256,61.84404079780729,61.93163299560547,2299100,257.6462407924696,258.16207274661025,254.56007018759942,255.98309326171875,105951700,18.309999465942383,18.325332641601562,17.333332061767578,17.463333129882812,269167500
2018-10-08,61.94758787165032,61.955553011202305,61.89184404602907,61.90776824951172,1885400,255.29824864888656,256.3388422447717,253.9197111613411,255.98309326171875,87742200,17.634666442871094,17.85066795349121,16.600000381469727,16.70400047302246,202090500
2018-10-09,61.90773842885469,62.027191162109375,61.90773842885469,62.027191162109375,4273200,255.6006521845047,256.9080235309674,255.04921007260296,255.60952758789062,74339000,17.016666412353516,17.784666061401367,16.886667251586914,17.520000457763672,180909000
2018-10-10,61.93165021104579,62.003324307228326,61.87590639206852,61.979434967041016,2813100,255.10257478593394,255.1737408654989,247.14258636020767,247.51611328125,214731000,17.640666961669922,17.700666427612305,16.51799964904785,17.125333786010742,192229500
2018-10-11,62.04317919929387,62.21836981881239,62.035214056162644,62.154666900634766,3245600,246.43107052946968,248.04975962653202,240.45439529116155,242.064208984375,274840500,17.16866683959961,17.483333587646484,16.601999282836914,16.815332412719727,122515500
2018-10-12,62.130725811208706,62.226289231681406,62.12276674955067,62.13869094848633,2365700,246.15546947319666,246.44007964140403,242.24217465706394,245.4261932373047,183186500,17.399999618530273,17.465999603271484,16.80066680908203,17.25200080871582,108021000
2018-10-15,62.20245502435624,62.20245502435624,62.11485666352435,62.12282180786133,2077800,245.07031967564035,246.3955233707276,243.9585870929312,244.0475311279297,102263700,17.270666122436523,17.552000045776367,16.96933364868164,17.305999755859375,93000000
2018-10-16,62.1147998625204,62.19443300619462,62.090910526980075,62.1705436706543,2367000,246.00420892011994,249.7574194733854,245.53283535702332,249.3838653564453,118255800,17.713333129882812,18.492000579833984,17.482667922973633,18.439332962036133,142896000
2018-10-17,62.15461492446044,62.19442845557477,62.04312731634993,62.059051513671875,1877300,249.41945743831997,250.05091401359377,246.8580209490984,249.42835998535156,110626000,18.82666778564453,18.84666633605957,17.719999313354492,18.118667602539062,129832500
2018-10-18,62.01924896240234,62.11481239947111,61.963505143017386,62.019248962402344,1681500,248.49443661830605,249.09033716550948,244.55446325309785,245.82627868652344,134557500,17.952667236328125,18.066667556762695,17.53333282470703,17.5939998626709,81318000
2018-10-19,62.027250213376604,62.04318049997301,61.9476170072671,61.987430572509766,1716700,246.47555038751653,248.405502838311,244.9991663473376,245.69288635253906,139901600,17.826000213623047,17.977333068847656,16.899999618530273,17.333332061767578,140632500
2018-10-22,62.01925242845733,62.05907204836653,61.95554954247197,61.96350860595703,1520000,246.3599268625698,246.6800928007739,244.05642033413275,244.59005737304688,82415800,17.3786678314209,17.457332611083984,16.839332580566406,17.39666748046875,84004500
2018-10-23,62.130700465727,62.18644425269116,62.03514315985535,62.05106735229492,1934300,240.97909105360475,244.4654681566747,238.89790441670948,243.34483337402344,146352700,17.591333389282227,19.86199951171875,17.47333335876465,19.609333038330078,285417000
2018-10-24,62.170551706044854,62.23426065946622,62.15462750549961,62.21833038330078,1615500,243.09588794996847,243.47834459638236,235.42050879522853,235.971923828125,177806700,20.06999969482422,20.29599952697754,19.048667907714844,19.233333587646484,300874500
2018-10-25,62.162572603950494,62.2103573460924,62.11479393742743,62.14664840698242,1981000,237.8040722486143,241.74404636445752,236.7812836082861,240.2053985595703,138061500,21.148000717163086,21.399999618530273,20.067333221435547,20.99066734313965,312610500
2018-10-26,62.29002175239197,62.3537307234845,62.242243061883514,62.2581672668457,2224400,236.50555084001812,241.02362004077827,233.27707512923888,235.9807891845703,201574600,20.549999237060547,22.65999984741211,20.44333267211914,22.059999465942383,411382500
2018-10-29,62.234254681170235,62.26610915482094,62.154621534853284,62.20240020751953,1900700,239.06697033859635,240.35659102695715,231.10698111147096,234.67340087890625,160749100,22.49799919128418,23.143999099731445,21.766666412353516,22.323333740234375,217290000
2018-10-30,62.13072369790574,62.19443264272055,62.106834362505026,62.11479949951172,2546300,234.5044631035441,238.46221527012418,234.0152844254869,238.1509246826172,157116000,21.892667770385742,22.52666664123535,21.483999252319336,21.99333381652832,136900500
2018-10-31,62.035215356674804,62.10688341948611,61.987430572509766,61.987430572509766,6206300,240.71223595085303,243.00686627227557,240.24086261225037,240.6944580078125,128296300,22.16933250427246,22.799999237060547,21.940000534057617,22.488000869750977,114364500
2018-11-01,61.99061261521457,62.1263278815288,61.98262757284235,62.102378845214844,3784100,241.55725087311626,243.45164745734314,240.4721988322022,243.2559814453125,99495000,22.55066680908203,23.189332962036133,22.315332412719727,22.95199966430664,120001500
2018-11-02,62.022527283568294,62.038491272513994,61.838907911288246,61.87084197998047,2024600,244.3588166152821,244.78573168928202,239.76958135193883,241.815185546875,122634100,22.916000366210938,23.280000686645508,22.727333068847656,23.0939998626709,117120000
2018-11-05,61.92673961938506,61.95867369557617,61.894805543193954,61.91875457763672,1858900,242.30433388342226,243.70067647437028,241.33490636095422,243.14926147460938,65622500,22.700000762939453,22.930667877197266,22.00933265686035,22.760000228881836,117465000
2018-11-06,61.92674967033428,61.94271366561973,61.88683054591581,61.91078567504883,2024700,243.08701262334208,244.8479797106511,243.02474908298626,244.68789672851562,60085900,22.60466766357422,23.253332138061523,22.4060001373291,22.737333297729492,101443500
2018-11-07,62.03049105928256,62.086374143124104,61.95065895248026,61.96662902832031,2673700,246.85804397609732,250.0064788829452,246.4311288074337,249.9264373779297,102752100,22.889333724975586,23.41200065612793,22.719999313354492,23.21066665649414,110617500
2018-11-08,61.96666035041599,61.990609385482195,61.86287307739258,61.86287307739258,2233100,249.12588950722693,250.11312204168914,248.3343501125517,249.47276306152344,65584900,23.233333587646484,23.838666915893555,23.229333877563477,23.426666259765625,106360500
2018-11-09,61.92671684205716,62.04646806102744,61.92671684205716,62.01453399658203,1697200,248.1654298904992,248.35219339245518,245.63067379630257,247.03591918945312,98812600,23.266666412353516,23.600000381469727,23.01533317565918,23.367332458496094,76482000
2018-11-12,62.094358598626144,62.11830762136227,62.06242453804489,62.110328674316406,1067200,246.5289735049613,246.76909801815407,241.9041542101757,242.42001342773438,99673600,23.224666595458984,23.318666458129883,22.022666931152344,22.0853328704834,104122500
2018-11-13,62.03848436877717,62.08638242108492,61.9985713554541,62.07840347290039,2735900,242.88243618622874,244.8746522778252,241.24596909071613,241.96636962890625,98176600,22.21066665649414,22.979999542236328,22.14666748046875,22.582000732421875,81729000
2018-11-14,62.03852555870108,62.190210946119294,61.9986125188781,62.1263427734375,2905100,243.834079644037,244.23428707633516,238.7556929624398,240.31211853027344,125335900,22.84666633605957,23.140666961669922,22.476667404174805,22.933332443237305,75604500
2018-11-15,62.16621140414967,62.182175388949894,62.03049012475124,62.13427734375,2557800,239.04918691779187,243.28267329833074,237.47498334426214,242.82017517089844,135101400,22.82200050354004,23.238666534423828,22.6026668548584,23.229333877563477,69385500
2018-11-16,62.22212146528256,62.285983522971854,62.15026827552953,62.27001953125,1811300,241.72629445079986,244.35887012888557,241.2104352306737,243.4517059326172,126668000,23.012666702270508,23.713333129882812,23.007999420166016,23.62066650390625,108093000
2018-11-19,62.22212146528256,62.293968564233715,62.22212146528256,62.27001953125,2495900,242.84687550829725,243.14038813498033,238.41774988663542,239.3338165283203,103061700,23.756000518798828,24.450000762939453,23.525333404541016,23.564666748046875,145633500
2018-11-20,62.254027134339765,62.29394014083388,62.20612299942809,62.230072021484375,1891300,236.00743189304094,237.46603781258796,234.04189663297697,234.90460205078125,136021300,22.78333282470703,23.31999969482422,22.23666763305664,23.166000366210938,120070500
2018-11-21,62.262060815816405,62.29399490356445,62.21416272959656,62.29399490356445,3871300,236.4521591402249,237.5994747294918,235.6962027211134,235.705078125,75563700,23.46666717529297,23.540000915527344,22.49333381652832,22.54599952697754,70302000
2018-11-23,62.3418480564001,62.36580317304864,62.27000097885469,62.28596496582031,644500,234.06865686123018,235.52726327765873,233.97083740598626,234.13092041015625,42807900,22.290000915527344,22.5,21.703332901000977,21.722000122070312,63039000
2018-11-26,62.222096012367054,62.26999405874105,62.20612593637613,62.238059997558594,1520500,236.3810366819656,238.13312838545468,235.98970462643132,237.91078186035156,79981400,21.666667938232422,23.08133316040039,21.666667938232422,23.066667556762695,119881500
2018-11-27,62.230103348297455,62.30994158307468,62.230103348297455,62.27800750732422,2563100,236.8790184862919,238.71115112304688,236.2742426365071,238.71115112304688,75502400,22.670000076293945,23.130666732788086,22.366666793823242,22.92799949645996,95374500
2018-11-28,62.27803295221788,62.34988008390931,62.21416477462238,62.309967041015625,2217500,239.77844095396424,244.2075653076172,238.64890350481713,244.2075653076172,127629600,23.06599998474121,23.218666076660156,22.81399917602539,23.191333770751953,61914000
2018-11-29,62.36579219690133,62.405705202690896,62.30192407867925,62.35780715942383,2395900,243.43385961483304,245.07032676690406,242.29544650287454,243.67401123046875,82346400,23.133333206176758,23.166667938232422,22.636667251586914,22.744667053222656,46210500
2018-11-30,62.34985227188244,62.38178634643555,62.30993924679251,62.38178634643555,2181200,243.52277377138495,245.71955823450747,243.2026078457021,245.15924072265625,98204200,22.788667678833008,23.440000534057617,22.55066680908203,23.365333557128906,84436500
2018-12-03,62.41540186550867,62.479427337646484,62.38338912943976,62.479427337646484,2187500,249.27712569459774,249.38384767989874,246.81353606087058,248.405517578125,103176300,24.0,24.399999618530273,23.46666717529297,23.89933204650879,124597500
2018-12-04,62.54345148947176,62.72751708572592,62.54345148947176,62.63148498535156,3204700,247.57839310389085,248.00530818364757,240.04529209231492,240.35658264160156,177986000,23.73666763305664,24.57866668701172,23.46666717529297,23.979999542236328,126928500
2018-12-06,62.73550267739382,62.871552181999746,62.71149465961667,62.743507385253906,4447800,236.50551991524597,240.10752209732985,233.41044708855944,239.9918975830078,204185400,23.733999252319336,24.492000579833984,23.384000778198242,24.20400047302246,117637500
2018-12-07,62.743533366784675,62.89558624427139,62.72752394443515,62.871578216552734,3806000,239.65399795009372,241.21932634814482,233.5795021440557,234.41552734375,161018900,24.600000381469727,25.299333572387695,23.843332290649414,23.864667892456055,172668000
2018-12-10,62.88759185150251,62.98362396880998,62.847574398753714,62.93560791015625,2712100,234.23760261616204,235.82961126558462,230.01301882509009,234.8601837158203,151445900,24.0,24.398666381835938,23.541332244873047,24.343332290649414,99202500
2018-12-11,62.95159296544834,63.00761371412779,62.887567508156486,62.94358825683594,4157200,238.05310632378428,238.23986982038016,233.4460924616727,234.91357421875,121504400,24.660667419433594,24.81133270263672,24.01533317565918,24.450666427612305,94632000
2018-12-12,62.91956072929473,62.94356874188484,62.87153859831273,62.87954330444336,2662400,237.88406423876316,239.24482367435746,236.01634829099115,236.0963897705078,97976700,24.628000259399414,24.79400062561035,24.3439998626709,24.440000534057617,75405000
2018-12-13,62.895553805937425,62.96758395774953,62.895553805937425,62.92756652832031,2587600,237.03914588891996,237.90185139073836,234.90462492684645,236.016357421875,96662700,24.676666259765625,25.16266632080078,24.450000762939453,25.119333267211914,110488500
2018-12-14,62.9756287130055,63.02364477421354,62.95162068240148,62.98362731933594,3490600,233.87294881626218,234.82459840670106,231.1069712205048,231.65838623046875,116961100,25.0,25.191333770751953,24.288667678833008,24.380666732788086,95064000
2018-12-17,63.007636098639516,63.111672924346834,62.99963138718331,63.103668212890625,2924300,230.70673052985472,231.81846306627645,225.4860388815235,227.11361694335938,165492300,24.133333206176758,24.3799991607666,22.92533302307129,23.22800064086914,115110000
2018-12-18,63.095626014578926,63.2236768985763,63.095626014578926,63.199668884277344,3210700,228.75008575990108,229.41712524737136,225.26368076295105,226.8645782470703,134515100,23.369333267211914,23.43666648864746,22.246000289916992,22.468666076660156,106500000
2018-12-19,63.28770234336601,63.43175653496829,63.2236769013645,63.311710357666016,3117500,226.94463525802686,230.70673442492728,221.76841553795205,223.46713256835938,214992800,22.50666618347168,23.134000778198242,21.982667922973633,22.197999954223633,124113000
2018-12-20,63.37573366735685,63.391736974417675,63.19966676067767,63.22367477416992,3451000,222.22197924177337,223.78729366508378,217.58827236195947,219.82952880859375,252053400,21.803333282470703,22.019332885742188,20.791332244873047,21.025333404541016,136078500
2018-12-21,63.24768278766217,63.27169080115442,63.17565874718542,63.22367477416992,4516100,220.72860171340417,223.3855045339363,214.6812341608542,215.32533264160156,255345600,21.15999984741211,21.564666748046875,20.82933235168457,21.31800079345703,120252000
2018-12-24,63.31837760497262,63.38256394893281,63.16594268950048,63.2381477355957,6031000,213.84034063943142,215.45058694361018,209.57320499611265,209.6358184814453,147311600,20.899999618530273,20.96666717529297,19.68000030517578,19.69266700744629,83398500
2018-12-26,63.278243484640214,63.30231182487711,63.10173416137695,63.10173416137695,5912400,211.09396462178614,220.2276153564453,209.11693755623702,220.2276153564453,218485400,20.0,21.79800033569336,19.606000900268555,21.73933219909668,122446500
2018-12-27,63.334427251536,63.37453912565112,63.230122912314016,63.2381477355957,2751800,216.998207573705,222.1151909748024,213.76877426318353,221.91839599609375,186267300,21.32266616821289,21.47800064086914,20.100000381469727,21.075332641601562,128626500
2018-12-28,63.27023899203225,63.3986055549196,63.23814582102379,63.390586853027344,3495100,223.269177638779,224.8973054085378,220.46913912982842,221.63209533691406,153100200,21.540000915527344,22.416000366210938,21.227333068847656,22.257999420166016,149085000
2018-12-31,63.34241150269162,63.583107101058324,63.326367986000726,63.5510139465332,5651100,223.25131500932955,223.81490460672552,221.38164665156634,223.5733642578125,144299400,22.519332885742188,22.61400032043457,21.68400001525879,22.18666648864746,94534500
2019-01-02,63.60717501143142,63.68740483663618,63.583106675984325,63.679386138916016,4142500,220.04875178700226,224.7274143179528,220.02191548301792,223.8059844970703,126925200,20.406667709350586,21.0086669921875,19.920000076293945,20.674667358398438,174879000
2019-01-03,63.695456413182065,63.98428880216879,63.679412889858746,63.92812728881836,4908400,222.06153288497993,222.36570038148278,217.9822513104657,218.46533203125,144140700,20.46666717529297,20.626667022705078,19.825332641601562,20.02400016784668,104478000
2019-01-04,63.759664056726365,63.76768888164279,63.65535969625657,63.735595703125,4583600,221.4890188084166,226.42710333610125,221.11329691449131,225.7830047607422,142628800,20.399999618530273,21.200000762939453,20.18199920654297,21.179332733154297,110911500
2019-01-07,63.75966827064376,63.7917614512826,63.6152520183431,63.639320373535156,4121700,226.05135993790628,228.967685018204,225.1567801850317,227.56320190429688,103139100,21.447999954223633,22.44933319091797,21.183332443237305,22.33066749572754,113268000
2019-01-08,63.58310840568192,63.639269896967384,63.542990431416534,63.55904006958008,1745400,229.74599353972656,230.18432891084558,227.2232719214142,229.7012481689453,102512600,22.797332763671875,22.93400001525879,21.801332473754883,22.356666564941406,105127500
2019-01-09,63.57511625653888,63.67139577156578,63.56709755447992,63.6473274230957,1989600,230.4079382964577,231.61562631457824,229.18236851303053,230.77471923828125,95006600,22.366666793823242,22.899999618530273,22.097999572753906,22.568666458129883,81493500
2019-01-10,63.599162182859715,63.66334850358183,63.49486400254462,63.5189323425293,2579900,229.2449965104731,231.8392721108213,228.56510722057578,231.5887908935547,96823900,22.293333053588867,23.025999069213867,22.119333267211914,22.99799919128418,90846000
2019-01-11,63.65534612515466,63.70348894324142,63.623259074625636,63.6473274230957,3097100,230.51532876711232,231.70513525362898,229.93385732577602,231.6782989501953,73858100,22.805999755859375,23.227333068847656,22.584667205810547,23.150667190551758,75586500
2019-01-14,63.66334576391711,63.67939540397919,63.58311592703927,63.59114074707031,2395700,229.78173558745547,231.0699325784489,229.37919109052422,230.2648162841797,70908200,22.825332641601562,22.833332061767578,22.266666412353516,22.293333053588867,78709500
2019-01-15,63.671378016537645,63.703471179263964,63.55905500756796,63.59916687011719,1742900,230.6405836982719,233.2169780367859,230.63162916363206,232.90386962890625,85208300,22.333332061767578,23.253332138061523,22.299999237060547,22.961999893188477,90849000
2019-01-16,63.56708373132486,63.639288761033534,63.53499056662813,63.62324523925781,1697700,233.33325943861294,234.35309361191258,233.12752353728553,233.46746826171875,77636700,22.985332489013672,23.46666717529297,22.899999618530273,23.06999969482422,70375500
2019-01-17,63.62322507450055,63.631243772274324,63.5269456109252,63.5510139465332,2394700,232.59966906964814,236.09747886046176,232.55492370584037,235.23866271972656,96118400,23.08066749572754,23.433332443237305,22.94333267211914,23.15399932861328,55150500
2019-01-18,63.55102822255672,63.61521454602568,63.49486671980755,63.502891540527344,3722400,237.04574468322795,238.83490412813006,235.2744670046285,238.3697052001953,127900300,21.53333282470703,21.808666229248047,19.98200035095215,20.150667190551758,362262000
2019-01-22,63.62324775268572,63.70347760702437,63.60719810913068,63.6152229309082,3917700,236.9025962600359,237.11728664606434,233.53896794342953,235.14920043945312,115531200,20.321332931518555,20.53333282470703,19.700000762939453,19.92799949645996,181000500
2019-01-23,63.583106675984325,63.72752280981021,63.583106675984325,63.679386138916016,2536100,236.17803449701725,236.87580568670793,233.181186544988,235.6412811279297,86030300,19.5,19.633333206176758,18.779333114624023,19.172666549682617,187950000
2019-01-24,63.79973481485816,63.85589631077663,63.775666476770816,63.8157844543457,2700300,235.46234089582398,236.34799345977734,234.451461356412,235.76649475097656,59204100,18.868667602539062,19.57866668701172,18.618667602539062,19.43400001525879,120183000
2019-01-25,63.75161231542477,63.791730301920886,63.71150045007399,63.743587493896484,2073100,237.6092467538253,238.58436242851107,235.86483311741233,237.76133728027344,96883400,19.625999450683594,19.90133285522461,19.303333282470703,19.80266761779785,108744000
2019-01-28,63.75157426788918,63.80773574277885,63.74354945115018,63.76762390136719,2938200,235.62338606355894,236.01697605824288,234.19205292689497,235.95437622070312,85613700,19.527332305908203,19.83066749572754,19.183332443237305,19.7586669921875,96349500
2019-01-29,63.8157967618492,63.89602661132813,63.8157967618492,63.896026611328125,1772300,236.09752558671568,236.66108795882667,234.80932842106972,235.6412811279297,66136300,19.684667587280273,19.90399932861328,19.453332901000977,19.83066749572754,69325500
2019-01-30,63.847874462434646,63.98426578563048,63.791712969286735,63.96019744873047,2961400,237.15311782437777,240.21256554741154,236.39271951061926,239.3716583251953,92473700,20.030000686645508,20.600000381469727,19.89933204650879,20.584667205810547,168754500
2019-01-31,64.168816268578,64.25706481933594,64.13672310414546,64.25706481933594,3698100,239.30908511102857,241.95703405197406,239.09436736417533,241.4739532470703,104012100,20.066667556762695,20.770666122436523,19.600000381469727,20.468000411987305,188538000
2019-02-01,64.17505513230488,64.25548385164605,64.02223627013406,64.07853698730469,3335000,241.67070360013417,242.61002867744705,240.80296018796835,241.59019470214844,85782500,20.3613338470459,21.073333740234375,20.233333587646484,20.81399917602539,109251000
2019-02-04,64.0302538769044,64.0302538769044,63.96590847414374,64.02220916748047,4078600,241.63490857696522,243.35251360542537,240.9639738049802,243.28988647460938,60744800,20.865333557128906,21.020000457763672,20.125333786010742,20.859333038330078,110281500
2019-02-05,64.10264247886974,64.18307730628298,64.09460390518106,64.15894317626953,2400300,243.71929701903028,244.61387672404788,243.21833456825289,244.30972290039062,79552800,20.832666397094727,21.496000289916992,20.816667556762695,21.42333221435547,101142000
2019-02-06,64.17501354434522,64.19109682326366,64.09458487712502,64.13479614257812,2724700,244.03238574275397,244.52439362076777,243.25410583006848,243.98764038085938,58347800,21.305999755859375,21.615999221801758,21.041332244873047,21.148000717163086,75577500
2019-02-07,64.17506075521563,64.21527205025049,64.14288803739665,64.18310546875,2474700,242.37744182669658,242.92312237490376,240.0068109279789,241.6617889404297,95482000,20.886667251586914,20.979999542236328,20.200000762939453,20.500667572021484,97809000
2019-02-08,64.23937551615846,64.32784891383444,64.21524138707954,64.27958679199219,1538700,240.41833753894525,242.05540667168086,239.59531205500326,241.95701599121094,75788900,20.455333709716797,20.496667861938477,19.899999618530273,20.386667251586914,87663000
2019-02-11,64.22328994210174,64.27959064069238,64.1911172377191,64.25546264648438,2600900,242.61004281578042,242.86945129093857,241.56337248015748,242.09117126464844,68021400,20.773332595825195,21.239999771118164,20.700000762939453,20.856000900268555,106945500
2019-02-12,64.22329326919049,64.25546597523983,64.19112056314114,64.24742126464844,1541200,243.70145808664165,245.58005395704043,243.62987640943152,245.204345703125,72270200,21.079999923706055,21.21266746520996,20.641332626342773,20.78733253479004,82764000
2019-02-13,64.18308212994819,64.19112070424102,64.11069200709898,64.15090942382812,1631600,246.03621807301033,246.84133422602136,245.61576458304654,246.00042724609375,65277200,20.823333740234375,20.850000381469727,20.3713321685791,20.544666290283203,77124000
2019-02-14,64.31179818985456,64.33592619713535,64.22332473894548,64.26354217529297,1895800,244.9180044645009,246.58193673483984,244.10393374358281,245.4547576904297,83234400,20.225332260131836,20.451332092285156,20.066667556762695,20.251333236694336,78012000
2019-02-15,64.25547072419005,64.28764343261719,64.23938743813481,64.28764343261719,1917900,247.22601295848074,248.16533794838358,247.02027711624203,248.12954711914062,97088700,20.299999237060547,20.53333282470703,20.260000228881836,20.525333404541016,58573500
2019-02-19,64.34391021728516,64.36803820180648,64.28760954129757,64.34391021728516,3792100,247.33335984756857,249.211955032135,247.3244053160837,248.55892944335938,59120800,20.437332153320312,20.769332885742188,20.364667892456055,20.375999450683594,62526000
2019-02-20,64.32787656129504,64.35200456442836,64.27961441871021,64.31983184814453,1768400,248.52321369738445,249.5162114781635,248.0222511901044,249.05996704101562,76610800,20.29400062561035,20.420000076293945,19.933332443237305,20.17066764831543,107131500
2019-02-21,64.20721338443717,64.20721338443717,64.15895125464928,64.19112396240234,3411400,248.42484345686026,248.78266994857734,247.21715515945522,248.1743621826172,64214700,20.12066650390625,20.215999603271484,19.366666793823242,19.415332794189453,133638000
2019-02-22,64.27956815655182,64.40825892906804,64.23935689237582,64.33586883544922,1936600,248.79163012418738,249.9098551216182,248.15648596976285,249.71307373046875,78114600,19.632667541503906,19.766666412353516,19.47333335876465,19.6473331451416,86109000
2019-02-25,64.31175231933594,64.33588030940739,64.27154104798848,64.31175231933594,2244600,251.13534796547899,251.6541921358243,249.9723780726855,250.05288696289062,69030700,19.860666275024414,20.19333267211914,19.799999237060547,19.917999267578125,99397500
2019-02-26,64.39217806989073,64.44044018415362,64.36000537248701,64.40022277832031,1405200,249.70397485816096,250.75061756253376,249.4982117494214,249.8739471435547,56844100,19.481332778930664,20.134000778198242,19.251333236694336,19.857332229614258,128737500
2019-02-27,64.36004322723532,64.36004322723532,64.22331378508507,64.27157592773438,1323000,249.15829721146872,250.1155039234547,248.2279540955296,249.76663208007812,56921600,20.118667602539062,21.086666107177734,20.036666870117188,20.982667922973633,167758500
2019-02-28,64.27153255301587,64.27153255301587,64.13479706682566,64.19914245605469,4028500,249.5519338490404,249.99029644590678,248.9794170639072,249.30145263671875,69268300,21.261333465576172,21.333332061767578,20.720666885375977,21.325332641601562,157810500
2019-03-01,64.12980444285877,64.15398817354426,64.00081634521484,64.00081634521484,3035000,250.87599029042724,251.26960763195135,249.4267752150031,250.8581085205078,78880500,20.46266746520996,20.475332260131836,19.459999084472656,19.652666091918945,343671000
2019-03-04,64.11372375488281,64.15403410187776,64.0653562588852,64.11372375488281,2531300,251.913673610794,252.155200325263,247.65546508632025,249.94558715820312,106494600,19.874666213989258,19.933332443237305,18.851999282836914,19.02400016784668,256452000
2019-03-05,64.07339194435094,64.1781901906788,64.06532864832795,64.16206359863281,1924500,250.07075911133893,250.2675676918102,249.05987991620924,249.60556030273438,59114600,18.799999237060547,18.933332443237305,18.00666618347168,18.43600082397461,281470500
2019-03-06,64.21849204686475,64.29910654497957,64.19430216198755,64.24267578125,1629000,249.7219682288629,249.73092276380123,247.7717906411017,248.0938262939453,75039800,18.43199920654297,18.767332077026367,18.292667388916016,18.416000366210938,155032500
2019-03-07,64.3636217586771,64.4603628877513,64.3233175677671,64.42811584472656,2322200,247.64648588473747,247.78962191252373,245.17746448154068,246.01837158203125,94885100,18.589332580566406,18.979999542236328,18.28333282470703,18.439332962036133,141637500
2019-03-08,64.46036816348985,64.53292555385758,64.39587407216187,64.50873565673828,4388500,244.16661570345593,245.69633953555666,243.7014440300641,245.5263671875,85795800,18.46066665649414,19.03933334350586,18.392667770385742,18.94266700744629,132294000
2019-03-11,64.51678276075167,64.51678276075167,64.46841527964445,64.47647857666016,1891100,246.24203489111082,249.24780979781647,246.21519859017263,249.0867919921875,65098900,18.90133285522461,19.41866683959961,18.700000762939453,19.39466667175293,110884500
2019-03-12,64.53289610013478,64.6457576331996,64.50870621405609,64.62963104248047,1958500,249.64138407228003,250.5449182155576,249.4535299980749,250.0260467529297,79667500,19.099332809448242,19.204666137695312,18.737333297729492,18.890666961669922,112561500
2019-03-13,64.6054830385887,64.62160963822706,64.57323598980767,64.59741973876953,1318600,250.91168968232336,252.6113854192015,250.75064461009535,251.68101501464844,80639200,18.926666259765625,19.465999603271484,18.84666633605957,19.263999938964844,102670500
2019-03-14,64.60544865307959,64.60544865307959,64.50065041319064,64.54095458984375,4058400,251.70793469576876,252.12838832842567,251.08174516442332,251.52008056640625,67518400,19.496667861938477,19.69266700744629,19.21933364868164,19.33066749572754,106551000
2019-03-15,64.64576767982645,64.7021984551288,64.60545734725626,64.6618881225586,1639300,252.0708142505132,253.57132732931038,251.88210530332043,252.76266479492188,81309000,18.900667190551758,18.9146671295166,18.293333053588867,18.36199951171875,221782500
2019-03-18,64.62965443782296,64.65383818216368,64.56516035258473,64.62159729003906,5344200,252.97826325088664,253.9756345843303,252.75363327910617,253.67910766601562,62199800,18.399999618530273,18.536666870117188,17.81999969482422,17.965999603271484,154215000
2019-03-19,64.55708554676768,64.63770005601809,64.54095895462191,64.5893325805664,2702400,254.7394829347921,255.50320320501433,252.85258493986163,253.7421112060547,90268100,17.833332061767578,18.219999313354492,17.56399917602539,17.83133316040039,177009000
2019-03-20,64.64578258405436,64.88762618375344,64.62965598711097,64.87150573730469,2528700,253.526398183946,254.7304116540192,251.8731247285923,252.97828674316406,84609200,17.979333877563477,18.33133316040039,17.753332138061523,18.239999771118164,103623000
2019-03-21,64.90373035113595,64.92791408769894,64.87954661457297,64.88760375976562,1980500,252.1607035260337,256.239965190846,252.11576106694608,255.8356475830078,79550400,18.17333221435547,18.43000030517578,17.89666748046875,18.26799964904785,89206500
2019-03-22,65.15365463365818,65.28264279723847,65.09722384971535,65.2423324584961,2734000,254.4789000838068,255.0000297509821,250.84887068471875,250.91177368164062,122659300,18.172000885009766,18.18666648864746,17.600000381469727,17.635332107543945,131184000
2019-03-25,65.25847342722359,65.44389243306026,65.20204262553351,65.32296752929688,2034000,250.5703534964687,251.75640688205587,249.4651910686538,250.72311401367188,85575200,17.31399917602539,17.545333862304688,16.964000701904297,17.3613338470459,153225000
2019-03-26,65.28262715194435,65.39548869278221,65.25843726419964,65.33905792236328,3527200,252.47512221855817,253.54436319608845,251.19024521888866,252.59193420410156,68125900,17.62933349609375,18.017332077026367,17.6286678314209,17.851333618164062,110263500
2019-03-27,65.44385575505349,65.54865399931633,65.42773531381792,65.45997619628906,2121900,252.58296505421913,253.1670250393392,249.72567779743594,251.27113342285156,72224700,17.916667938232422,18.357999801635742,17.8786678314209,18.32200050354004,131688000
2019-03-28,65.46806478871208,65.51643228160042,65.40357069786428,65.49224853515625,1818300,251.90011770045834,252.6728318312341,250.7500130593253,252.22357177734375,56238500,18.477333068847656,18.68866729736328,18.34000015258789,18.57466697692871,101611500
2019-03-29,65.36323315906304,65.45996809549064,65.35516986419678,65.44384765625,1937000,253.73317759578362,254.13749530534216,252.61002714590106,253.8140411376953,82186800,18.579999923706055,18.67733383178711,18.299999237060547,18.657333374023438,89869500
2019-04-01,65.34689947841105,65.34689947841105,65.15294553133708,65.18527221679688,4106700,255.8087003800633,257.12053213515975,255.53912787981554,256.8240051269531,77617900,18.841333389282227,19.280000686645508,18.75200080871582,19.278667449951172,121656000
2019-04-02,65.21758270263672,65.28223606360918,65.18526218783434,65.21758270263672,6305600,257.0127320980904,257.1834531340026,256.1591269185293,256.9498291015625,40070400,19.219999313354492,19.29599952697754,18.92533302307129,19.058666229248047,82183500
2019-04-03,65.12060032336011,65.16100404442905,65.08827364709512,65.12867736816406,2177300,258.16278854117206,258.55813955865335,256.75210547518907,257.3541259765625,68243200,19.154666900634766,19.744667053222656,19.14466667175293,19.45400047302246,118791000
2019-04-04,65.15290226350912,65.2013891766564,65.12057559951735,65.19330596923828,1586000,257.6777066608527,258.28869401697006,256.98585575060247,258.037109375,48997500,17.459333419799805,18.079999923706055,17.37266731262207,17.851999282836914,355810500
2019-04-05,65.14484126402662,65.24989833355338,65.13675805385293,65.2418212890625,2131700,258.7019475798009,259.33988924285876,258.41441453536396,259.2859802246094,58621700,17.99066734313965,18.406667709350586,17.74066734313965,18.33066749572754,195574500
2019-04-08,65.24990019639588,65.24990019639588,65.14484312386982,65.17716979980469,3794200,258.86360058977857,259.59139954862746,258.20767116115127,259.48358154296875,53566300,18.512666702270508,18.743999481201172,18.029333114624023,18.213333129882812,156156000
2019-04-09,65.28221498383478,65.31454165388266,65.2337280616039,65.27413177490234,1919100,258.522205126451,258.8456592016085,257.60572449284734,258.15380859375,66142300,18.110000610351562,18.333332061767578,17.974000930786133,18.15399932861328,88560000
2019-04-10,65.30646697082635,65.37920352935043,65.29838992652131,65.363037109375,3414300,258.567206187481,259.1243118700279,258.153894480387,259.0344543457031,52601500,18.44933319091797,18.558666229248047,18.19266700744629,18.40399932861328,105919500
2019-04-11,65.30647095987516,65.31455417035662,65.22565735210978,65.2499008178711,2641800,259.5194802721649,259.5284742454136,258.3963304420864,258.96240234375,55093100,17.886667251586914,18.03333282470703,17.706666946411133,17.89466667175293,147538500
2019-04-12,65.19333072069404,65.20949714166807,65.12060032336011,65.12867736816406,1821800,260.57077209913416,260.9930775507416,259.0073562411478,260.71453857421875,69727800,18.014667510986328,18.1299991607666,17.788667678833008,17.84666633605957,101190000
2019-04-15,65.12062346896462,65.16102720439413,65.11254025560461,65.14486694335938,1671300,260.7864442960236,260.88529575789886,259.7441577724898,260.5438537597656,49596700,17.908666610717773,17.92533302307129,17.242000579833984,17.7586669921875,150579000
2019-04-16,65.08020233348593,65.09636875741523,65.0155489691371,65.0317153930664,2002000,261.4243769759953,261.47828597657065,260.1215121472391,260.71453857421875,52153200,17.71666717529297,18.333332061767578,17.648000717163086,18.224000930786133,109093500
2019-04-17,65.0317153930664,65.11252901566034,65.02363218110175,65.0317153930664,1797500,261.8287579409137,261.8557124477344,259.6633211574548,260.07666015625,58268300,18.316667556762695,18.319332122802734,17.902666091918945,18.082000732421875,76897500
2019-04-18,65.13675809403001,65.16908476906191,65.08018795414489,65.12059783935547,1604600,260.6606420685019,260.8583175536374,259.36677115136985,260.5887451171875,68708500,18.082000732421875,18.32266616821289,17.983333587646484,18.21733283996582,88144500
2019-04-22,65.12061497596416,65.12061497596416,65.02363492534799,65.05596160888672,1840100,259.8250957710666,260.96620654252615,259.73523826780877,260.8134460449219,40160100,17.933332443237305,17.978666305541992,17.498666763305664,17.516666412353516,182206500
2019-04-23,65.13674834201495,65.17715822117552,65.11250488079138,65.16907501220703,2643500,261.1818444505832,263.39222387949684,260.9482478452623,263.1585998535156,52246600,17.343332290649414,17.706666946411133,17.049999237060547,17.593332290649414,164158500
2019-04-24,65.29841005071312,65.34689699421715,65.26608336648223,65.33881378173828,1370500,263.07769295982763,263.4101409908237,262.4307574273886,262.57452392578125,50392900,17.59000015258789,17.687999725341797,17.200000762939453,17.243999481201172,160912500
2019-04-25,65.33883787753746,65.36308135823003,65.27418448523267,65.32267761230469,1238100,262.47565322395,263.06867970360906,261.2267247054764,262.4127502441406,57770900,17.0,17.266666412353516,16.404666900634766,16.5086669921875,327741000
2019-04-26,65.4681396484375,65.50046634211424,65.44389616960154,65.4681396484375,1622500,262.45770657786915,263.7066351624023,261.6849650923547,263.634765625,50916400,16.433332443237305,16.44533348083496,15.408666610717773,15.675999641418457,335410500
2019-04-29,65.37921972979497,65.3953799880921,65.29840610694089,65.33072662353516,1737800,263.7246416311188,264.56925271334455,263.6347841375647,264.048095703125,57197700,15.723999977111816,16.26533317565918,15.477999687194824,16.097999572753906,250717500
2019-04-30,65.29841852818534,65.42771911621094,65.29841852818534,65.42771911621094,2376200,263.706646787458,264.47039433172,262.29599111609195,264.182861328125,81111700,16.137332916259766,16.28066635131836,15.800000190734863,15.912667274475098,141969000
2019-05-01,65.43986542443815,65.63428765945378,65.38315868170145,65.4317626953125,2035300,264.8118094680611,265.0184789347916,262.18811906270474,262.1971130371094,71671900,15.923333168029785,16.0,15.433333396911621,15.600666999816895,160566000
2019-05-02,65.38314100035187,65.39934645422078,65.23732281838042,65.28592681884766,2061100,262.08027190269394,262.99677972910905,260.1394656722656,261.6310119628906,65030200,16.368000030517578,16.475332260131836,15.847999572753906,16.273332595825195,272389500
2019-05-03,65.39124091294491,65.44794763790601,65.35883618717149,65.40744018554688,1877500,263.1047231539981,264.4704641506386,261.7389547366939,264.1919250488281,56543700,16.257333755493164,17.107332229614258,16.232667922973633,17.00200080871582,355602000
2019-05-06,65.50468507502725,65.5451925463785,65.47228033406074,65.48847961425781,2261500,259.8968915051246,263.54488025187277,259.5824040433734,263.1046142578125,107198100,16.667999267578125,17.22333335876465,16.566667556762695,17.022666931152344,162508500
2019-05-07,65.57756774369341,65.6180752006132,65.54516919484178,65.5856704711914,3223200,260.70559211160116,261.29861864665406,256.80601830897126,258.71087646484375,144729900,17.1200008392334,17.1473331451416,16.34000015258789,16.470666885375977,151971000
2019-05-08,65.63428688349474,65.66669161904281,65.53707885742188,65.53707885742188,4750500,258.3515319824219,260.0587150102727,257.7585053140955,258.3515319824219,91568300,16.46266746520996,16.706666946411133,16.280000686645508,16.32266616821289,92646000
2019-05-09,65.65861257994234,65.67481186175061,65.50469159018532,65.6019058227539,1926100,256.2848860812778,258.17175626704255,254.55072152918922,257.56976318359375,103471100,16.133333206176758,16.245332717895508,15.795999526977539,16.131999969482422,100671000
2019-05-10,65.60999505636887,65.6748045375202,65.5775903157932,65.59379577636719,4679900,256.6353379863347,259.6184316644171,253.65224430825242,258.8636779785156,112429300,15.983332633972168,16.132667541503906,15.73466682434082,15.968000411987305,105124500
2019-05-13,65.7152994413579,65.78010272954431,65.69909398388296,65.73149871826172,3427000,253.75997724140407,254.7213726000635,251.52264426461795,252.35826110839844,127290500,15.46733283996582,15.498000144958496,14.966667175292969,15.133999824523926,162522000
2019-05-14,65.74768591614698,65.78008446095683,65.73148046317264,65.77198791503906,4478100,253.37364746715613,256.1680589417973,253.24786892518065,254.64056396484375,77003200,15.286666870117188,15.633333206176758,15.199999809265137,15.487333297729492,108786000
2019-05-15,65.89351892558828,65.90972438373119,65.79631089901638,65.86921691894531,1940900,253.01427522562122,256.77008271546595,252.80760572827901,256.13214111328125,73956400,15.288000106811523,15.496000289916992,15.016667366027832,15.463333129882812,109440000
2019-05-16,65.81248918633608,65.81248918633608,65.75578246206473,65.77198791503906,1862700,256.8330106305001,259.86101931664007,256.7611410796038,258.5042724609375,76749600,15.299332618713379,15.399999618530273,15.100000381469727,15.222000122070312,112249500
2019-05-17,65.8611354838333,65.86923203419131,65.74772197309309,65.78822326660156,1615200,256.20399924622245,259.31287068694866,256.18601129747526,256.83294677734375,100353000,14.797332763671875,14.815999984741211,13.928000450134277,14.0686674118042,266800500
2019-05-20,65.78823840048277,65.8206431510876,65.70722961425781,65.70722961425781,2188000,255.2336049280397,256.94078755040437,254.3889938816998,255.13478088378906,62877600,13.520000457763672,13.733332633972168,13.016667366027832,13.690667152404785,307893000
2019-05-21,65.7071559960369,65.71525871975338,65.65855201487261,65.67475128173828,1747000,256.82398306292055,257.8123606375981,256.57239853669876,257.43499755859375,46847100,13.184000015258789,13.826666831970215,13.06933307647705,13.67199993133545,270058500
2019-05-22,65.7152407163787,65.83675063600052,65.7152407163787,65.79624938964844,4000500,256.48259057914987,257.59674680267347,256.16810303909295,256.6443176269531,49482500,13.273332595825195,13.595999717712402,12.785332679748535,12.84866714477539,280278000
2019-05-23,65.86918824498679,66.08791857069937,65.86918824498679,66.03121185302734,5334000,254.42491861053117,254.46983364087836,252.09775517308566,253.50843811035156,98733800,12.956000328063965,13.29800033569336,12.414667129516602,13.03266716003418,398206500
2019-05-24,66.03121185302734,66.04741112354705,65.99070440587504,66.03121185302734,1770100,254.9461135870853,255.35945262328002,253.4635607364856,254.0835418701172,55268100,13.321999549865723,13.331999778747559,12.583333015441895,12.708666801452637,212049000
2019-05-28,66.13653295640485,66.17704040992304,66.08792895663873,66.16893768310547,1910600,254.3620492097785,255.31447831235778,251.7024374188396,251.72039794921875,70029400,12.74666690826416,13.0,12.523332595825195,12.579999923706055,154693500
2019-05-29,66.22563884264164,66.31475028843508,66.1527328491211,66.1527328491211,3142700,250.60623972127644,251.01055730636347,248.62948456977267,250.0311737060547,104972900,12.473333358764648,12.826000213623047,12.336000442504883,12.657333374023438,179529000
2019-05-30,66.21755728427166,66.35527895034008,66.16085054432742,66.33097076416016,2253600,250.7859350955703,251.6215796387543,249.6178699191781,250.7140655517578,62523800,12.583333015441895,12.817333221435547,12.468000411987305,12.54800033569336,118897500
2019-05-31,66.46059449671584,66.62261199951172,66.4200870307311,66.62261199951172,5898700,248.1712922154684,248.9979154505843,247.30869307361624,247.3356475830078,86862800,12.34000015258789,12.661333084106445,12.273332595825195,12.343999862670898,156100500
2019-06-03,66.69814069344172,66.84430195188689,66.61694137099688,66.81182098388672,3787000,247.37159172372733,248.48574798655588,245.37687580180707,246.70669555664062,96428000,12.36733341217041,12.445332527160645,11.799332618713379,11.9313325881958,195966000
2019-06-04,66.71435606247948,66.75495260897861,66.60879141234287,66.69811248779297,2906700,248.99791717121533,252.1966469375377,248.54865706447725,252.06187438964844,77231900,12.073332786560059,12.932000160217285,11.973999977111816,12.90666675567627,207112500
2019-06-05,66.73059344205743,66.81179273016427,66.64127236660731,66.69811248779297,7341700,253.67919765838639,254.2722242847403,251.87319069063545,254.24526977539062,71169700,13.245332717895508,13.41866683959961,12.789999961853027,13.105999946594238,202662000
2019-06-06,66.72248895204304,66.79557266686163,66.64128964288585,66.68189239501953,2995300,254.54178226538465,256.5724191686605,253.89484665726926,255.89852905273438,69430400,13.629332542419434,14.066666603088379,13.453332901000977,13.729999542236328,303633000
2019-06-07,66.87675535464557,66.94983285619149,66.8117934454212,66.86051177978516,2490100,256.9138642871934,259.53755523499956,256.74314326213107,258.4593200683594,74272200,13.666666984558105,14.055999755859375,13.566666603088379,13.633333206176758,240052500
2019-06-10,66.79560266854308,66.79560266854308,66.69815973672121,66.72251892089844,2417400,260.0047577816279,261.3076228990596,259.5554977301904,259.6453552246094,60799100,14.016667366027832,14.462667465209961,13.934000015258789,14.192000389099121,158775000
2019-06-11,66.68190413951206,66.73062249456495,66.64942317110636,66.67378234863281,3362100,261.46033152755564,261.8287280257867,258.9354924680753,259.5824279785156,58641300,14.609333038330078,14.726667404174805,14.233332633972168,14.473333358764648,174802500
2019-06-12,66.70625338638358,66.7874526977539,66.6900098070433,66.7874526977539,1904400,259.3488365521413,259.9059145875843,258.6120435410981,259.12420654296875,47096300,14.863332748413086,14.892000198364258,13.933333396911621,13.950667381286621,227962500
2019-06-13,66.82805315707778,66.93361163872481,66.81993136768642,66.90113067626953,1946300,260.03178488018204,260.55294204090757,259.33094010111313,260.1935119628906,48945200,14.025333404541016,14.326666831970215,13.833999633789062,14.260666847229004,122524500
2019-06-14,66.8361646422421,66.92548573472507,66.82804904845983,66.90924835205078,2260700,259.90594482421875,260.50793796326803,259.1421972200491,259.90594482421875,52324700,14.083333015441895,14.44333267211914,14.026666641235352,14.32800006866455,111501000
2019-06-17,66.82804904845983,66.93360752361708,66.82804904845983,66.90924835205078,2792600,260.13956380841864,260.76853892968074,259.8340702245848,260.0047912597656,39205700,14.36533260345459,15.133333206176758,14.284667015075684,15.001999855041504,184752000
2019-06-18,67.12036102773992,67.16907936327323,67.01479637393935,67.06351470947266,3342000,261.81977777473696,263.7785449569694,261.4603478082686,262.7272644042969,85434800,15.248000144958496,15.649333000183105,14.837332725524902,14.982666969299316,190737000
2019-06-19,66.97419673930962,67.29087829589844,66.94983137755713,67.29087829589844,2496900,262.86208891416766,263.85046667610106,261.8916991065089,263.3203430175781,78674400,15.007332801818848,15.184666633605957,14.737333297729492,15.095333099365234,98626500
2019-06-20,67.41266834723878,67.50198941401148,67.38019359123778,67.39643096923828,2171600,265.9978750491621,266.24046558371964,263.3831784940885,265.83612060546875,116570000,14.866666793823242,15.126667022705078,14.423333168029785,14.641332626342773,177952500
2019-06-21,67.27462528979554,67.29086886201993,67.1609450646554,67.20966339111328,2398100,265.5671176917623,266.82212083031214,265.2330527028107,265.4497375488281,83309500,14.414667129516602,14.812000274658203,14.366666793823242,14.790666580200195,123031500
2019-06-24,67.29901622770606,67.37209994700639,67.27465705297612,67.33149719238281,2803800,265.6573967423069,265.97338627298683,264.9711913645555,265.12469482421875,47582700,14.88266658782959,15.057332992553711,14.73466682434082,14.909333229064941,86262000
2019-06-25,67.38833118143886,67.43705572156232,67.3071318747131,67.35585021972656,2699800,265.17891396740316,265.2059995764725,262.41607162622273,262.5244140625,82028700,14.959333419799805,15.022666931152344,14.63266658782959,14.650667190551758,92731500
2019-06-26,67.33960038955105,67.34772217725542,67.19343918641673,67.2015609741211,2195800,263.41824118962137,263.92385754593755,262.1542002988309,262.2625427246094,51584900,14.687333106994629,15.148667335510254,14.539999961853027,14.618000030517578,127608000
2019-06-27,67.3071099024656,67.42079013379302,67.25839157335612,67.39643096923828,2021400,263.0210145283139,263.6981823651526,262.6418159699409,263.19256591796875,40355200,14.630000114440918,14.859999656677246,14.489999771118164,14.855999946594238,95095500
2019-06-28,67.36396413179848,67.4695225986876,67.35584234354262,67.45328521728516,2554600,264.1676793995476,265.04348425035056,263.65305277697564,264.5469055175781,59350900,14.732666969299316,15.011333465576172,14.720000267028809,14.897333145141602,102771000
2019-07-01,67.48096702781804,67.51351781184479,67.35073905326462,67.44841003417969,2354400,267.8694855427903,268.0861979498704,265.7476878432094,266.94854736328125,78705600,15.347332954406738,15.539999961853027,15.085332870483398,15.14466667175293,123201000
2019-07-02,67.48906026781981,67.60300657093225,67.44022791208813,67.5785903930664,3127100,266.9034220756254,267.6979700486466,266.06374060351243,267.643798828125,61504500,15.259332656860352,15.276666641235352,14.814666748046875,14.970000267028809,138885000
2019-07-03,67.64374855192916,67.73327873569207,67.61933235810507,67.70072174072266,1720800,268.3208916824014,269.80164477374774,268.1764259500246,269.7835693359375,40898900,15.959333419799805,16.10466766357422,15.633999824523926,15.65999984741211,213016500
2019-07-05,67.41584251101429,67.43211790048565,67.24492297831716,67.38328552246094,2356800,268.55562454830994,269.6391036536074,267.26449836154364,269.4765625,51677300,15.637999534606934,15.696666717529297,15.386667251586914,15.539999961853027,105985500
2019-07-08,67.45656487980219,67.48912188321606,67.35890007917402,67.37517547607422,1761500,268.1674620091727,269.2960749060107,267.45417094324387,267.99591064453125,45841800,15.416000366210938,15.483332633972168,15.244000434875488,15.355999946594238,88207500
2019-07-09,67.3832926190128,67.3832926190128,67.27748705227934,67.2856216430664,1839400,266.84007125789776,268.62777550806595,266.7859000717721,268.329833984375,41101300,15.264666557312012,15.399999618530273,15.152000427246094,15.337332725524902,92862000
2019-07-10,67.36702941846752,67.39958641934209,67.29378082370948,67.34261322021484,2097200,269.39537569112645,270.56011189882554,268.8626737180611,269.612060546875,58448500,15.609999656677246,15.929332733154297,15.542667388916016,15.928000450134277,137185500
2019-07-11,67.31816131458166,67.366993685185,67.09026863895313,67.1228256225586,3024100,270.2530257538709,270.4877584035389,269.2417934211066,270.2439880371094,50826100,15.87600040435791,16.100000381469727,15.720000267028809,15.90666675567627,112716000
2019-07-12,67.12283639226416,67.2042257595317,67.09842020304497,67.1798095703125,2265000,270.7317086667794,271.52625667648226,270.42472921830876,271.4540100097656,40326000,15.983332633972168,16.358667373657227,15.980667114257812,16.338666915893555,138007500
2019-07-15,67.1716464599654,67.27745819091797,67.1716464599654,67.27745819091797,2245900,271.8872920895059,271.8872920895059,271.0385732165695,271.544189453125,33900000,16.53333282470703,16.961332321166992,16.323999404907227,16.899999618530273,165001500
2019-07-16,67.1635353621544,67.21237395557796,67.11470297834222,67.18795776367188,2294100,271.4539059829256,271.6615806276131,270.3614166652641,270.66839599609375,36650100,16.6200008392334,16.902000427246094,16.528667449951172,16.825332641601562,122235000
2019-07-17,67.28564479125686,67.3995911975895,67.26122859127321,67.3914566040039,2062300,270.6412641610423,270.8037777400687,268.8264465332031,268.8264465332031,36036300,17.044666290283203,17.220666885375977,16.889999389648438,16.99066734313965,146470500
2019-07-18,67.36700830450243,67.53793405792611,67.33445752344281,67.51351165771484,3323200,268.32991298102115,270.18986439626957,267.88750564607955,269.8106384277344,51392600,17.003332138061523,17.049999237060547,16.792667388916016,16.902666091918945,71379000
2019-07-19,67.43214392632092,67.48911712587578,67.399586925202,67.4402847290039,2167300,270.90314927048956,270.93023487092404,268.14030781010166,268.3118591308594,58678600,17.04599952697754,17.33066749572754,16.974666595458984,17.211999893188477,105726000
2019-07-22,67.57048483898573,67.57862563905616,67.48909546711462,67.51351165771484,1725500,268.7091319171699,269.5127173993327,268.19450545816716,268.9709777832031,43638100,17.25,17.476667404174805,16.945999145507812,17.045333862304688,102636000
2019-07-23,67.48098063490114,67.51353142549154,67.40772583204061,67.45655822753906,1799600,270.090607031503,270.8941650390625,269.259935864137,270.8941650390625,44564500,17.11400032043457,17.365333557128906,16.96666717529297,17.344667434692383,75346500
2019-07-24,67.51351905011242,67.57863303858339,67.49724365780054,67.52165985107422,2535800,270.1357635765845,272.1672668457031,270.04546903159616,272.1672668457031,47213200,17.277999877929688,17.738000869750977,17.21066665649414,17.658666610717773,166092000
2019-07-25,67.49724241983142,67.51351781184479,67.33446366125125,67.44841003417969,2199000,271.71578443902234,271.76995564778645,270.0634799096485,270.8670654296875,55394100,15.566666603088379,15.633333206176758,15.036666870117188,15.254667282104492,336274500
2019-07-26,67.48910161901892,67.48910161901892,67.41585304054134,67.44841003417969,2413500,271.55327198811625,272.88052171662747,271.4268541311043,272.681884765625,45084100,15.128000259399414,15.350666999816895,14.816666603088379,15.202667236328125,150415500
2019-07-29,67.52166985306206,67.52981065522975,67.45655585494576,67.4891128540039,1771900,272.5644676648038,272.68184778639005,271.63449196441434,272.18524169921875,38126500,15.13933277130127,15.72933292388916,15.0686674118042,15.718000411987305,139099500
2019-07-30,67.50535055698666,67.51348514425148,67.42395500746964,67.47279357910156,1968800,270.7858119974368,271.9234625037329,270.4065859773304,271.51715087890625,45849000,15.526666641235352,16.224000930786133,15.478667259216309,16.150667190551758,121635000
2019-07-31,67.48912335747252,67.67632457878824,67.3751769478416,67.55423736572266,2628700,271.7608869474775,271.9505137105572,266.53317301954223,268.5466003417969,104245200,16.200000762939453,16.44533348083496,15.776666641235352,16.107332229614258,137673000
2019-08-01,67.68719113746842,68.07061962960441,67.66271803781451,68.0379867553711,3278400,268.700115526861,271.65255641303344,265.4135821381002,266.2081298828125,142646600,16.176666259765625,16.30066680908203,15.451333045959473,15.59000015258789,123892500
2019-08-02,68.07060047235296,68.13585997836913,68.0134945145372,68.10323333740234,5392400,265.314330902532,265.5581013739478,262.650793388134,264.2037658691406,116749700,15.423333168029785,15.751333236694336,15.281999588012695,15.62266731262207,92047500
2019-08-05,68.33168260835977,68.4458945665121,68.28273018051955,68.39694213867188,4284300,260.1135390496407,260.22188142527705,254.362134992843,256.2582092285156,178745400,15.30666732788086,15.424667358398438,15.052000045776367,15.221332550048828,105424500
2019-08-06,68.42140014448813,68.58455825555559,68.38876727745804,68.56824493408203,4939700,258.1453280546701,260.0684884974278,256.67361269034296,259.8517761230469,120711700,15.458666801452637,15.5,15.050000190734863,15.383333206176758,83463000
2019-08-07,68.89456115621695,68.93535379602531,68.5519253885255,68.56824493408203,5516400,256.78201534695285,260.7728029003708,254.65120730275834,260.0053405761719,140572300,15.100000381469727,15.571332931518555,15.053333282470703,15.561332702636719,71647500
2019-08-08,68.44587329537593,68.66613736790757,68.35613446698969,68.62535095214844,3244200,261.4951276540409,265.106689453125,260.9443777056149,265.106689453125,87713900,15.630000114440918,15.986666679382324,15.510000228881836,15.886667251586914,79114500
2019-08-09,68.6579800177854,68.72323952420335,68.48665591920073,68.50297546386719,2832800,264.1676091836573,264.76352003700896,261.5221474446139,263.30084228515625,93730000,15.736666679382324,15.93066692352295,15.587332725524902,15.667332649230957,58473000
2019-08-12,68.71511507994428,68.86195992372477,68.6743224250832,68.80484771728516,3008000,261.80215203989064,263.291916026931,259.14765145758554,260.095703125,65527600,15.53266716003418,15.718000411987305,15.25,15.267333030700684,69958500
2019-08-13,68.83746891897682,68.86194824219204,68.6335181274396,68.69878387451172,3299800,259.7975434715182,265.5850713146345,259.45444088441707,264.14044189453125,94299800,15.253999710083008,15.733332633972168,15.170000076293945,15.666666984558105,72721500
2019-08-14,68.95986343998314,69.00065610141218,68.89459767133118,68.94355010986328,3395400,260.0955384148288,260.7004593066789,256.2040845769867,256.3304748535156,135622100,15.413999557495117,15.433333396911621,14.446000099182129,14.641332626342773,143439000
2019-08-15,69.07408713135935,69.35961713750207,69.0169811301308,69.27803802490234,4358100,257.2154567222614,257.9016623373555,254.9672681362208,257.0077819824219,99556600,14.723999977111816,14.77066707611084,14.103333473205566,14.37600040435791,122394000
2019-08-16,69.15561454533203,69.22904004864226,69.00876976279426,69.2045669555664,3913600,258.6600201444486,261.23323542718947,257.06188669690755,260.79986572265625,83018300,14.444000244140625,14.815999984741211,14.40133285522461,14.662667274475098,76477500
2019-08-19,68.96801589524483,69.04959498535597,68.93538301438325,68.98432922363281,3640100,263.81550422440336,264.6190622184229,263.13833653723043,263.94189453125,53571800,14.947333335876465,15.188667297363281,14.779999732971191,15.121999740600586,79644000
2019-08-20,69.1311778473384,69.16381072998047,69.08223163541828,69.16381072998047,2568100,263.4362519312439,263.9689538188934,261.79301278192634,261.9194030761719,51596400,15.174667358398438,15.272666931152344,14.969332695007324,15.057332992553711,61878000
2019-08-21,69.09853167441572,69.25353628113075,69.0577452470224,69.13116455078125,2532300,264.07731753557846,264.42039264271136,263.3911122132719,264.05023193359375,49524700,14.800666809082031,14.881333351135254,14.506667137145996,14.722000122070312,116914500
2019-08-22,69.05773157666559,69.15562396229906,68.9679927404459,69.00062561035156,3232600,264.75444001961625,265.3864464762261,262.19924593376106,263.9689025878906,51666400,14.853333473205566,15.026666641235352,14.54800033569336,14.8100004196167,98385000
2019-08-23,68.97614711451847,69.3269426584398,68.95166779594281,69.2535171508789,3100100,262.66887506036954,264.33019001252563,255.94233087198558,257.1883239746094,149161500,14.664667129516602,14.744667053222656,14.066666603088379,14.09333324432373,128079000
2019-08-26,69.28616355902004,69.33510975757098,69.16379183855844,69.21273803710938,2358800,259.3732289407894,260.0323486328125,257.8473424684489,260.0323486328125,72423800,14.239999771118164,14.334667205810547,14.102666854858398,14.333333015441895,75778500
2019-08-27,69.31877743827529,69.45746244555717,69.29430434570585,69.44930267333984,2450800,261.42284451272855,261.7930328129497,258.253690992949,259.0121154785156,66668900,14.38266658782959,14.58666706085205,14.135333061218262,14.272000312805176,81243000
2019-08-28,69.57982990705088,69.58798967877269,69.4574582275525,69.4737777709961,3352400,258.3529896937288,260.9984511070822,257.5494042686789,260.8359375,59696700,14.246000289916992,14.483332633972168,14.154000282287598,14.37266731262207,48382500
2019-08-29,69.44115843053733,69.44115843053733,69.30246718058784,69.43299865722656,2812400,263.3911301931494,264.69129428520955,262.3889077432596,264.1676025390625,57899400,14.600000381469727,14.893333435058594,14.533332824707031,14.780667304992676,77692500
2019-08-30,69.3677292430956,69.48194116706067,69.3432561485435,69.42483520507812,2861800,265.6483375587326,265.6663854420489,263.1202561934248,264.05023193359375,62901200,15.276666641235352,15.496000289916992,14.947333335876465,15.040666580200195,139809000
2019-09-03,69.48043008412306,69.64394942314937,69.36595906136911,69.48860168457031,3345800,262.3528412178477,263.2647416845759,261.17906729483354,262.5063171386719,69101400,14.938667297363281,15.263333320617676,14.87733268737793,15.000666618347168,80311500
2019-09-04,69.47227585050825,69.62762364187004,69.45592016833066,69.61944580078125,2864100,264.6732746057014,265.5039182477998,263.9238602297381,265.4858703613281,46887300,15.12600040435791,15.230667114257812,14.61400032043457,14.711999893188477,86415000
2019-09-05,69.37413121838817,69.41501416872816,69.15337950499449,69.2596664428711,3162800,267.9687365404941,269.81061234095563,265.44966567154756,268.8987121582031,83258100,14.833333015441895,15.319999694824219,14.723333358764648,15.305333137512207,110929500
2019-09-06,69.30056157379478,69.37414341190494,69.26785645534686,69.34143829345703,2764600,269.21484582472306,269.7475478604389,268.5376780168426,269.1064758300781,49584300,15.146666526794434,15.309332847595215,15.011333465576172,15.16333293914795,62841000
2019-09-09,69.06344307059997,69.12885329700867,69.006210681958,69.0225601196289,2618400,270.0906319733859,270.1808989649801,268.3028991645869,269.2419128417969,51260300,15.333333015441895,15.583999633789062,15.281999588012695,15.452667236328125,72040500
2019-09-10,68.97354593298779,68.98989538022661,68.64650084741571,68.67102813720703,2425900,268.48343727792104,269.24188935174453,267.2284341315708,269.1786804199219,57947100,15.386667251586914,15.702667236328125,15.262666702270508,15.702667236328125,73255500
2019-09-11,68.61380941172774,68.71192482834498,68.60563780541021,68.63016510009766,2030200,269.48569071099945,271.17409129973674,268.8356085403277,271.09283447265625,68821100,15.825332641601562,16.544666290283203,15.733332633972168,16.47333335876465,150642000
2019-09-12,68.80179275747113,68.82632002733132,68.45839850370625,68.49927520751953,3025200,271.995614965798,273.08810416057753,271.2371906654044,272.03173828125,72908700,16.51333236694336,16.899999618530273,16.293333053588867,16.391332626342773,128718000
2019-09-13,68.3684690506213,68.40934575923461,68.09865657475369,68.1068344116211,3111300,272.4742538818412,272.8263943509441,271.48106896722373,271.85125732421875,62104800,16.464000701904297,16.56333351135254,16.32466697692871,16.34666633605957,79696500
2019-09-16,68.29491337541275,68.35214578489663,68.19680423793454,68.28673553466797,2971000,270.72269561213284,271.8964698439727,270.37058263040365,271.0116271972656,58191200,16.399999618530273,16.495332717895508,16.077999114990234,16.187332153320312,70921500
2019-09-17,68.33578304977434,68.49930240567625,68.27855065142231,68.44207000732422,2974900,270.81294193474486,271.78805141832373,270.6413905587591,271.6977844238281,41475500,16.1646671295166,16.373332977294922,16.024667739868164,16.319332122802734,57981000
2019-09-18,68.58921945295424,68.7118620522109,68.45022741813216,68.49110412597656,2557800,271.3095435402211,271.9686634906912,269.2780400199562,271.8603210449219,73375800,16.333332061767578,16.544666290283203,16.158000946044922,16.232667922973633,62553000
2019-09-19,68.67103126105589,68.68738694690491,68.56474425450308,68.58927154541016,2631100,272.24853581465317,273.2417207457767,271.5081590883585,271.84222412109375,76560500,16.399999618530273,16.529333114624023,16.32266616821289,16.440000534057617,71937000
2019-09-20,68.67103091126488,68.84272818460627,68.63832577759989,68.83455657958984,2436700,272.4444725268905,272.7256865360811,269.7686626835575,270.55780029296875,89565000,16.432666778564453,16.463333129882812,15.87733268737793,16.041332244873047,95295000
2019-09-23,68.92448129656778,69.05529556898966,68.87542048627745,68.88359832763672,2365800,269.8957217776606,271.21096999563537,269.6417460568221,270.494384765625,43476800,16.0,16.345333099365234,15.947999954223633,16.082000732421875,65103000
2019-09-24,68.96534163252095,69.13703883305637,68.94081435213928,69.12068939208984,3043500,271.5827026529989,271.97273161522907,267.41022319495477,268.3717041015625,94869400,16.101333618164062,16.132667541503906,14.840666770935059,14.880666732788086,193372500
2019-09-25,69.03894071414268,69.04711231699633,68.74460082692674,68.79365539550781,3009500,268.45341435241266,270.40358741300247,266.97490242905855,269.9591369628906,71854000,14.970666885375977,15.26533317565918,14.557332992553711,15.24666690826416,141406500
2019-09-26,68.93263122137002,68.98169201623115,68.87539882558477,68.9081039428711,2909900,269.9682111328825,270.17681716965757,267.99082742388725,269.3967590332031,56179700,15.37733268737793,16.220666885375977,15.15999984741211,16.17066764831543,178267500
2019-09-27,68.89996926612285,69.01444036726647,68.89996926612285,68.98173522949219,2778400,270.1496138053091,270.2584842358922,266.394400547626,267.9454650878906,84746600,16.14666748046875,16.58066749572754,15.915332794189453,16.142000198364258,166746000
2019-09-30,68.8917543901196,69.0634515771936,68.86722711166092,69.03074645996094,5258400,268.4625344992536,269.8956770404428,268.41719257426433,269.18817138671875,51662400,16.200000762939453,16.26533317565918,15.740667343139648,16.058000564575195,88197000
2019-10-01,68.86853720627415,69.25363857396613,68.843950681606,69.09796142578125,5383100,270.0679131700186,270.72099718134706,265.7684595761757,265.98614501953125,88242400,16.100000381469727,16.39666748046875,15.942000389099121,16.312667846679688,92439000
2019-10-02,69.23724682834448,69.31918314828745,69.17169527185392,69.25363159179688,3741400,264.4078850320209,264.41696448642426,259.99958846909385,261.28759765625,122539500,16.21933364868164,16.309999465942383,15.961999893188477,16.208667755126953,84471000
2019-10-03,69.33556725301139,69.58957169492231,69.32737174643172,69.4830551147461,3149600,261.0608737824399,263.4555248952082,258.3487738908161,263.4283142089844,85278800,15.457332611083984,15.631999969482422,14.95199966430664,15.535332679748535,226267500
2019-10-04,69.53222675988249,69.6305541005275,69.49945097966749,69.5977783203125,3309600,264.0813879558739,267.2470176140269,264.0269389043035,266.9930419921875,65091200,15.440667152404785,15.652000427246094,15.204667091369629,15.428667068481445,119925000
2019-10-07,69.483070179893,69.54861549272212,69.40932310736606,69.41751861572266,4701400,266.19480049123445,267.818445039267,265.5598476544299,265.8410339355469,59610500,15.319999694824219,15.904000282287598,15.236666679382324,15.847999572753906,120963000
2019-10-08,69.57321740057719,69.58140665940323,69.40114294374871,69.45030975341797,3876100,263.99065687623875,264.72537300214316,261.67763808472165,261.71392822265625,95708100,15.724666595458984,16.262666702270508,15.633333206176758,16.003332138061523,130173000
2019-10-09,69.46667588764147,69.46667588764147,69.31099249291309,69.36835479736328,3187900,263.7275882237998,265.13351958206624,263.10171486269707,264.1992492675781,62359400,16.08799934387207,16.48666763305664,16.043333053588867,16.302000045776367,103416000
2019-10-10,69.29459631091552,69.31098107281525,69.11433267331893,69.15530395507812,3683300,264.117604480698,266.865993928109,263.95434039818133,265.98614501953125,55296300,16.351999282836914,16.618667602539062,16.10533332824707,16.31599998474121,94249500
2019-10-11,68.95045004540589,68.96683480492847,68.7947666989159,68.90128326416016,3411200,268.7346034051052,270.9750422719158,268.6167088805522,268.7436828613281,98720400,16.476667404174805,16.738666534423828,16.45400047302246,16.525999069213867,127131000
2019-10-14,69.02420335469763,69.03239886161431,68.96684730896118,69.0160140991211,1600400,268.4262380580679,269.0974812285745,268.09970977074494,268.44439697265625,40394800,16.52666664123535,17.23666763305664,16.475332260131836,17.130666732788086,153075000
2019-10-15,68.97505440821887,69.01602569834797,68.80298624209072,68.83576202392578,2408500,269.4874853651235,271.8458464973218,269.3695631563232,271.10205078125,46754500,17.18000030517578,17.333332061767578,16.941333770751953,17.19266700744629,96492000
2019-10-16,68.86852746004179,68.95046377665001,68.84394093885311,68.90949249267578,2549900,270.6394458056109,271.35603084525394,270.2312854776649,270.6666564941406,48928200,17.159332275390625,17.47333335876465,17.128000259399414,17.316667556762695,100261500
2019-10-17,68.89310772989023,68.9996243163469,68.84394093885311,68.90949249267578,2420600,271.8276926759577,272.33564398394304,270.7754999147679,271.4648742675781,45736600,17.5,17.652000427246094,17.344667434692383,17.46466636657715,71539500
2019-10-18,68.9422836303711,69.02421996523525,68.93408812148218,68.9422836303711,2467600,270.9297872692361,271.5737921984772,269.42406416044315,270.2767028808594,64304000,17.3799991607666,17.520000457763672,17.00666618347168,17.1299991607666,86247000
2019-10-21,68.86852843138769,68.90129795742097,68.77839660644531,68.77839660644531,2328000,271.5918531611871,272.30841046123777,271.15645449887944,272.1088562011719,39048600,17.222000122070312,17.299999237060547,16.678667068481445,16.899999618530273,75304500
2019-10-22,68.91767427502174,68.9422545399751,68.80296220434668,68.90128326416016,4545600,272.64394157592534,272.93420726927076,271.12916766106264,271.2198791503906,48594700,16.954666137695312,17.222000122070312,16.72333335876465,17.038667678833008,69012000
2019-10-23,69.00781382693822,69.03239409465074,68.9258775174499,68.93406677246094,4250400,270.965950615548,272.0634850874928,270.75731692201106,272.0090637207031,34352200,16.96666717529297,17.076000213623047,16.75666618347168,16.978666305541992,78916500
2019-10-24,68.97505941458509,69.04880024056034,68.92589886393492,68.9422836303711,2353700,272.9433722970273,273.08850518920275,271.62812449255955,272.45355224609375,35453100,19.891332626342773,20.32866668701172,19.280000686645508,19.978666305541992,445813500
2019-10-25,68.98328969181914,68.98328969181914,68.78663488741897,68.82760620117188,2157500,271.8820987429654,274.1134858073228,271.82767736883653,273.5692443847656,45205400,19.847999572753906,22.0,19.74066734313965,21.875333786010742,450091500
2019-10-28,68.69645373267053,68.70464923981268,68.63090842955434,68.68006896972656,2861600,274.7847083190437,275.61013608971376,274.75749763127527,275.1112365722656,42147000,21.836000442504883,22.722667694091797,21.50666618347168,21.847333908081055,283054500
2019-10-29,68.77019633660355,68.77019633660355,68.68006451790323,68.69644927978516,2729800,274.8390967416614,275.9547901689378,274.7120950931229,275.0295715332031,44284900,21.332666397094727,21.6200008392334,20.983333587646484,21.08133316040039,190264500
2019-10-30,68.77841694406486,68.92590486018781,68.73744564739764,68.91770935058594,2831800,275.2290756919439,276.24497797030693,273.9229077108311,275.87310791015625,49643900,20.866666793823242,21.252666473388672,20.6646671295166,21.000667572021484,144627000
2019-10-31,69.10616946736205,69.25365739875606,69.07339992824589,69.24546813964844,3058400,275.8641533549526,275.8641533549526,273.6872149612356,275.13848876953125,69053800,20.873332977294922,21.266666412353516,20.866666793823242,20.994667053222656,76005000
2019-11-01,69.18385314941406,69.27418271704502,69.06888938425745,69.18385314941406,2771900,276.5805811819341,277.73253672446293,276.41728944228794,277.68719482421875,71141500,21.08799934387207,21.09866714477539,20.65333366394043,20.887332916259766,95758500
2019-11-04,69.01963357971658,69.02784080368541,68.94572470860189,68.98678588867188,2444500,279.2383466387265,279.37440006354313,278.4310501827038,278.8029479980469,60606900,20.98666763305664,21.46266746520996,20.617332458496094,21.1646671295166,131805000
2019-11-05,68.80610858689938,68.81432207376005,68.6665106355422,68.74862670898438,2890600,279.00251914201027,279.30186437599883,278.2043020930648,278.49456787109375,42933200,21.308000564575195,21.567333221435547,21.07466697692871,21.148000717163086,104151000
2019-11-06,68.77324612362656,68.9292710151719,68.75682541848923,68.89642333984375,3147000,278.494543609944,278.83015127599856,277.61469457781413,278.55804443359375,46487100,21.200000762939453,21.781333923339844,20.96666717529297,21.77199935913086,119113500
2019-11-07,68.66653513576144,68.66653513576144,68.37091215384743,68.5433578491211,3767100,279.89142527025837,280.8710375909936,279.0659976008694,279.53765869140625,54272300,21.94266700744629,22.766666412353516,21.868000030517578,22.369333267211914,217009500
2019-11-08,68.5269142707228,68.641878039725,68.4694323862217,68.47764587402344,2130600,279.1930197495144,280.2815026770793,278.4945936077772,280.2270812988281,49032100,22.299999237060547,22.497333526611328,22.166667938232422,22.47599983215332,91038000
2019-11-11,68.56798330713396,68.59261750830836,68.4694402373801,68.51871490478516,1926100,278.848365987301,279.86426864392786,278.71228485760133,279.6919250488281,35797300,22.93000030517578,23.279333114624023,22.799999237060547,23.006000518798828,149800500
2019-11-12,68.54337084730206,68.60906624797595,68.46946195527936,68.5597915649414,3072600,280.05472917772806,281.17947453569053,279.5104877305214,280.281494140625,46484600,23.126667022705078,23.357999801635742,22.93600082397461,23.32866668701172,110391000
2019-11-13,68.69938749095091,68.74044241257846,68.64189932356888,68.6829605102539,2690800,279.2926977957791,280.77120923005054,279.0659329176702,280.3721008300781,53917700,23.666667938232422,23.755332946777344,23.011999130249023,23.073999404907227,126301500
2019-11-14,68.9210813161962,68.94571551493073,68.87181291872714,68.88002014160156,2299700,280.0910183287371,280.862024736105,279.4560653623706,280.7803649902344,51219900,23.073999404907227,23.589332580566406,22.860666275024414,23.290000915527344,96973500
2019-11-15,68.83074300165998,68.91285907536373,68.81432229294117,68.85537719726562,2342200,282.1137105902836,282.8575062211695,281.4243640106054,282.8121643066406,62023600,23.375999450683594,23.520000457763672,23.224000930786133,23.47800064086914,72135000
2019-11-18,68.97035442774713,69.01141560514827,68.93750673883743,68.95393371582031,3553000,282.5763929760045,283.25668795742666,282.1228629883897,283.0208435058594,49228000,23.527999877929688,23.543333053588867,23.073333740234375,23.332666397094727,66006000
2019-11-19,68.96215054469934,69.0606873511453,68.95393705581006,69.02783966064453,3712600,283.619442778009,283.62852223373176,282.2951432620522,282.93914794921875,67804700,23.450000762939453,23.999332427978516,23.18666648864746,23.968000411987305,115872000
2019-11-20,69.15104043651394,69.2249493315246,69.10177201654582,69.21673583984375,4924100,282.3496028123388,282.86663359563494,280.3359287395858,281.8869934082031,79406200,24.0,24.079999923706055,23.30466651916504,23.481332778930664,100876500
2019-11-21,69.12638743815182,69.13460092760027,69.03605784938931,69.10175323486328,2779600,281.99578034720054,282.1046230732926,280.63519090852355,281.4333801269531,54664700,23.634000778198242,24.055999755859375,23.600000381469727,23.655332565307617,91650000
2019-11-22,69.17561653393375,69.18383001871467,69.08528699650327,69.14276885986328,3119700,282.1772483826184,282.31330182529547,281.052503014795,282.059326171875,44850200,22.67733383178711,22.733333587646484,22.0,22.202667236328125,253059000
2019-11-25,69.19207538167602,69.23313029438901,69.167441181037,69.20849609375,3444700,282.9844712930347,284.2452697753906,282.9844712930347,284.2452697753906,48647200,22.954666137695312,22.971332550048828,22.297332763671875,22.422666549682617,185092500
2019-11-26,69.30703509943528,69.33988278671421,69.26597392407268,69.32345581054688,3207400,284.28156776356354,285.07070522877143,283.96409135032974,284.8892822265625,37569000,22.351333618164062,22.366666793823242,21.80666732788086,21.92799949645996,119211000
2019-11-27,69.23315655814696,69.26600425981187,69.20030885648205,69.21673583984375,2293000,285.37004499703744,286.1592102050781,285.15235952241426,286.1592102050781,44444600,22.07466697692871,22.261999130249023,21.904666900634766,22.086000442504883,83334000
2019-11-29,69.21673583984375,69.23315655814696,69.13461971821073,69.21673583984375,2535100,285.5968026686247,285.84172650261706,284.87116598414514,285.0979309082031,36592700,22.073999404907227,22.083999633789062,21.833332061767578,21.996000289916992,36984000
2019-12-02,68.98629357831794,69.0356674194336,68.92868867086167,69.0356674194336,3745800,285.35186501415745,285.41536582716174,282.24973680572754,282.6760559082031,75767800,21.959999084472656,22.42533302307129,21.91266632080078,22.32466697692871,91117500
2019-12-03,69.26610907941034,69.48007292306959,69.23319108204231,69.406005859375,3393600,279.9640166629559,280.862024736105,278.58529565869156,280.7803649902344,73941700,22.174667358398438,22.527332305908203,22.145999908447266,22.413333892822266,98605500
2019-12-04,69.34011161146307,69.35656745559939,69.17552177779903,69.26604461669922,3876800,281.82350125041523,283.11151071206064,281.4788140847929,282.5128479003906,49080000,22.516666412353516,22.52400016784668,22.190000534057617,22.20199966430664,82995000
2019-12-05,69.15908336774245,69.23314410271585,69.10970954442685,69.19200134277344,2850000,283.2113460311746,283.2294772654207,281.714674927027,283.0208435058594,40709000,22.18866729736328,22.294666290283203,21.816667556762695,22.024667739868164,55869000
2019-12-06,69.05214287299243,69.20849549284203,69.01922487974377,69.10151672363281,4121700,284.9256011908763,286.00500449632267,284.9165217354681,285.60589599609375,48927000,22.333332061767578,22.590667724609375,22.31800079345703,22.392667770385742,114186000
2019-12-09,69.19198691987107,69.20021170306806,69.109695138678,69.117919921875,2795100,285.21586750080536,285.88708285190785,284.63533597889335,284.7079162597656,34838500,22.439332962036133,22.963333129882812,22.338666915893555,22.635332107543945,135346500
2019-12-10,69.15909587613899,69.16732694100088,69.0438860819241,69.06857299804688,2700500,284.6534664265952,285.3156022560636,283.73732732073876,284.3904113769531,52649800,22.663999557495117,23.381999969482422,22.62066650390625,23.256000518798828,132424500
2019-12-11,69.18378617183689,69.33191395427238,69.15909925450818,69.29899597167969,2581800,284.8440177776958,285.4517600872291,284.3088557612892,285.1977844238281,53429100,23.458667755126953,23.812667846679688,23.4060001373291,23.51333236694336,103467000
2019-12-12,69.24962547090554,69.25785653656578,68.88753392341702,68.9698257446289,4645900,285.20675069859516,288.4358807429049,284.97093401980595,287.65582275390625,96389600,23.661333084106445,24.182666778564453,23.548667907714844,23.978666305541992,116458500
2019-12-13,69.15089028341855,69.31548024896958,69.01099352154907,69.28256225585938,3877700,287.42012000138783,289.0528447364349,286.64911340549975,287.82830810546875,81503900,24.06999969482422,24.347333908081055,23.642667770385742,23.892667770385742,98563500
2019-12-16,69.16735166023513,69.18380751737706,69.07682874979167,69.0932846069336,2876500,289.5515664116201,290.39512519551226,287.76465789365096,289.8055419921875,82749700,24.170000076293945,25.573999404907227,24.166667938232422,25.433332443237305,272613000
2019-12-17,69.19203963545033,69.20849549284203,69.07682979831263,69.10151672363281,3282700,290.18655602615394,290.48587355216506,289.7874475372953,289.86907958984375,61097700,25.266000747680664,25.700000762939453,25.059999465942383,25.266000747680664,127452000
2019-12-18,69.11794980329046,69.11794980329046,68.96159723496665,69.01097106933594,3786100,290.2591048310666,290.4858697567159,289.8327856635954,289.88720703125,48133000,25.375333786010742,26.347999572753906,25.371999740600586,26.209999084472656,211815000
2019-12-19,69.0274152751064,69.11793814181935,68.9862725128946,69.06033325195312,3240600,290.077759529448,291.1481113030199,289.8237838519317,291.0755310058594,85310500,26.488000869750977,27.123332977294922,26.433332443237305,26.93600082397461,271606500
2019-12-20,69.01917734766494,69.09323807262142,68.97802831482629,69.0767822265625,3646300,292.10543451333706,293.48183740439526,291.13013011229833,292.3515625,147142100,27.3526668548584,27.53333282470703,26.679332733154297,27.03933334350586,221290500
2019-12-23,69.10731344889753,69.11556289102766,68.97534754473777,69.0330810546875,4192500,293.13556710700664,293.19025605431125,292.65246286090326,292.7983093261719,52990000,27.45199966430664,28.134000778198242,27.333332061767578,27.947999954223633,199794000
2019-12-24,68.97534360363305,69.11555894191133,68.95885101279575,69.09906005859375,1682800,293.0261593313642,293.0717241770153,292.5065865675843,292.8074035644531,20270000,27.890666961669922,28.364667892456055,27.512666702270508,28.350000381469727,120820500
2019-12-26,69.13203996447125,69.16503143310547,69.04956443912533,69.16503143310547,2036400,293.1902210059652,294.3752129631039,293.18112472741444,294.3660888671875,30911200,28.527332305908203,28.898666381835938,28.42333221435547,28.729333877563477,159508500
2019-12-27,69.24752394254509,69.27226597696934,69.22278190812085,69.26402282714844,1940300,295.0952628094436,295.149951744562,293.7644523592922,294.2931213378906,42528800,29.0,29.020666122436523,28.407333374023438,28.691999435424805,149185500
2019-12-30,69.08257142567592,69.23927307128906,69.0578293917623,69.23927307128906,2562000,294.3751576532409,294.5118799794698,292.18748916413625,292.67059326171875,49729100,28.586000442504883,28.600000381469727,27.284000396728516,27.64666748046875,188796000
2019-12-31,69.1567819928271,69.21451548981717,69.09079905555868,69.16503143310547,5931300,292.16931374555315,293.62775035689424,291.82293192090606,293.3816223144531,57077300,27.0,28.086000442504883,26.80533218383789,27.8886661529541,154285500
2020-01-02,69.26402489420802,69.37124247740638,69.22278397394966,69.25577545166016,5511000,294.9130573899098,296.1436144059444,293.99241369791713,296.1253662109375,59151200,28.299999237060547,28.713333129882812,28.11400032043457,28.68400001525879,142981500
2020-01-03,69.42898585905913,69.51971086253857,69.3630028942592,69.50321197509766,5368300,292.74353546966336,295.00411329960116,292.68884653822107,293.8829345703125,77709700,29.366666793823242,30.266666412353516,29.128000259399414,29.534000396728516,266677500
2020-01-06,69.52794683156588,69.53618998120693,69.37123889365691,69.42072296142578,3710400,292.13287226263657,295.08621432416686,292.01437027823323,295.0041809082031,55653900,29.364667892456055,30.104000091552734,29.333332061767578,30.1026668548584,151995000
2020-01-07,69.44547451748618,69.44547451748618,69.33825692512534,69.36299896240234,3029900,294.4389421396399,294.9129499592201,293.72795822762987,294.17462158203125,40496400,30.760000228881836,31.441999435424805,30.224000930786133,31.270666122436523,268231500
2020-01-08,69.38773507002114,69.44546858289425,69.19804193878704,69.25577545166016,3674400,294.36599829671496,296.95470936020075,294.1198981389834,295.7424011230469,68296000,31.579999923706055,33.232666015625,31.215333938598633,32.80933380126953,467164500
2020-01-09,69.20625913209533,69.362960712598,69.16501823105472,69.33821868896484,5886600,297.3011671355,297.8207398631898,296.7177813744384,297.747802734375,48473300,33.13999938964844,33.253334045410156,31.524667739868164,32.089332580566406,426606000
2020-01-10,69.4125007134986,69.47847739289733,69.36301033834638,69.4537353515625,4525700,298.33108485204707,298.48602751656244,296.42601332972424,296.890869140625,53029300,32.11933135986328,32.3293342590332,31.579999923706055,31.876667022705078,194392500
2020-01-13,69.42896817669617,69.42896817669617,69.36298522870096,69.4124755859375,3735700,297.510801872737,298.94186605271307,297.082386683004,298.9327697753906,47086800,32.900001525878906,35.04199981689453,32.79999923706055,34.990665435791016,397764000
2020-01-14,69.44547638774925,69.51970879406093,69.4289837932809,69.51145935058594,3492300,298.49524063629786,299.54348231822837,297.9209789989077,298.4770202636719,62832800,36.284000396728516,36.49399948120117,34.99333190917969,35.861331939697266,434943000
2020-01-15,69.61044867487877,69.61869812011719,69.53621625269903,69.61869812011719,2594300,298.3858164658878,299.9080379561586,298.3037830757557,299.1514892578125,72056600,35.31733322143555,35.85599899291992,34.452667236328125,34.56666564941406,260532000
2020-01-16,69.5856877974978,69.63517187056885,69.53619743194544,69.57743835449219,4784100,300.52783823802554,301.639892578125,300.29995847831134,301.639892578125,54050300,32.91666793823242,34.297332763671875,32.81133270263672,34.232666015625,326050500
2020-01-17,69.50318515148541,69.57741753135704,69.4866925628914,69.56916809082031,3090600,302.35097758583424,302.7884890679203,301.5761805798231,302.578857421875,95846000,33.840667724609375,34.37799835205078,33.54399871826172,34.03333282470703,204436500
2020-01-21,69.68465235115751,69.7671278995178,69.6269188380572,69.74238586425781,2910600,301.6217259743135,302.78846954692693,301.5488166711206,301.986328125,77742400,35.349998474121094,36.571998596191406,35.227333068847656,36.47999954223633,267052500
2020-01-22,69.76711076414938,69.80010223388672,69.74236873496623,69.80010223388672,4192100,302.8432808259793,303.4904798085764,301.86797593778044,302.0229187011719,48914900,38.125999450683594,39.633331298828125,37.27333450317383,37.97066879272461,470535000
2020-01-23,69.92385864257812,69.96509957644406,69.87437455592544,69.92385864257812,3104800,301.37561848363805,302.77936593801815,300.2635638696882,302.3691711425781,51963000,37.616668701171875,38.79999923706055,37.040000915527344,38.14666748046875,294765000
2020-01-24,69.96509155429906,70.1053006453941,69.94034951380962,70.03107452392578,4548400,303.0254945486543,303.1075279519649,298.39496067890184,299.6802062988281,87578400,38.04199981689453,38.25733184814453,36.95066833496094,37.654666900634766,215304000
2020-01-27,70.24549452312853,70.27023655825947,70.18776101032931,70.26199340820312,3208600,294.4480497017618,296.3531215152195,294.1107920443717,294.87646484375,84062500,36.132667541503906,37.62933349609375,35.95199966430664,37.201332092285156,204121500
2020-01-28,70.21248597504194,70.2207354155736,70.08877582946423,70.13825988769531,3993400,296.2985175568416,298.8416646744203,294.9677069156235,297.96661376953125,63834000,37.89933395385742,38.45399856567383,37.2053337097168,37.793331146240234,176827500
2020-01-29,70.24549479677677,70.37746070796388,70.22075276154942,70.33621978759766,4177500,299.32474201380455,299.5526218615138,297.5199236056963,297.720458984375,53888900,38.37933349609375,39.31999969482422,37.82866668701172,38.732666015625,267022500
2020-01-30,70.40217570183856,70.47640177901047,70.29495815954185,70.35269165039062,4795700,295.6603946749964,298.89630496665,294.91296997027223,298.6866455078125,75491800,42.16133117675781,43.391998291015625,41.20000076293945,42.72066879272461,435085500
2020-01-31,70.43520390359114,70.58366242784447,70.41870501618419,70.53417205810547,6264000,298.06678837146853,298.22175888029057,292.3515728105219,293.2630920410156,113845600,42.66666793823242,43.53333282470703,42.167999267578125,43.371334075927734,235789500
2020-02-03,70.43745779518407,70.50358224387843,70.3300039895621,70.47052001953125,6030800,294.73979049796515,297.30115767312014,294.6212885304359,295.441650390625,69083000,44.91266632080078,52.409332275390625,44.90133285522461,52.0,705975000
2020-02-04,70.28041032491362,70.28867745708455,70.1894907889559,70.255615234375,4180900,299.0421238964606,300.8104734483571,298.723086598825,299.94451904296875,62573200,58.86399841308594,64.59933471679688,55.59199905395508,59.137332916259766,914082000
2020-02-05,70.16468003373343,70.2060093793869,70.1150898637275,70.13988494873047,3537200,302.8705625667215,303.6180152040548,301.4121536768775,303.4083557128906,65951100,54.88399887084961,56.39866638183594,46.94066619873047,48.97999954223633,726357000
2020-02-06,70.18123670639525,70.22255975927223,70.13164021457817,70.2060317993164,3435700,304.3654472195234,304.62067153969036,303.35364621707834,304.42926025390625,50359700,46.66133117675781,53.05533218383789,45.79999923706055,49.930667877197266,598212000
2020-02-07,70.39614911481769,70.44574561889306,70.34655891671866,70.42094421386719,4169700,303.37190028539015,304.4383624299263,302.2598454793981,302.8067626953125,64139400,48.70333480834961,51.31666564941406,48.66666793823242,49.871334075927734,255952500
2020-02-10,70.54487115187058,70.57793336021601,70.47874673517973,70.5283432006836,2785500,301.9225963763189,305.1311348147873,301.88612780958465,305.06732177734375,42070000,53.33333206176758,54.66600036621094,50.15999984741211,51.41866683959961,370338000
2020-02-11,70.49529581787728,70.52009090285802,70.40437630229935,70.41264343261719,3799400,306.41637021168424,307.20026355708615,305.0673114617923,305.59600830078125,54864500,51.25266647338867,52.23400115966797,50.53333282470703,51.62533187866211,175462500
2020-02-12,70.33827659367273,70.36307168736828,70.29695353950517,70.33000946044922,4127500,307.02712038790895,307.7745731014097,306.6625181282939,307.56494140625,43992700,51.858001708984375,52.650001525878906,50.891334533691406,51.15266799926758,180337500
2020-02-13,70.37132307591453,70.445714646332,70.33826085639274,70.3961181640625,2852500,306.1428600443528,308.20290257264736,305.8694153801374,307.2366943359375,54501900,49.45600128173828,54.53333282470703,49.0,53.599998474121094,394339500
2020-02-14,70.52011020306477,70.53663816225111,70.46225288695082,70.47052001953125,3069000,307.64687895696886,307.84741430987003,306.4527909338537,307.7289123535156,64582200,52.4813346862793,54.198001861572266,52.366668701171875,53.33533477783203,235405500
2020-02-18,70.61103463874865,70.64409686538792,70.52011509198438,70.57797241210938,3645200,306.73540821888315,307.7927740817303,305.5504162851949,306.9359436035156,57226200,56.106666564941406,57.33333206176758,55.490665435791016,57.22666549682617,245725500
2020-02-19,70.55313605080018,70.61099333708339,70.52007384349959,70.56966400146484,3109600,307.9021483533661,309.077988360176,307.6195795625174,308.4034729003906,48814700,61.56666564941406,62.98533248901367,60.06800079345703,61.16133117675781,381345000
2020-02-20,70.6523881197738,70.74330139160156,70.62758671184575,70.74330139160156,8404000,307.85646314336725,308.6768526171269,304.1556976879884,307.1363830566406,74163400,60.79666519165039,60.79999923706055,57.3293342590332,59.96066665649414,264523500
2020-02-21,70.88377738038568,71.02428708260621,70.8589822924613,70.91683959960938,6561500,305.7874255135602,306.0973387829116,303.1531209980254,303.9735107421875,113788200,60.46533203125,60.87066650390625,58.6966667175293,60.06666564941406,214722000
2020-02-24,71.22268233507454,71.23921660422975,71.13176277264895,71.14002990722656,6314500,294.54832373659,304.04633809698913,292.81641502565685,293.89202880859375,161088400,55.93333435058594,57.56666564941406,54.813331604003906,55.58599853515625,227883000
2020-02-25,71.15650849135832,71.28875732892185,71.13998053964872,71.19783782958984,7928900,295.2776038121276,295.8883062471929,284.11149089171784,284.9865417480469,218913200,56.599998474121094,57.106666564941406,52.46666717529297,53.32733154296875,259357500
2020-02-26,71.1483019760013,71.32187397831224,71.08217750674673,71.15656280517578,8015900,286.3811587759355,289.9634233462724,283.2090890630601,283.93829345703125,194773800,52.16666793823242,54.22066879272461,51.740665435791016,51.91999816894531,211282500
2020-02-27,71.2970617269232,71.3962421009688,71.18134708655336,71.23920440673828,9514600,278.43268874388383,283.9929622601153,271.1861267089844,271.1861267089844,284353500,48.66666793823242,49.31800079345703,44.599998474121094,45.266666412353516,364158000
2020-02-28,71.51196901314358,71.80126196968725,71.41278862207814,71.71034240722656,16377200,263.155638584235,271.5325033532073,260.27523419743306,270.0467224121094,384975800,41.97999954223633,46.03466796875,40.768001556396484,44.53266525268555,363343500
2020-03-02,71.9032917662384,71.9778319821169,71.63827182264325,71.66311645507812,10154400,271.82406323577266,281.80520704679384,268.40586711108745,281.74139404296875,238703600,47.41733169555664,49.5793342590332,45.77799987792969,49.574668884277344,302925000
2020-03-03,71.69623984065733,72.48301596736599,71.67139520991945,72.0937728881836,9323900,282.1152700822015,286.07126116142535,271.24084970802795,273.6745910644531,300139100,53.66666793823242,53.798667907714844,47.740665435791016,49.70066833496094,386760000
2020-03-04,72.2677031657579,72.38364900677111,72.0523724673443,72.07721710205078,7445600,279.03434596352906,285.39676211227726,276.4911987598748,285.177978515625,176613400,50.930667877197266,51.10133361816406,48.31533432006836,49.96666717529297,225735000
2020-03-05,72.36707062463192,72.46645546681572,72.28425308209883,72.35050964355469,5385000,277.9951357880224,281.17632889627316,273.46488424875696,275.6980895996094,186366800,48.2513313293457,49.71666717529297,47.871334075927734,48.30266571044922,162790500
2020-03-06,73.05445144802904,73.09586336906757,72.5989519094654,72.84740447998047,10176200,267.2118873410211,272.3437456449538,264.5502664620457,271.1405334472656,228667200,46.0,47.133331298828125,45.61800003051758,46.89866638183594,189943500
2020-03-09,73.92409151598815,73.97378079344807,72.64868073972131,72.6900863647461,12445600,250.94127750870393,259.04469825650165,249.25498888727407,249.96597290039062,309417300,40.35933303833008,44.20000076293945,40.33333206176758,40.53333282470703,256105500
2020-03-10,72.41681788840772,72.62386505179536,71.71285247802734,71.71285247802734,14177600,259.4549092564181,262.9915813511426,249.30056924454237,262.90045166015625,276444100,43.96200180053711,44.53333282470703,40.53333282470703,43.02199935913086,233916000
2020-03-11,71.87018522170187,72.25115111093798,70.28834873201664,70.35459899902344,10511600,255.8634213930666,256.99369617063655,246.9122971935193,250.08436584472656,255316300,42.68000030517578,43.571998596191406,40.866668701171875,42.28200149536133,199837500
2020-03-12,69.13712872187915,70.30487037606115,63.348090747345005,66.52833557128906,16986900,233.3489770719644,243.06577765843556,225.76512864095778,226.15708923339844,392220700,38.72600173950195,39.633331298828125,36.41666793823242,37.369998931884766,283636500
2020-03-13,67.6547010818845,69.9404961335074,67.49734329030666,69.33592224121094,14137500,239.8115818422406,247.45924124597292,226.53075439431242,245.4903564453125,329566100,39.66666793823242,40.50466537475586,33.46666717529297,36.44133377075195,339604500
2020-03-16,67.34827121410552,70.10613972496353,65.84925243729164,70.06472778320312,8411000,219.84023822786799,234.16932404862888,216.35824141554718,218.6279296875,297240000,31.299999237060547,32.9913330078125,29.47800064086914,29.67133331298828,307342500
2020-03-17,69.19510707131607,70.16408547486277,68.5656824480959,68.61537170410156,13629700,223.35871400097514,233.5039435706242,216.0939169725968,230.43211364746094,262070500,29.333999633789062,31.456666946411133,26.399999618530273,28.68000030517578,359919000
2020-03-18,67.4476415325262,68.4663093668903,66.51178492666747,66.9590072631836,10076800,215.34646582603455,226.39407689191867,207.84466479454713,218.76466369628906,327597100,25.933332443237305,26.99066734313965,23.367332458496094,24.08133316040039,356793000
2020-03-19,66.03971130703358,67.56358055783174,65.90720450876643,66.91759490966797,11007200,218.0809829271714,225.49163896080339,211.67300364288351,219.2294921875,289322000,24.979999542236328,30.133333206176758,23.8973331451416,28.50933265686035,452932500
2020-03-20,66.83477054891316,68.36692343761595,66.82649321810287,68.05220794677734,8864500,222.3707310405341,224.14947908525951,209.50691583930976,209.781982421875,347158800,29.213333129882812,31.799999237060547,28.38599967956543,28.50200080871582,424282500
2020-03-23,67.25712548704377,69.55948638916016,67.24884184045867,69.55948638916016,10973300,209.22269612416616,210.58883736917826,200.11807712080454,204.41824340820312,326025200,28.906667709350586,29.46666717529297,27.366666793823242,28.952667236328125,246817500
2020-03-24,68.69822961358908,69.76659347563881,68.5243107967777,69.63408660888672,9371200,214.9348708645978,223.81027088011052,214.36641010403872,222.93922424316406,235494500,31.81999969482422,34.24599838256836,31.600000381469727,33.66666793823242,343428000
2020-03-25,69.68376218372113,70.9343282702588,69.68376218372113,70.5699234008789,9655500,224.51626550550066,235.0420516206146,219.8218472180857,226.27667236328125,299430300,36.349998474121094,37.133331298828125,34.07400131225586,35.95000076293945,318340500
2020-03-26,70.43742922708543,70.96746932227867,70.42914557349843,70.89292907714844,10803800,228.77973377835932,240.95587614121874,228.34879937507776,239.4888916015625,257632800,36.49266815185547,37.33333206176758,34.150001525878906,35.21066665649414,260710500
2020-03-27,70.70241926268729,71.34012130951218,70.5699061358504,71.27386474609375,4975200,232.21801874837786,239.13128235143066,230.18254563117415,232.3555450439453,224341200,33.66666793823242,35.0533332824707,32.935333251953125,34.29066848754883,215661000
2020-03-30,71.24075067278113,71.69625673891285,71.24075067278113,71.34841918945312,6030800,234.44599998225482,240.61659285300317,232.4563738706009,239.90142822265625,171369500,34.017333984375,34.44333267211914,32.7486686706543,33.47533416748047,179971500
2020-03-31,71.43119946419927,71.5719898771208,70.68582916259766,70.68582916259766,8523900,238.90209724302795,241.44184313996882,234.92284395447982,236.32566833496094,194881100,33.41666793823242,36.19733428955078,33.133331298828125,34.93333435058594,266572500
2020-04-01,71.48271640482905,71.59892096065722,71.00959604676477,71.05109405517578,5995000,227.36774076850008,236.24314028710725,223.62687128450554,225.68984985351562,189554600,33.599998474121094,34.26333236694336,31.67333221435547,32.104000091552734,200298000
2020-04-02,71.48271666574874,71.53251680909307,71.29180556180654,71.38311004638672,6356100,224.80962736839078,231.67704405266247,224.2594942177443,230.897705078125,177660400,32.068668365478516,32.95066833496094,29.760000228881836,30.29800033569336,297876000
2020-04-03,71.42462110549766,71.49101919197741,71.24201211916194,71.34991455078125,4151200,229.9166909570072,232.26391415318625,224.83718484688495,227.56031799316406,135561200,33.96666717529297,34.36600112915039,31.22599983215332,32.000667572021484,338431500
2020-04-06,71.63211502765976,71.63211502765976,71.38310167479491,71.57401275634766,4373100,236.40815247528656,244.80677011871967,227.54193143111638,242.84463500976562,188061200,34.08000183105469,34.733333587646484,33.19733428955078,34.41600036621094,223527000
2020-04-07,71.57400568167397,71.70680814611522,71.43289475157316,71.6404037475586,6009600,251.4174604431951,252.16930817093797,242.8721667882083,243.0922088623047,201427200,36.33333206176758,37.66666793823242,35.48933410644531,36.36333465576172,268797000
2020-04-08,71.63207813752071,71.82298278808594,71.549069507533,71.82298278808594,4572300,245.6869324014236,253.05864869816128,243.2021977072003,251.2523956298828,153774500,36.9466667175293,37.14733123779297,35.55533218383789,36.589332580566406,189840000
2020-04-09,72.00559763631809,72.61152648925781,72.00559763631809,72.61152648925781,5070700,254.50736272812495,257.8264895451894,252.57276069196072,255.0758514404297,189999200,37.4726676940918,38.345333099365234,37.14066696166992,38.20000076293945,204750000
2020-04-13,72.53683634892774,72.53683634892774,72.16332272929007,72.3791275024414,7018100,254.10395500418002,254.44319588474661,248.8502262862596,252.74696350097656,114839100,39.34400177001953,43.46666717529297,38.70199966430664,43.39666748046875,337131000
2020-04-14,72.53683634892774,72.53683634892774,72.3044273115824,72.3791275024414,5818300,257.6248038351175,261.2189556921162,252.60947200950213,260.20123291015625,134143400,46.597999572753906,49.45866775512695,46.1619987487793,47.32600021362305,458647500
2020-04-15,72.41232473778445,72.75264247106438,72.37912254434218,72.73603820800781,3922500,254.4982607416238,260.3387789369605,252.56363036130944,254.67247009277344,121775000,49.46666717529297,50.20866775512695,47.33333206176758,48.65533447265625,353655000
2020-04-16,72.73604541456963,72.87715633384795,72.62814302469468,72.77754974365234,3459600,255.94678796153286,256.75364602376106,252.83858245014113,255.9009552001953,131798300,47.79600143432617,50.630001068115234,47.11466598510742,49.680667877197266,309868500
2020-04-17,72.8024164485996,72.92692304612497,72.5617053820955,72.67790985107422,3528300,261.65899326176117,263.4193856745287,258.9266831445482,262.81427001953125,146684800,51.48533248901367,51.663333892822266,49.84400177001953,50.259334564208984,196923000
2020-04-20,72.65304915540985,72.6613512884539,72.49534029093307,72.5617446899414,3705200,259.11925837284326,262.95183530213035,257.96400942467557,258.1840515136719,100109300,48.8466682434082,51.03799819946289,47.48066711425781,49.75733184814453,221199000
2020-04-21,72.7941578900979,72.8024600236137,72.57835308006646,72.6530532836914,4513000,253.72802881075526,254.929138502849,249.4095069904513,250.34474182128906,126385700,48.67466735839844,50.22200012207031,44.919334411621094,45.781333923339844,303136500
2020-04-22,72.58664568179152,72.64474794849653,72.48704541468128,72.5949478149414,3240100,255.2132958945593,257.6430198449541,253.8929877892639,255.9009552001953,92951600,46.93199920654297,48.93333435058594,45.91400146484375,48.807334899902344,212482500
2020-04-23,72.68617478887062,72.76917703386223,72.62807258410994,72.71107482910156,2587200,257.1754477326912,260.3386922865704,255.58008681730885,255.8826446533203,104709700,48.50666809082031,48.93333435058594,46.87533187866211,47.04199981689453,198550500
2020-04-24,72.67792376097768,72.7277302091215,72.60322358776666,72.68622589111328,2272600,257.3955098331214,260.1186421969253,255.35085912854342,259.4493103027344,85063200,47.387332916259766,48.71533203125,46.54533386230469,48.34333419799805,198180000
2020-04-27,72.65304674270674,72.66965100824343,72.41233555379924,72.42893981933594,3117300,261.4206455682229,264.3088100325091,260.9622058760842,263.1902160644531,77896600,49.17399978637695,53.29933166503906,49.0,53.25,310221000
2020-04-28,72.62811642951644,72.66962074340098,72.54511413441655,72.64471435546875,3118800,266.8302216256885,267.1786402598977,261.67736409264813,261.9799499511719,105270000,53.042667388916016,53.66666793823242,50.44599914550781,51.27466583251953,228330000
2020-04-29,72.74434205615547,72.80244431288278,72.61153961192346,72.69454193115234,4867500,267.2978754969445,270.36942737195216,266.27097494933463,268.8382263183594,118745600,52.678001403808594,53.54666519165039,52.21066665649414,53.367332458496094,243240000
2020-04-30,72.78582787330086,72.81072792947054,72.62811907400024,72.63642120361328,5390100,267.46279588157535,268.93898579069054,264.6021375509596,266.3350524902344,122901700,57.01266860961914,57.987998962402344,50.900001525878906,52.12533187866211,427078500
2020-05-01,72.67304433120755,72.7312623569003,72.49007792566529,72.60651397705078,4857100,261.594889070107,266.50020001311435,258.11990791498647,259.28436279296875,125180000,50.33333206176758,51.518001556396484,45.5359992980957,46.75466537475586,487977000
2020-05-04,72.63975606653901,72.70629274774296,72.58153805680735,72.68134307861328,7276600,257.40466678621465,260.30200851871746,255.92850465269154,259.99945068359375,80873200,46.733333587646484,50.79999923706055,46.53333282470703,50.74599838256836,288556500
2020-05-05,72.61481475830078,72.66472044759348,72.58986508629837,72.61481475830078,3625600,262.81434034545913,265.20738229155137,260.1278622774751,262.4017333984375,79569900,52.65266799926758,53.26133346557617,50.8120002746582,51.2140007019043,254875500
2020-05-06,72.55657612556638,72.58984446054599,72.24053646118925,72.29043579101562,5006600,264.09790497007816,264.48297858278846,260.19199044127004,260.6229248046875,73632600,51.766666412353516,52.6533317565918,50.740665435791016,52.172000885009766,166848000
2020-05-07,72.50670731602385,72.55660666685436,72.33205324282825,72.5233383178711,3425600,263.8319800050877,265.6932435927499,263.26351939914133,263.7677917480469,75250400,51.81399917602539,53.09333419799805,51.4900016784668,52.00266647338867,172915500
2020-05-08,72.46509588788862,72.49836422566742,72.27381087726882,72.31539154052734,3078900,266.89437904014466,268.5997890049133,265.7666074831052,268.1321716308594,76452400,52.917999267578125,54.93333435058594,52.46733474731445,54.62799835205078,241297500
2020-05-11,72.29877321868065,72.33204156229158,72.04926381424252,72.09085083007812,4344300,266.2067321816507,269.56251377203523,265.7849755389823,268.18719482421875,79514200,52.70066833496094,54.93333435058594,52.33333206176758,54.08599853515625,247794000
2020-05-12,72.2488814467479,72.41521683694484,72.1740260794574,72.32373046875,3942700,269.36997290557235,269.78255179515514,262.7042425975372,262.841796875,95870800,55.133331298828125,56.21933364868164,53.866668701171875,53.96066665649414,238603500
2020-05-13,72.47344282944223,72.51502985420984,72.36532544845117,72.40690612792969,2628900,262.28241847515807,263.3184962773055,255.77257163214736,258.1931457519531,144721100,54.72200012207031,55.06666564941406,50.88666534423828,52.73066711425781,285982500
2020-05-14,72.54829595135803,72.60651397705078,72.50670892788226,72.60651397705078,2844700,255.76353778728304,261.4114906647709,250.29891603317049,261.28314208984375,121977900,52.0,53.557334899902344,50.93333435058594,53.55533218383789,205233000
2020-05-15,72.78118286200129,72.78118286200129,72.58989139849751,72.64810943603516,2871300,258.89925085277906,262.53008571070245,257.954866120157,262.4842529296875,111146300,52.689998626708984,53.66999816894531,52.436668395996094,53.27799987792969,157776000
2020-05-18,72.68138825652508,72.68138825652508,72.41524771156654,72.51505279541016,3573700,268.6914141285281,272.0838780548613,268.3705288222218,270.4793395996094,119703800,55.185333251953125,55.64799880981445,53.59199905395508,54.242000579833984,174987000
2020-05-19,72.58155795579196,72.61482630551481,72.49007792566529,72.60651397705078,3083000,269.88340997902395,271.58879193513707,267.6829053984864,267.70123291015625,95189300,54.34466552734375,54.80466842651367,53.73866653442383,53.867332458496094,144547500
2020-05-20,72.66472348933145,72.83105887316887,72.58154945212459,72.79779052734375,4388600,271.2312398155431,273.1108311782877,271.00201999174817,272.24896240234375,85861700,54.70000076293945,55.06666564941406,54.119998931884766,54.37066650390625,109639500
2020-05-21,72.85595177873488,72.9308070848381,72.82268345883158,72.87258911132812,5762200,272.1206583812847,272.92751677002803,269.278326504917,270.3694152832031,78293900,54.400001525878906,55.5,53.06666564941406,55.17333221435547,183819000
2020-05-22,72.92254794057305,72.92254794057305,72.86432991954344,72.89759826660156,3710300,270.08513201578137,271.05702179895974,268.8473394108852,270.8828125,63958200,54.81133270263672,55.45199966430664,54.133331298828125,54.45866775512695,149812500
2020-05-26,72.90589322582686,72.90589322582686,72.79776954673487,72.85598754882812,5193900,276.83335693039163,277.07175449936034,270.90114681308035,274.2202453613281,88951400,55.633331298828125,55.63999938964844,54.38066864013672,54.591331481933594,121345500
2020-05-27,72.9807609589846,73.00571063124588,72.83105658012902,72.88927459716797,7606400,277.007581296367,278.3370675296901,272.19396476879547,278.3003845214844,104817400,54.7239990234375,55.180667877197266,52.33333206176758,54.68199920654297,173242500
2020-05-28,72.8144240303645,72.91422271728516,72.7728370139557,72.91422271728516,7381900,279.3272767982314,281.3352447299404,277.1175942986496,277.78692626953125,90405200,54.23400115966797,54.983333587646484,53.44599914550781,53.72066879272461,108834000
2020-05-29,72.95581884001828,73.13879158259518,72.88096347019655,73.12215423583984,6196500,277.3193091660714,279.61150744849493,274.5778489741923,279.02471923828125,119090800,53.91666793823242,55.66666793823242,53.61399841308594,55.66666793823242,176467500
2020-06-01,72.98798112975855,73.06298065185547,72.95465507272439,73.06298065185547,4345600,278.38292576798335,280.7576401144218,277.8694755298853,280.1524963378906,55758300,57.20000076293945,59.93333435058594,56.939998626708984,59.87333297729492,224092500
2020-06-02,73.05463492463706,73.12129974365234,73.02130251512942,73.12129974365234,5445500,281.0693740975131,282.5180592457431,279.73991573138625,282.4721984863281,74267200,59.64666748046875,60.57733154296875,58.06666564941406,58.770668029785156,203484000
2020-06-03,73.02128643755425,73.06295352964145,72.87962849646684,72.95462799072266,5036400,284.4526057998422,287.1849160018017,284.17755322085765,286.2313537597656,92567600,59.20800018310547,59.862667083740234,58.67333221435547,58.86399841308594,119242500
2020-06-04,73.00466296247407,73.02966068826561,72.74634465261605,72.77967071533203,6341700,285.2502723891811,286.98318749531984,283.3890087460685,285.4794921875,75794400,59.32533264160156,59.71666717529297,57.229331970214844,57.62533187866211,133315500
2020-06-05,72.66301508384132,72.77134704589844,72.52135705693073,72.77134704589844,6465600,290.8616625425781,294.565835177491,290.7974742690629,292.7962646484375,150524700,58.522666931152344,59.10133361816406,57.746665954589844,59.04399871826172,117178500
2020-06-08,72.72967607141733,72.90466651141047,72.67968061927905,72.8463363647461,4491000,293.60313838658124,296.52798606844794,293.062182869184,296.33544921875,73641200,61.266666412353516,63.33333206176758,60.61066818237305,63.327999114990234,212620500
2020-06-09,72.98801090579083,73.0130149950291,72.89635467529297,72.89635467529297,5445200,293.67647298750563,296.4087837876376,292.8146040767573,294.1257629394531,77479200,62.66733169555664,63.62933349609375,61.595333099365234,62.711334228515625,170823000
2020-06-10,73.0296680526048,73.20465850830078,72.9130077488075,73.20465850830078,3951600,294.7033572907335,295.59273133209695,291.76933233464445,292.4844970703125,95000800,66.12533569335938,68.49866485595703,65.5,68.336669921875,278451000
2020-06-11,73.27965771720127,73.27965771720127,73.06300014363111,73.07133483886719,5026500,285.5711603162795,286.2038091418731,275.07291127510564,275.6230163574219,209243600,66.01333618164062,67.9306640625,64.80000305175781,64.85600280761719,238747500
2020-06-12,73.187998907924,73.25466375822339,73.07133859865509,73.14633178710938,4087300,282.6188503742168,283.3890255846192,273.78014897594073,278.923828125,194678900,65.33333587646484,65.8653335571289,60.84000015258789,62.35200119018555,251451000
2020-06-15,73.21297493599056,73.37963065482975,73.15464479864603,73.29630279541016,4486100,273.24829299838217,282.655481301027,272.07468889672293,281.5277099609375,135782700,61.18600082397461,66.5893325805664,60.56666564941406,66.05999755859375,235458000
2020-06-16,73.40464669230907,73.40464669230907,73.14632835640212,73.20465850830078,9338500,289.2571484357814,289.4038525103005,282.0963219351536,286.94659423828125,137627500,67.4566650390625,67.52532958984375,64.15933227539062,65.47533416748047,210766500
2020-06-17,73.27130128873573,73.27963598149964,73.08797619297681,73.22130584716797,3900300,287.96429064170104,288.25769873534205,285.0210879201945,285.7546081542969,83398900,65.84733581542969,67.0,65.50466918945312,66.11933135986328,148362000
2020-06-18,73.2796211197351,73.32961655116334,73.2296193308003,73.30461883544922,2988600,284.2418184413267,286.34145231822947,283.7833786982742,285.86468505859375,80828700,66.86666870117188,67.94667053222656,66.2979965209961,66.9306640625,146278500
2020-06-19,73.27966304826656,73.34632154247547,73.27966304826656,73.32965850830078,2606400,289.32364222607004,289.5170263493881,282.2878438676283,284.2309875488281,135549600,67.51866912841797,67.73133087158203,66.0893325805664,66.72666931152344,130195500
2020-06-22,73.42961377152636,73.46294617831404,73.2879494533021,73.30461883544922,3048400,283.6323430698322,286.4503381503588,282.49041850503755,286.0543518066406,74649400,66.663330078125,67.2586669921875,66.00133514404297,66.28800201416016,95436000
2020-06-23,73.33798136928141,73.34630970626968,73.25465349683462,73.27131652832031,3037100,288.69736494870455,289.6274972240298,286.9660418676936,287.3712463378906,68471200,66.59200286865234,67.46666717529297,66.267333984375,66.78533172607422,95479500
2020-06-24,73.25468823628333,73.32968144979661,73.20468640309565,73.2796859741211,3256700,285.3360587710118,285.9530836646762,278.2081916960514,280.0408020019531,132813500,66.27400207519531,66.72533416748047,63.542667388916016,64.0566635131836,164394000
2020-06-25,73.43792681989571,73.4462615092345,73.32960128851228,73.35459899902344,4318400,279.46975709772886,283.3099806290678,277.4529533020281,283.04290771484375,89468000,63.61800003051758,65.73200225830078,62.47666549682617,65.73200225830078,138817500
2020-06-26,73.47129905710821,73.50463147503156,73.37130816084685,73.48796844482422,2911700,281.94708210428337,282.1589024781775,275.7401296700566,276.3202819824219,127961000,66.31866455078125,66.33333587646484,63.65800094604492,63.982666015625,132823500
2020-06-29,73.51295851632985,73.54629093078334,73.43795899443246,73.53795623779297,3047300,277.572693256611,280.51960120631884,275.2888164097337,280.3814697265625,79773300,64.60066986083984,67.33333587646484,63.23466873168945,67.29000091552734,135396000
2020-06-30,73.62127261893724,73.62960731062839,73.47127995603165,73.6129379272461,5405900,279.9486930198918,285.6675903215087,279.792153347328,283.97308349609375,113394800,67.0999984741211,72.51266479492188,66.91533660888672,71.98733520507812,253777500
2020-07-01,73.58122221948742,73.63130950927734,73.46434763051931,73.63130950927734,3569200,285.08742860608777,287.22395639224413,284.62697148514405,285.9622802734375,72396500,72.19999694824219,75.68866729736328,72.03333282470703,74.64199829101562,199903500
2020-07-02,73.65637486887422,73.74819946289062,73.60628119946041,73.74819946289062,4007000,289.38803604130976,290.7325908541107,286.8739585501112,287.5370178222656,69344200,81.43199920654297,81.86666870117188,79.04000091552734,80.57733154296875,258751500
2020-07-06,73.67308011132299,73.73986743493029,73.61464279546404,73.7231674194336,4026800,291.3495847273951,292.5559799310515,290.6036465664798,291.9757995605469,61713800,85.11266326904297,91.85266876220703,84.40266418457031,91.43866729736328,308548500
2020-07-07,73.77326115978317,73.84004211425781,73.70647383611879,73.84004211425781,3300800,290.43785396731937,292.4085952599446,288.5868078840447,288.9643859863281,82910000,93.6673355102539,95.30000305175781,89.11399841308594,92.65733337402344,322345500
2020-07-08,73.86508901762078,73.8734326558341,73.75655802895282,73.79830169677734,2908100,289.7287189273089,291.2850657221682,287.96979804712055,291.174560546875,54638600,93.66666412353516,94.48400115966797,87.42266845703125,91.05867004394531,244669500
2020-07-09,73.84000847983016,74.04037035955764,73.82331484111296,73.99862670898438,3189700,291.7823777440841,292.0218243686505,286.10954433852584,289.5169372558594,83354200,93.1326675415039,93.90399932861328,90.08533477783203,92.9520034790039,175764000
2020-07-10,74.0904883320846,74.0904883320846,73.89847637678062,73.91517639160156,2960500,289.45251680342045,292.74018697945144,288.02511114921197,292.4731140136719,57550400,93.06666564941406,103.2613296508789,91.73400115966797,102.97666931152344,350064000
2020-07-13,73.9068037082261,73.96524100379081,73.87341005801947,73.94854736328125,3115800,294.8122255722936,297.18817150586733,289.28674115516975,289.9405822753906,102997500,110.5999984741211,119.66600036621094,98.0739974975586,99.80400085449219,584781000
2020-07-14,74.02366711929004,74.08210440602875,73.99862347771437,74.04036712646484,3067300,288.5223162049318,294.4714402869831,287.3251393658656,293.6978759765625,93657000,103.73332977294922,106.0,95.4000015258789,101.12000274658203,351271500
2020-07-15,74.06540606080094,74.10714333771222,73.99026877166277,74.0487060546875,3349900,296.91194993690715,297.4921303782736,294.0202658653574,296.396240234375,87196500,102.86666870117188,103.33333587646484,97.13333129882812,103.06732940673828,245517000
2020-07-16,74.14891847800001,74.18231213522444,74.09883117675781,74.09883117675781,2856100,294.4991602617193,295.87131342816184,293.85450907927094,295.4200744628906,54622500,98.47733306884766,102.11399841308594,97.73332977294922,100.04266357421875,214512000
2020-07-17,74.22403622313729,74.24072986275227,74.10715526908366,74.17394256591797,2430300,296.4237778227198,297.0592106774664,294.4530085389404,296.27642822265625,62774900,100.89666748046875,102.50066375732422,99.33333587646484,100.05599975585938,139950000
2020-07-20,74.29914886017158,74.29914886017158,74.19896793958812,74.24906158447266,2771000,296.0095034155343,299.4168978746428,295.26356501354775,298.67095947265625,56308800,101.267333984375,110.0,99.19999694824219,109.53333282470703,256821000
2020-07-21,74.30751726956908,74.33256091362222,74.2741236211025,74.29081726074219,3044700,300.632423503006,301.0744442907489,298.3209200855165,299.3063049316406,57292200,109.32866668701172,111.66666412353516,103.86666870117188,104.55733489990234,241608000
2020-07-22,74.39935647506755,74.41605011656162,74.34091917605643,74.39100646972656,5609100,298.94714058873586,301.32311478404205,298.83663538971115,301.0099792480469,57792900,106.5999984741211,108.4280014038086,104.13333129882812,106.15533447265625,212416500
2020-07-23,74.49951621067272,74.49951621067272,74.42438528514515,74.45777893066406,4394900,300.65084417889534,301.3507479273714,296.05549155599056,297.4184265136719,75738000,111.93000030517578,112.5999984741211,98.71800231933594,100.87133026123047,364927500
2020-07-24,74.43272692308865,74.49116420388212,74.37428327310924,74.44107055664062,2980400,295.5674004213925,296.5251308789289,294.00183516323403,295.5029296875,73766600,94.40066528320312,97.66666412353516,91.10266876220703,94.46666717529297,290949000
2020-07-27,74.52457470924286,74.53292471458384,74.2991755185394,74.39100646972656,5146900,296.19358696402725,297.8328128298591,295.4015862760953,297.6578369140625,48293000,95.66666412353516,103.19599914550781,94.19999694824219,102.63999938964844,240730500
2020-07-28,74.47446471981249,74.49950835901562,74.36594016020364,74.42437744140625,5547800,296.9303522871835,298.04467867981947,295.47532024869815,295.77001953125,57495000,100.26667022705078,104.3133316040039,98.29467010498047,98.43267059326172,237130500
2020-07-29,74.46614533611819,74.5412826538086,74.43275804957642,74.5412826538086,3136200,296.6449108985429,299.96942614775605,296.60806645726814,299.40765380859375,48454200,100.06666564941406,102.32066345214844,99.13333129882812,99.94066619873047,141403500
2020-07-30,74.56629128888443,74.60803493124276,74.54959765345245,74.5829849243164,2621100,296.4422138237154,298.7537169791964,294.3609672745089,298.33929443359375,61861700,99.19999694824219,100.8826675415039,98.06666564941406,99.16600036621094,114315000
2020-07-31,74.59133558525555,74.69151650628876,74.52454830456675,74.68316650390625,5110000,300.1258457184252,300.7981230082648,295.9172622915835,300.6968078613281,84986800,101.0,101.13666534423828,94.73200225830078,95.38400268554688,183123000
2020-08-03,74.69909032467696,74.70745519794467,74.57364274777646,74.65727233886719,6270000,302.35458371421714,303.55176103880365,301.81124766050027,302.78741455078125,53077900,96.61333465576172,100.65399932861328,96.29199981689453,99.0,132139500
2020-08-04,74.740889780817,74.81615447998047,74.72416003842918,74.81615447998047,5325100,301.93091720834786,303.9569396972656,301.93091720834786,303.9569396972656,41917900,99.6673355102539,101.82733154296875,97.46666717529297,99.13333129882812,126225000
2020-08-05,74.7408996706132,74.75762303468665,74.66562858096255,74.71580505371094,4931500,305.2554780680495,306.10273162848586,304.9884050397274,305.8448486328125,42697700,99.53266906738281,99.98933410644531,97.88733673095703,99.00133514404297,74217000
2020-08-06,74.8328857421875,74.91651531424336,74.79943263725968,74.8328857421875,3933400,305.26466855525786,308.00897505925286,304.9423429439364,307.8892517089844,43679400,99.38866424560547,101.15399932861328,98.48400115966797,99.30533599853516,89884500
2020-08-07,74.8914525469409,74.92489928271465,74.72418696542445,74.74927520751953,3764400,306.9223032635199,308.39577169944573,306.01979717179796,308.11029052734375,57308300,99.96932983398438,99.98332977294922,94.33399963378906,96.84733581542969,133446000
2020-08-10,74.832884418164,74.84960778006834,74.65725402526859,74.66561889648438,3708400,308.56148325207386,309.21532440909493,306.62755797641967,309.0311584472656,44282100,96.53333282470703,97.16666412353516,92.38933563232422,94.57133483886719,112834500
2020-08-11,74.51512044604983,74.51512044604983,74.33113147029545,74.40640258789062,8125700,310.2099438612299,310.84537688701096,305.7527226498275,306.480224609375,69601100,93.06666564941406,94.66666412353516,91.0,91.6259994506836,129387000
2020-08-12,74.30598367196063,74.30598367196063,74.18890103223124,74.2139892578125,4530800,308.9114977995642,311.52689106243633,308.8838714944804,310.7533264160156,53774400,98.0,105.66666412353516,95.66666412353516,103.65066528320312,327441000
2020-08-13,74.23909212035343,74.23909212035343,73.89620900226474,73.97147369384766,3969800,309.9889565628064,311.4992695414481,309.2706445155212,310.1915588378906,41816100,107.4000015258789,110.07866668701172,104.48400115966797,108.06666564941406,306379500
2020-08-14,74.01331836699694,74.04677147994492,73.87114742236467,73.88787078857422,3454400,309.80472777793506,310.734860048338,309.0771977415584,310.2007141113281,47260400,110.99933624267578,111.25333404541016,108.44266510009766,110.04733276367188,188664000
2020-08-17,73.9631274061078,74.05512185357033,73.92130942797841,73.97985076904297,3995400,311.2137530113555,311.58211307766084,310.2099598864431,311.1861267089844,35481000,111.80000305175781,123.05733489990234,111.52200317382812,122.3759994506836,303634500
2020-08-18,74.07185058176427,74.12202705473186,74.02167410879667,74.08021545410156,6371100,311.58210731482745,312.2820111007127,309.98891563003593,311.8583984375,38733900,126.59933471679688,128.25999450683594,123.00733184814453,125.80599975585938,247117500
2020-08-19,74.18058112623319,74.18058112623319,73.92969233782541,73.95478057861328,4628100,312.23591780968894,312.7516274630557,309.9981032669653,310.55987548828125,68054200,124.33333587646484,127.4000015258789,122.74732971191406,125.23533630371094,183079500
2020-08-20,74.14712167174375,74.16384503589025,74.07185058176427,74.08021545410156,4623400,308.8377131218765,312.0056596078708,308.7087997728297,311.52679443359375,42207800,124.04533386230469,134.79933166503906,123.80400085449219,133.45533752441406,309177000
2020-08-21,74.16386338472039,74.23912811279297,74.08023378224095,74.23912811279297,3642100,311.1953341258538,312.85296841916903,310.85457226958493,312.6319580078125,55106600,136.3173370361328,139.69932556152344,135.00332641601562,136.6653289794922,322344000
2020-08-24,74.22239328441182,74.2558463963443,74.1303988217297,74.15548706054688,2960400,315.0631784958775,315.8735875319697,312.60435318835533,315.7999267578125,48588700,141.7519989013672,141.93333435058594,128.50132751464844,134.27999877929688,300954000
2020-08-25,74.03002902740181,74.06348213460822,73.87949323523685,74.0133056640625,4830800,316.3616932240013,316.9879082126617,315.20133219483836,316.905029296875,38463400,131.65933227539062,135.19667053222656,131.1999969482422,134.8893280029297,159883500
2020-08-26,73.98820343455047,74.02165653542951,73.88784413191334,73.97147369384766,4853800,317.49438668215004,320.3491982017806,316.95105067989545,320.0821533203125,50790200,137.3333282470703,144.39999389648438,136.90866088867188,143.54466247558594,213591000
2020-08-27,74.11367614967023,74.11367614967023,73.69552181739377,73.7038803100586,5125700,320.94785991195465,322.227916207643,319.1244394337551,320.7820739746094,58034100,145.36399841308594,153.0399932861328,142.8333282470703,149.25,355395000
2020-08-28,73.79583560181244,73.83765356505407,73.69548269887312,73.76238250732422,4281200,321.8043286971125,322.98309799950175,320.61634125746116,322.8541564941406,48588900,153.00799560546875,154.5659942626953,145.76800537109375,147.55999755859375,301218000
2020-08-31,73.8460447239787,74.04675698183893,73.81259161758071,73.97985076904297,16000300,322.64223722364346,323.517088692937,321.4542502514148,321.6844787597656,66099200,148.20333862304688,166.7133331298828,146.70333862304688,166.10667419433594,355123200
2020-09-01,73.93212652198015,74.2002087647534,73.87348373111053,74.18345642089844,7201700,322.51332671022755,324.8156120146118,321.6200388879637,324.7143249511719,54908700,167.3800048828125,167.49667358398438,156.836669921875,158.35000610351562,269523300
2020-09-02,74.17503379545965,74.36771439955517,74.16665443262647,74.34258270263672,5054900,326.6206116646277,330.3779287745175,325.47865908576307,329.4109802246094,69540000,159.663330078125,159.67999267578125,135.0399932861328,149.1233367919922,288528300
2020-09-03,74.40127661198797,74.46829877757061,74.31750210080243,74.35101318359375,7543900,327.7256539431089,328.19532906675,315.495917398797,318.0744934082031,148011100,135.7433319091797,143.93333435058594,134.0,135.6666717529297,262788300
2020-09-04,74.24208446581913,74.25883680634675,73.91535949707031,73.91535949707031,6588300,318.75596006198134,320.32149696391184,308.38645966468334,315.4775085449219,139156300,134.27000427246094,142.6666717529297,124.00666809082031,139.44000244140625,330965700
2020-09-08,74.07454778863881,74.13319058265402,73.99077328170068,74.02428436279297,4440300,310.0810183653904,315.54206103531834,306.5539292774732,306.8578186035156,114465300,118.66666412353516,122.913330078125,109.95999908447266,110.06999969482422,346397100
2020-09-09,74.05774295342006,74.09962698141008,73.92369872405844,73.97396850585938,6048200,310.8545526760322,315.37624441716423,309.98889114735533,312.91741943359375,91462300,118.86666870117188,123.0,113.836669921875,122.09333038330078,238397400
2020-09-10,73.91535805554888,74.02426424581338,73.86508825177928,73.99075317382812,5331800,314.7869130200324,315.44075426286713,306.5263111431715,307.48406982421875,90569500,128.73666381835938,132.99667358398438,120.1866683959961,123.77999877929688,254791800
2020-09-11,74.08290682013529,74.10803852615925,74.01588467634913,74.06615447998047,5301400,309.26141246287096,310.32045816888535,304.8225992871863,307.6405944824219,84680200,127.3133316040039,127.5,120.16666412353516,124.23999786376953,182152500
2020-09-14,74.13317023218322,74.16668130407629,74.05777511411134,74.06615447998047,4256400,310.79933901286097,313.4607946662511,307.78795955439836,311.692626953125,65605700,126.98332977294922,140.0,124.43333435058594,139.8733367919922,249061800
2020-09-15,74.10802459716797,74.1331562984683,74.05776119456732,74.10802459716797,3746900,314.14224664496544,314.97106380213984,311.70182964170226,313.26739501953125,52920900,145.52000427246094,153.97999572753906,143.56666564941406,149.9199981689453,291894600
2020-09-16,74.20854833622467,74.22530067109575,74.00748196828313,74.09126281738281,4851800,314.5013391992171,315.92874461250403,311.7477873154288,312.0240783691406,82096000,146.6233367919922,152.59666442871094,145.10333251953125,147.25332641601562,216837900
2020-09-17,74.22530067109575,74.233680034322,74.0745040909303,74.09126281738281,2815400,307.18016277231743,310.9927613539666,306.65523489152685,309.27984619140625,91523300,138.53334045410156,145.92999267578125,136.0,141.14332580566406,230337600
2020-09-18,74.15828866616894,74.15828866616894,73.99911909264249,74.00749206542969,2938800,310.08326217502207,310.19420971929947,303.24122418442806,305.7191467285156,105877900,149.31333923339844,150.3333282470703,142.93333435058594,147.38333129882812,259220400
2020-09-21,74.13316718068796,74.14154654621217,74.04101333467109,74.04939270019531,4981500,301.14247861932574,302.4646509332724,297.471812475892,302.31671142578125,99450800,151.0433349609375,151.89332580566406,135.69000244140625,149.79666137695312,328430400
2020-09-22,74.0577868417626,74.11642962896622,74.0158963973667,74.07453918457031,4442200,303.7960278580259,305.9503348545205,301.2903399000604,305.39556884765625,63612100,143.1999969482422,145.9199981689453,139.1999969482422,141.41000366210938,238742400
2020-09-23,74.06613548646864,74.09126718604783,73.9069595336914,73.9069595336914,4659600,305.9503536740996,306.22775080288056,297.8138791281714,298.31317138671875,93112200,135.05332946777344,137.38333129882812,125.2933349609375,126.78666687011719,285222600
2020-09-24,73.99075461681994,73.99913398287552,73.88184842443152,73.91535949707031,4225900,297.0001882528296,302.1594468796686,295.6872430633771,299.1082763671875,76681300,121.26667022705078,133.1666717529297,117.0999984741211,129.26333618164062,289683300
2020-09-25,73.97398166029043,73.97398166029043,73.88182783411222,73.9069595336914,5602600,298.25762343564503,304.7298270780176,297.38852490576954,303.9439392089844,71069400,131.1566619873047,136.2433319091797,130.43333435058594,135.77999877929688,201625500
2020-09-28,73.94883041916859,73.98234147650899,73.91532575340884,73.97396850585938,4215100,308.09538490645014,309.70418077413325,307.10605558287943,308.99224853515625,64584600,141.5399932861328,142.69332885742188,138.51666259765625,140.39999389648438,149158800
2020-09-29,74.04941607571588,74.09130652497754,73.99915264987004,74.02428436279297,7929700,308.78887594020625,309.5285451633514,306.6160587994306,307.30950927734375,51304000,138.6666717529297,142.8333282470703,137.1999969482422,139.69000244140625,150657900
2020-09-30,73.95722293284979,73.97398166029043,73.83155804337206,73.9069595336914,6113600,307.97519790754353,312.78313211808506,307.781039690102,309.6394958496094,104081100,140.44000244140625,144.64332580566406,140.1566619873047,143.00332641601562,144436800
2020-10-01,73.83981672880591,74.00765741202177,73.82303586171803,73.98248291015625,4485900,312.22836509125534,313.1991843917802,309.7504423645945,311.62738037109375,88698700,146.9199981689453,149.6266632080078,144.80667114257812,149.3866729736328,152224500
2020-10-02,74.02446259991426,74.02446259991426,73.83145375388705,73.9321517944336,5557100,306.6900399805022,311.5996670640401,306.2184846303253,308.6686706542969,89431100,140.4633331298828,146.3766632080078,138.3333282470703,138.3633270263672,214290000
2020-10-05,73.8314620568473,73.8314620568473,73.65522766113281,73.65522766113281,6298400,310.7212700191764,314.3272066536649,310.675051276602,314.1423034667969,45713100,141.11666870117188,144.54666137695312,139.77667236328125,141.89332580566406,134168400
2020-10-06,73.73077640834562,73.88182992715001,73.63007192831874,73.75595092773438,5705900,314.28097349200937,316.37057974539914,309.16793362544905,309.67645263671875,90128900,141.26333618164062,142.92666625976562,135.35000610351562,137.9933319091797,147438900
2020-10-07,73.69718945105916,73.76432575395323,73.6132722736767,73.65522766113281,3494600,312.6259658002967,315.87132309591203,312.5982289095894,315.0669250488281,56999600,139.9566650390625,143.3000030517578,137.9499969482422,141.76666259765625,129383100
2020-10-08,73.75593052907766,73.80627955393015,73.72236237835264,73.7811050415039,5661600,316.99938098191984,317.92398175584026,316.0840070284668,317.8592529296875,45242500,146.14666748046875,146.3333282470703,141.76666259765625,141.97332763671875,121263300
2020-10-09,73.70562461796675,73.79793548583984,73.64688192045423,73.79793548583984,4105000,319.5049503113114,321.15999312657567,318.8854837702439,320.69769287109375,59528600,143.3766632080078,144.8633270263672,142.15333557128906,144.6666717529297,86777100
2020-10-12,73.83982325447184,73.93213403778176,73.81464875038148,73.9069595336914,3383500,323.2311019429976,327.32707559553944,322.7410647815939,325.8569641113281,80388500,147.3333282470703,149.5800018310547,146.19332885742188,147.43333435058594,116373300
2020-10-13,73.94891737450939,74.01604724768947,73.92373646929076,73.9656982421875,4121100,325.7182319216309,325.89390825718806,322.7687543508322,323.7303466796875,73255500,147.78334045410156,149.6300048828125,145.53334045410156,148.88333129882812,103391100
2020-10-14,73.99088026965093,74.04123568274157,73.94892489495506,74.0076675415039,6966400,324.3035773052644,325.39459896157194,320.96578353895984,321.6961975097656,57727900,149.92666625976562,155.3000030517578,149.11666870117188,153.76666259765625,143639100
2020-10-15,74.00766001508424,74.04961538551333,73.93213010436364,73.9656982421875,3877900,317.7944920914556,321.77951876830656,317.2582361118935,321.2987365722656,60357700,150.10333251953125,152.19000244140625,147.5,149.6266632080078,107017200
2020-10-16,73.98248944843043,74.02444482109169,73.88178502960106,73.9069595336914,3424500,322.648589773227,324.30363260576735,320.92884634883575,321.1045227050781,89501900,151.47999572753906,151.98333740234375,146.28334045410156,146.55667114257812,98327700
2020-10-19,73.85665391908564,73.87343479751594,73.78112395996992,73.8398666381836,5206600,322.3620517041388,322.99077345358967,315.32585341268987,316.22271728515625,68425600,148.74667358398438,149.0,142.9566650390625,143.61000061035156,108863400
2020-10-20,73.78948103252516,73.78948103252516,73.68877660443425,73.71395111083984,4652700,317.56327447111846,320.72542054305353,316.8051235185024,317.48931884765625,60051900,143.9166717529297,143.9166717529297,139.68333435058594,140.64666748046875,94968900
2020-10-21,73.68041372049541,73.71397547181529,73.61327741291427,73.63005828857422,4115700,317.443073902537,319.6066638803036,316.5832022185799,316.8883361816406,63575000,140.89999389648438,144.31666564941406,140.4166717529297,140.8800048828125,97111500
2020-10-22,73.62166500866647,73.63005224457262,73.48739240452613,73.5041732788086,5036700,317.10097125484754,319.2090592108434,314.9651464132425,318.6265563964844,55399300,147.30667114257812,148.41000366210938,141.50332641601562,141.92999267578125,119979600
2020-10-23,73.49579089535318,73.63845074481858,73.4873972564227,73.59648895263672,3237300,319.8470279304944,319.9025017003484,317.25815794875194,319.7083435058594,49143900,140.6133270263672,140.9633331298828,135.7933349609375,140.2100067138672,101151000
2020-10-26,73.68879438840487,73.7727179666356,73.68040715255789,73.70558166503906,4177000,316.333567187947,317.1194832403807,310.31440902526583,313.8001708984375,91473000,137.2100067138672,141.9199981689453,136.6666717529297,140.0933380126953,84717600
2020-10-27,73.82305513668113,73.89857866199665,73.76431248283491,73.88179779052734,3293100,314.1422764667609,314.4751191044585,312.5057155150436,312.7183837890625,65994100,141.25332641601562,143.5,140.03334045410156,141.55999755859375,68059500
2020-10-28,73.9237648802327,73.9237648802327,73.75593052907766,73.7811050415039,4766400,307.0598897426626,312.7461782493359,301.54002258547484,302.0300598144531,127094300,138.82666015625,139.53334045410156,135.3333282470703,135.33999633789062,76354200
2020-10-29,73.78108373321537,73.7978710049647,73.54611314847078,73.62164306640625,4200700,302.26110998803335,308.26175735299205,300.5783305446324,305.0996398925781,90597700,136.65333557128906,139.35333251953125,135.48666381835938,136.94332885742188,67965900
2020-10-30,73.57970575346162,73.64684205784408,73.42865226983629,73.49578857421875,9731400,303.52783260839107,304.8315226203362,298.2761088587803,301.9190368652344,120287300,135.63333129882812,135.8633270263672,126.37000274658203,129.34666442871094,127533900
2020-11-02,73.60591301399472,73.66475713907353,73.5722868834456,73.5975112915039,4021200,305.30303955078125,307.30015142841495,302.56620226434757,305.30303955078125,86068300,131.3333282470703,135.66000366210938,130.76666259765625,133.50332641601562,87063300
2020-11-03,73.57229559833615,73.58911187236697,73.48823346877022,73.58070373535156,3985400,308.5299804346644,312.7461569674992,305.3863439975958,310.69354248046875,93294200,136.57666015625,142.58999633789062,135.56333923339844,141.3000030517578,103055100
2020-11-04,74.03459364331941,74.13547197430691,73.97574955362457,74.08502960205078,5667400,315.1592566885133,321.70544286251004,313.9850244208607,317.63720703125,126959700,143.5399932861328,145.13333129882812,139.03334045410156,140.32666015625,96429300
2020-11-05,74.21112626658926,74.21953439759288,74.06822010715184,74.16069030761719,4128700,322.9074612913422,325.63504398286517,322.55610859572175,323.8320617675781,82039700,142.76666259765625,146.6666717529297,141.3333282470703,146.02999877929688,85243500
2020-11-06,73.9841825082579,74.03461848391188,73.90852213125001,73.99258422851562,3844500,323.5454189031764,325.00630337123437,321.43733106964845,323.7580871582031,74973000,145.36666870117188,145.52333068847656,141.42666625976562,143.31666564941406,65118000
2020-11-09,73.75723697647925,73.7740532507027,73.50505058489233,73.64795684814453,5712700,336.52688050400957,336.90597013486416,327.3640851994297,327.8263854980469,172304200,146.5,150.8333282470703,140.3333282470703,140.4199981689453,104499000
2020-11-10,73.49659675092856,73.59747509295941,73.46297063691827,73.5050048828125,5169600,326.83715571156625,328.39973345451335,324.0818631505619,327.345703125,85552000,140.02999877929688,140.02999877929688,132.00999450683594,136.7866668701172,90852600
2020-11-11,73.50499922029674,73.56384331190027,73.45455684640446,73.55543518066406,3365700,329.5276225136965,330.60016251209254,328.2886611922482,329.77728271484375,58649000,138.81666564941406,139.56666564941406,136.86000061035156,139.0433349609375,52073100
2020-11-12,73.68155951373926,73.79924774169922,73.63952525509896,73.79924774169922,4178500,328.7693928828868,329.82345086701974,324.7751406594177,326.5780944824219,67546200,138.35000610351562,141.0,136.5066680908203,137.25332641601562,59565300
2020-11-13,73.83287865499847,73.87490650283745,73.79925252861058,73.82447052001953,3199500,328.48282147525566,331.8391259274995,327.96504743366876,331.0994567871094,62892200,136.9499969482422,137.50999450683594,133.8866729736328,136.1666717529297,59313300
2020-11-16,73.82448947051891,73.87492546628359,73.79927147263658,73.86652374267578,4059400,333.7622800304141,335.42654955095253,332.47707186315154,335.2323913574219,74541100,136.30999755859375,137.48333740234375,134.69667053222656,136.02999877929688,80515800
2020-11-17,73.94214825286164,74.01780862986952,73.90852213125001,73.99258422851562,5537500,332.8284586496354,334.63144099542336,331.3213552496351,333.429443359375,66111000,153.38999938964844,154.0,144.336669921875,147.20333862304688,183564900
2020-11-18,74.0766372680664,74.08503898656939,74.01779317091764,74.0766372680664,6089500,333.697561213107,334.2430721080145,329.379664574458,329.4166564941406,70591300,149.4499969482422,165.3333282470703,147.8333282470703,162.2133331298828,234132000
2020-11-19,74.15229831075403,74.26157838347909,74.11867219294798,74.22795867919922,6207000,328.7879967400085,331.1734540014024,327.44731451105605,330.8036193847656,59940900,164.0,169.5366668701172,162.52333068847656,166.42333984375,187425900
2020-11-20,74.24476056866634,74.32042092899702,74.18591647219824,74.29519653320312,6611300,330.54466445649757,330.74807768636424,328.46431342145667,328.53826904296875,70417300,165.99667358398438,167.5,163.02000427246094,163.20333862304688,98735700
2020-11-23,74.27843106079531,74.28683919775008,74.20277065526103,74.23639678955078,3506600,330.34126910985094,331.7651617960009,328.1129784945893,330.5076904296875,63230600,167.8333282470703,175.3333282470703,167.26333618164062,173.9499969482422,150780900
2020-11-24,74.22794252859649,74.24475237707892,74.14387404560996,74.16069030761719,4678800,333.0503176608031,336.37888489880055,332.1997010545498,335.8333740234375,62415900,180.13333129882812,186.663330078125,175.39999389648438,185.1266632080078,160945500
2020-11-25,74.20272914499535,74.23635526047408,74.11866706306138,74.1270751953125,5282000,335.75017614636334,335.77791303204526,334.22459100072433,335.31561279296875,45330900,183.35333251953125,191.3333282470703,181.7899932861328,191.3333282470703,146790600
2020-11-27,74.2195672072988,74.29522117920072,74.21115907257827,74.28681945800781,2226300,336.4067085508926,336.721069396595,335.2417026629686,336.2495422363281,28514100,193.72000122070312,199.5933380126953,192.81666564941406,195.25332641601562,112683300
2020-11-30,74.28679286849112,74.39607292663288,74.26997660506912,74.38766479492188,4729900,335.47279650501997,335.7409385582566,332.08878340971694,334.7608642578125,83872700,200.73666381835938,202.60000610351562,184.836669921875,189.1999969482422,189009300
2020-12-01,74.3144239266402,74.32283924501733,74.09550359459851,74.1628646850586,7331400,338.00621842500254,339.95711197569057,337.4144605490259,338.4222717285156,74231400,199.19667053222656,199.28334045410156,190.68333435058594,194.9199981689453,120310500
2020-12-02,74.11234410034795,74.25548803020641,73.94394779027706,74.03656768798828,4631300,337.3127825968703,339.2914131198718,336.73953476512753,339.1342468261719,45927000,185.47999572753906,190.51333618164062,180.40333557128906,189.60667419433594,143327100
2020-12-03,74.20496156207976,74.2554855925684,74.09550460651765,74.17970275878906,3685300,339.03249301288866,340.4286487496057,337.94147123204993,339.041748046875,62882000,196.67333984375,199.6566619873047,194.14332580566406,197.7933349609375,127656000
2020-12-04,74.09553335300808,74.11237042043166,73.93555230489025,73.98607635498047,4880200,339.62423252861316,341.9634704589844,339.53176684344106,341.9634704589844,50749900,197.00332641601562,199.67999267578125,195.1666717529297,199.67999267578125,88203900
2020-12-07,74.07870473343576,74.15448118134793,74.06186124018163,74.08712005615234,4734800,341.1961049259402,341.75087093197277,339.9941354266788,341.2608337402344,48944300,201.63999938964844,216.26333618164062,201.01666259765625,213.9199981689453,168929100
2020-12-08,74.22182149699194,74.2302432412578,74.10394277290453,74.11235809326172,3737300,339.99411677063375,342.8233922079248,339.9478980295718,342.2593994140625,42458900,208.50332641601562,217.0933380126953,206.1666717529297,216.6266632080078,192795000
2020-12-09,74.00291342240405,74.02817223549428,73.93555230489025,73.98607635498047,5163900,342.9158669849853,343.0730332820125,338.3575929060704,339.1897277832031,74098300,217.89666748046875,218.10667419433594,196.0,201.4933319091797,213873600
2020-12-10,74.06183617238234,74.17971488962084,74.02815562118445,74.13761901855469,4731400,337.82129446332254,340.1235407764272,336.952167699225,339.0787658691406,57735400,191.4566650390625,209.25,188.77999877929688,209.02333068847656,201249600
2020-12-11,74.2302572385942,74.2891966117519,74.1965766790884,74.2555160522461,5317100,337.38668688428726,339.0879482674164,335.870356871384,338.6811218261719,57698600,205.00332641601562,208.0,198.93333435058594,203.3300018310547,139425000
2020-12-14,74.18809944732033,74.25546051595202,74.10390132348324,74.2302017211914,5176800,340.8447147774003,341.91722644158915,336.98911858351033,337.164794921875,69216200,206.3333282470703,214.25,203.39999389648438,213.27667236328125,156121800
2020-12-15,74.18811672551146,74.27231486895803,74.17969498399482,74.2638931274414,6539900,339.69817587761173,341.7230529785156,338.3297853661233,341.7230529785156,63865300,214.42666625976562,215.63333129882812,207.93333435058594,211.0833282470703,135214500
2020-12-16,74.17129738062586,74.25550197538237,74.087099209778,74.18814086914062,4186700,341.93578357691985,343.17474493301853,341.05740176418556,342.2593994140625,58420500,209.41000366210938,210.8333282470703,201.6666717529297,207.58999633789062,126287400
2020-12-17,74.28914534851253,74.34808468099914,74.1291644072323,74.20494079589844,4963600,343.8960014260122,344.37678365275156,343.0730932236162,344.1733703613281,64119500,209.39666748046875,219.60667419433594,206.5,218.63333129882812,168810300
2020-12-18,74.2554855925684,74.29758145675049,74.14602221309906,74.17970275878906,3472700,344.46123143712066,344.6283621984902,340.7934791537867,342.79913330078125,136542300,222.96665954589844,231.6666717529297,209.51333618164062,231.6666717529297,666378600
2020-12-21,74.25550197538237,74.28076078424587,74.14603857176238,74.18814086914062,5364200,338.8898932592316,351.4159127548199,336.15997816972384,341.5733642578125,96386700,222.0800018310547,222.8333282470703,215.35667419433594,216.6199951171875,174135900
2020-12-22,74.22181684898857,74.3144367583869,74.17129281046603,74.30601501464844,4697300,341.8983673411588,342.0097878229692,339.87415302334546,340.9976806640625,47949000,216.0,216.6266632080078,204.7433319091797,213.44667053222656,155148000
2020-12-23,74.22237396240234,74.23082356734844,74.08720606390547,74.22237396240234,5643700,341.9633643931626,343.20760697353194,340.979112376798,341.3041076660156,46201400,210.73333740234375,217.1666717529297,207.52333068847656,215.32666015625,99519000
2020-12-24,74.3321913666615,74.36598334052226,74.28150662845037,74.34909057617188,1980900,341.77762611632846,342.6597520909689,341.1926686317637,342.63189697265625,26457900,214.3300018310547,222.02999877929688,213.6666717529297,220.58999633789062,68596800
2020-12-28,74.28996900665717,74.365996127046,74.23083465352326,74.32376098632812,4706500,345.17611443159626,345.96538061700096,344.5540073036612,345.5754089355469,39000400,224.836669921875,227.13333129882812,220.26666259765625,221.22999572753906,96835800
2020-12-29,74.29839939280075,74.38288255003263,74.2646138641,74.34909057617188,4884800,347.0981859364546,347.2746111341923,344.33112134700883,344.9161071777344,53680500,220.3333282470703,223.3000030517578,218.3333282470703,221.99667358398438,68732400
2020-12-30,74.36598829732438,74.40822987875589,74.32375316105329,74.3997802734375,3609800,345.733259466037,346.4389603203097,345.0182924625775,345.40826416015625,49455300,224.0,232.1999969482422,222.7866668701172,231.5933380126953,128538000
2020-12-31,74.43356809012462,74.51804480310659,74.4166688804322,74.50115203857422,6134900,345.2132342407314,347.8874388872676,344.70254763729105,347.1631774902344,78520700,233.3300018310547,239.57333374023438,230.3733367919922,235.22332763671875,148949700
2021-01-04,74.37443790264277,74.42512264423225,74.32375316105329,74.3997802734375,7568400,348.4910332362678,348.6210426946345,338.7506384714175,342.43695068359375,110210800,239.82000732421875,248.163330078125,239.06333923339844,243.2566680908203,145914600
2021-01-05,74.35753274121542,74.37443195049977,74.18857931933145,74.27305603027344,6452700,341.79620806023695,345.88178590422,341.74976397277425,344.7953796386719,66426200,241.22000122070312,246.94667053222656,239.73333740234375,245.0366668701172,96735600
2021-01-06,74.01121038175476,74.01121038175476,73.78311606747715,73.9436264038086,5933700,343.291214067815,350.04173174075373,342.74337775337597,346.8568115234375,107997700,252.8300018310547,258.0,249.6999969482422,251.9933319091797,134100000
2021-01-07,73.80000691958799,73.85069167472123,73.77466454202136,73.79155731201172,6196100,349.2245069915542,352.7529537930365,349.04808181779595,352.0101318359375,68766800,259.2099914550781,272.3299865722656,258.3999938964844,272.0133361816406,154496700
2021-01-08,73.82533681475286,73.82533681475286,73.63948415047204,73.72396087646484,7688800,353.3937031789076,354.2293850911422,350.1531015213458,354.0158386230469,71677200,285.3333435058594,294.8299865722656,279.46331787109375,293.3399963378906,225166500
2021-01-11,73.70705304179442,73.70705304179442,73.58033475612902,73.64791870117188,5404300,350.84951439553026,353.3844152987946,350.7287994312137,351.6294860839844,51034700,283.1333312988281,284.80999755859375,267.8733215332031,270.39666748046875,177904800
2021-01-12,73.57190930466562,73.63105010986328,73.44519742256165,73.63105010986328,6078800,351.8152452148604,352.7159036317569,349.4660070637659,351.70379638671875,52547700,277.0,289.3333435058594,275.7799987792969,283.14666748046875,138812100
2021-01-13,73.72398718471588,73.9267391336435,73.68175202922848,73.82536315917969,7357100,351.6295990313893,353.6445194562328,350.84962709239943,352.6510009765625,45303600,284.2533264160156,286.8233337402344,277.3333435058594,284.8033447265625,99937500
2021-01-14,73.83377490929865,73.9182516221205,73.67326464332511,73.7323989868164,7191900,353.39372265354797,353.89514316325904,351.0816626236897,351.4159240722656,49989100,281.1300048828125,287.6666564941406,279.5833435058594,281.6666564941406,93798900
2021-01-15,73.78310770443547,73.8591412822975,73.7324229493022,73.79155731201172,4083600,349.80025180486865,350.5987841141442,346.99606590019863,348.8531494140625,107160000,284.0,286.6333312988281,273.0333251953125,275.38665771484375,116332800
2021-01-19,73.80841423830093,73.90134053291081,73.74927990947269,73.89289093017578,7636500,351.3045005009363,352.13091630295105,349.8281224423444,351.59234619140625,51233300,279.26666259765625,283.3333435058594,277.6666564941406,281.51666259765625,76101000
2021-01-20,73.85067610059667,73.91826005662989,73.83378333416876,73.88446807861328,5889500,353.876603510318,357.2936593696755,353.4866317659634,356.4579772949219,61836100,286.2466735839844,286.5,279.09332275390625,283.48333740234375,76997700
2021-01-21,73.77463789532298,73.83377223667374,73.72394671333674,73.7830810546875,7890800,357.01500286554875,357.4421524664681,355.86362018115483,356.7828674316406,47840100,285.0,285.239990234375,280.47332763671875,281.663330078125,61563300
2021-01-22,73.84225098422188,73.85069414691863,73.75776779595544,73.81690216064453,4439800,354.9350947122526,356.68075778914084,354.55438918277406,355.52008056640625,52860500,278.10333251953125,282.6666564941406,276.2066650390625,282.21331787109375,60199500
2021-01-25,73.90982152931468,73.99429826443819,73.87602954623293,73.98585510253906,5126900,356.25365943655754,357.27503278883,351.4159360582794,356.9222106933594,70402000,285.0,300.1333312988281,279.6066589355469,293.6000061035156,123520200
2021-01-26,73.95207461222822,74.01965858889483,73.9182826238949,73.9774169921875,4608700,357.8694069777516,358.27796776049894,356.1330378195035,356.36517333984375,42665300,297.1266784667969,298.6333312988281,290.5333251953125,294.36334228515625,69394800
2021-01-27,74.0281017521061,74.0872361203987,73.96896738381349,73.9774169921875,4248500,353.0500980152295,353.14295784515673,345.4267792034528,347.6552734375,123351100,290.1166687011719,297.1666564941406,286.2200012207031,288.0533447265625,82002000
2021-01-28,73.96894341048386,73.97739301611936,73.8422315517547,73.91825866699219,4359300,349.4660278006509,354.6380131608825,349.0296402961442,350.6452941894531,94198100,273.3333435058594,282.6666564941406,267.0,278.4766540527344,79134000
2021-01-29,73.74085453346814,73.90136481237512,73.74085453346814,73.85912322998047,6088400,348.7882096621224,349.7539012035363,341.9541263228981,343.6255187988281,126765100,276.6666564941406,280.8033447265625,260.0333251953125,264.510009765625,104972400
2021-02-01,73.81596016852971,73.92596057529711,73.80750356448833,73.88365173339844,5774700,347.0146573120808,350.37597423640665,343.91333096928156,349.3453063964844,75817600,271.42999267578125,280.6666564941406,265.1866760253906,279.9366760253906,76174200
2021-02-02,73.79058837890625,73.81597110563717,73.75674259145705,73.79058837890625,4554500,352.52084118245415,355.83574176244537,349.42880987347587,354.2850646972656,64450700,281.55999755859375,293.5,280.73333740234375,290.92999267578125,73038600
2021-02-03,73.73981276721562,73.75673243089746,73.66365814208984,73.66365814208984,4271700,355.11158757378746,356.2815595050007,353.2916532761181,354.5637512207031,52427100,292.3399963378906,292.6933288574219,284.35333251953125,284.89666748046875,55030500
2021-02-04,73.65523555117707,73.70600102108855,73.56216121938871,73.68061828613281,4652200,355.59439688401244,358.64001317221204,354.6751494739212,358.5935974121094,47142600,285.0,285.5,277.8066711425781,283.3299865722656,47438100
2021-02-05,73.68060842658362,73.72291082737384,73.57060798259378,73.57907104492188,4401300,360.4600097242856,360.7107058588383,358.5472155031286,360.0050048828125,48669800,281.6666564941406,288.25665283203125,279.65667724609375,284.07666015625,55699800
2021-02-08,73.58750997238707,73.71443004398137,73.56212724915281,73.66365814208984,5571500,361.45338648457397,362.65121310957915,360.59914406217075,362.60479736328125,38365200,289.8900146484375,292.5899963378906,284.9166564941406,287.8066711425781,60485100
2021-02-09,73.6636599315581,73.73135149877584,73.62135754361437,73.62981414794922,4474000,361.769153490128,362.95771418565323,361.3606211720995,362.3634338378906,35551100,285.0400085449219,286.6000061035156,280.5833435058594,283.1533203125,45473100
2021-02-10,73.71445285176073,73.74829864501953,73.67214399633096,73.74829864501953,3735500,364.09979957873327,364.24836966450124,359.8099410732521,362.20556640625,59154400,281.21331787109375,281.6066589355469,266.67333984375,268.2733459472656,108648300
2021-02-11,73.74830431274435,73.77368704578292,73.62984079952183,73.67214965820312,4578200,363.28271443963257,363.70056961850463,360.36710768462626,362.79058837890625,42913300,270.8133239746094,276.6266784667969,267.24334716796875,270.5533447265625,64868400
2021-02-12,73.55367080629286,73.5875165921242,73.45213344879879,73.4775161743164,4825400,361.99194161683124,364.82398210881274,361.91764242159826,364.58258056640625,50593300,267.086669921875,272.4433288574219,261.77667236328125,272.0400085449219,71304900
2021-02-16,73.24910283553197,73.2660225094317,73.11372607805339,73.13064575195312,6702200,365.80828939947554,366.0033035639086,363.5519398125603,364.26690673828125,50972400,272.6666564941406,273.6666564941406,264.14666748046875,265.40667724609375,59406900
2021-02-17,73.25753810846874,73.29138389885503,73.18138346624349,73.28292083740234,5217000,362.5212660866274,364.60119044464864,361.5091306885375,364.3504943847656,52290600,259.6966552734375,266.61334228515625,254.00332641601562,266.04998779296875,77989500
2021-02-18,73.17290784878047,73.2744387381356,73.12213594868012,73.24059295654297,4607000,361.7506393479471,363.5427184335589,360.03283114692755,362.7998962402344,59712800,260.29998779296875,264.89666748046875,258.75665283203125,262.4599914550781,53871300
2021-02-19,73.13064860460821,73.14756827916794,72.93603684232197,72.98680877685547,4011100,364.0534436890481,364.34128942229216,361.7134998744819,362.1592102050781,83241000,265.0,265.5966796875,259.1233215332031,260.4333190917969,56874900
2021-02-22,72.9275223164035,73.01213353286136,72.76675648633817,72.78367614746094,4809400,359.4013597570989,361.77842431901905,359.1042196026477,359.3735046386719,67414200,254.2133331298828,256.1666564941406,236.73333740234375,238.1666717529297,111809100
2021-02-23,72.65680592524045,72.80910878795535,72.61449706404291,72.76679992675781,6475900,357.1728812923066,361.15633342710237,353.0315929249602,359.8099365234375,107284100,220.7100067138672,237.8699951171875,206.3333282470703,232.94667053222656,199820700
2021-02-24,72.49601343385777,72.75831020197435,72.44524798336386,72.7244644165039,5164600,358.72348094434057,364.20189931472817,357.7392290684119,363.7747497558594,72433900,237.28334045410156,248.3333282470703,231.38999938964844,247.33999633789062,110301000
2021-02-25,72.42832568471805,72.47909759331453,71.85296021220734,72.08987426757812,9956100,362.5120335653563,363.8769912428288,353.57017085547034,355.0093994140625,146670500,242.0500030517578,245.73666381835938,223.52667236328125,227.4066619873047,117071700
2021-02-26,72.40293476285136,72.71600341796875,72.17448379400896,72.71600341796875,8580200,356.8850154751008,358.0271036542426,351.20234468696304,353.18011474609375,152701600,233.3333282470703,235.56666564941406,219.836669921875,225.1666717529297,123267600
2021-03-01,72.545677964737,72.66431306068706,72.47788463415756,72.62194061279297,7152000,358.0365203858285,362.98566530807483,353.37524956474846,361.74139404296875,105348800,230.0366668701172,239.6666717529297,228.35000610351562,239.47666931152344,81408600
2021-03-02,72.57954481591946,72.63038656040541,72.53717238543103,72.61344146728516,5338800,361.964195274004,362.19633073939394,358.41715856200267,358.9185791015625,79595300,239.42666625976562,240.3699951171875,228.3333282470703,228.81333923339844,71196600
2021-03-03,72.42705415615778,72.46942014552656,72.30841904171905,72.38468170166016,6022500,358.22202840722247,359.1876911517273,354.0621523418416,354.164306640625,119940200,229.3300018310547,233.56666564941406,217.23666381835938,217.73333740234375,90624000
2021-03-04,72.41008379589677,72.43551114107356,72.07113010839899,72.15586853027344,9701800,353.9787065028338,356.5600515760826,345.306129482108,349.7817077636719,183433000,218.60000610351562,222.81666564941406,200.0,207.14666748046875,197758500
2021-03-05,72.02877169345756,72.13893101683661,71.96097835670348,72.11351013183594,6871000,353.27300175449477,357.2657484566025,346.01182648724296,356.21649169921875,152039600,208.68666076660156,209.27999877929688,179.8300018310547,199.31666564941406,268189500
2021-03-08,71.99487698319783,72.0287736524968,71.78302764892578,71.78302764892578,5806700,357.1728776946545,359.9770636155982,354.1644114525265,354.4429626464844,123149200,200.18333435058594,206.7100067138672,186.26333618164062,187.6666717529297,155361000
2021-03-09,71.96945242066644,72.08808752458756,71.96945242066644,72.02029418945312,7671800,358.2778580660894,362.04773549523804,357.7764375613555,359.5035400390625,113633600,202.72666931152344,226.02999877929688,198.40333557128906,224.52667236328125,202569900
2021-03-10,72.088075206723,72.20671029037267,72.0626543266734,72.15586853027344,5286700,361.8435484021286,363.43134734992384,360.43217470818325,361.74139404296875,109899400,233.43333435058594,239.28334045410156,218.35333251953125,222.68666076660156,181817100
2021-03-11,72.14740847923947,72.22367760114487,72.06267003888905,72.16436004638672,5510000,364.201964598063,367.3775617218999,363.7469598417814,365.4090576171875,86245000,233.13333129882812,234.1666717529297,225.72666931152344,233.1999969482422,108761700
2021-03-12,71.80844038279373,71.81691616543843,71.6728601861178,71.732177734375,5717100,364.05339494438545,366.0404596864284,363.2455681020347,365.90118408203125,64653600,223.3333282470703,231.6266632080078,222.04666137695312,231.2433319091797,100751400
2021-03-15,71.74063952709754,71.85927460047728,71.74063952709754,71.81690216064453,5012200,366.15189953144346,368.34327305827475,364.01626458616573,368.0832824707031,73427200,231.3633270263672,237.72666931152344,228.01333618164062,235.97999572753906,88006800
2021-03-16,71.85929702819855,71.90166301612736,71.7406619177921,71.8084487915039,6159100,368.6960693202915,369.401741761804,366.84825201962127,367.61895751953125,73722500,234.4499969482422,235.97332763671875,223.6666717529297,225.6266632080078,96587100
2021-03-17,71.68981342463579,71.8592967711306,71.55423321256855,71.78302764892578,7370600,366.33753812086064,369.6709992628649,365.1954216836132,368.8724670410156,97959300,218.9566650390625,234.57666015625,217.00332641601562,233.93666076660156,121117500
2021-03-18,71.4355626727771,71.57961859700399,71.36776936780254,71.48640441894531,4905200,366.291148848804,368.37107323916246,362.8276780230335,363.5055236816406,115349100,228.09666442871094,229.7433319091797,217.3333282470703,217.72000122070312,99674400
2021-03-19,71.85928514103341,71.91860268642417,71.43558654106299,71.54574584960938,4969200,363.20560482975657,364.7799824618673,360.6623728633488,362.8329772949219,113624500,215.53334045410156,219.07666015625,208.2066650390625,218.2899932861328,128682000
2021-03-22,71.71522595427949,71.78301928497832,71.6474390887085,71.7491226196289,4748300,363.34534370663016,367.1089472702704,363.2894509967949,365.7301940917969,73778600,228.19667053222656,233.2066650390625,222.9166717529297,223.3333282470703,118536600
2021-03-23,71.91861677510644,71.92708609387313,71.75760920673588,71.91014099121094,5148600,365.09665013615654,366.5405922291803,362.0690057743006,362.8515319824219,90686600,225.2566680908203,225.93333435058594,219.1699981689453,220.72000122070312,91475700
2021-03-24,71.82539643235198,72.028769972627,71.80844486600422,72.02029418945312,5148200,364.24899956726335,365.8792700256846,360.96051229403434,361.007080078125,97588600,222.6366729736328,222.67333984375,210.0366668701172,210.08999633789062,101385600
2021-03-25,72.05418270166524,72.07960358318135,71.88470584813945,71.96944427490234,3876300,359.5724129695901,363.82972563036685,357.63470442840975,363.03790283203125,116128600,204.3333282470703,215.1666717529297,203.1666717529297,213.4633331298828,117674700
2021-03-26,71.82537820630309,71.96095837703953,71.79995732836042,71.84232330322266,3376200,364.18373344592686,369.28881849367565,363.5875351124933,368.88824462890625,114409100,213.9566650390625,214.60667419433594,199.9633331298828,206.23666381835938,101558400
2021-03-29,71.85928839829648,71.88470928102659,71.6728599714386,71.7491226196289,3775500,367.4163760803508,369.60560209374427,365.9351623341809,368.70196533203125,108107600,205.2133331298828,205.4933319091797,198.67333984375,203.76333618164062,85911000
2021-03-30,71.66440135285686,71.8338782550668,71.61355957521975,71.82540893554688,4769200,367.4350274245717,368.3945569028789,366.1307883102693,367.72381591796875,76262200,200.5833282470703,212.55332946777344,197.00332641601562,211.8733367919922,118297200
2021-03-31,71.82539294277585,71.90165559225072,71.71522716225263,71.79149627685547,6949300,368.29203631973724,370.7700506223906,368.2640899656706,369.21429443359375,112734200,215.5399932861328,224.0,213.70333862304688,222.64332580566406,100011900
2021-04-01,72.00550901792603,72.0564662579423,71.912083091355,72.02249908447266,4780200,371.1426257443496,373.2573371455199,370.93767636691575,373.201416015625,99682900,229.4566650390625,230.80667114257812,219.80667114257812,220.5833282470703,105895200
2021-04-05,71.86963952784767,71.94607540769981,71.81018723913594,71.91210174560547,8200600,375.8564594894642,379.0983784802134,375.7819453604423,378.55804443359375,91684800,235.90333557128906,236.05332946777344,228.23333740234375,230.35000610351562,125528400
2021-04-06,72.00551213585497,72.1838689634468,71.98852854838474,72.16688537597656,5400600,377.9991774130732,379.37790224132345,377.6637927050794,378.33453369140625,62021000,230.10000610351562,232.18333435058594,227.1233367919922,230.5399932861328,84815400
2021-04-07,72.1074641056998,72.20937863396773,72.06499539904492,72.08198547363281,5480200,378.16675464905626,379.11695894712534,377.710288137678,378.77227783203125,55836300,229.0,230.4600067138672,222.6133270263672,223.6566619873047,78928200
2021-04-08,72.16692651984593,72.25185746524217,72.14993644287722,72.24336242675781,3872300,380.0206514166771,380.626174688792,379.089068404298,380.5702819824219,57863100,225.7933349609375,229.85000610351562,223.88333129882812,227.93333435058594,71772900
2021-04-09,72.16689241268895,72.25182331794556,72.06497143849339,72.14990234375,9748500,380.4492124791382,383.5048037222059,380.32810213483407,383.33709716796875,61104600,225.92333984375,226.99000549316406,223.14332580566406,225.67333984375,64311300
2021-04-12,72.13291931152344,72.13291931152344,72.06497199486847,72.13291931152344,3995700,382.74087863290447,383.7469757570129,382.135355372954,383.4768371582031,56704900,228.56666564941406,234.93333435058594,227.3633270263672,233.9933319091797,87407100
2021-04-13,72.0989452749246,72.31977081298828,72.0989452749246,72.31977081298828,4097500,383.3743798281407,385.2375459689583,382.992427357714,384.6133728027344,56551000,237.56666564941406,254.3333282470703,236.8866729736328,254.10667419433594,133958400
2021-04-14,72.2433125806728,72.30276484941115,72.20085037718042,72.26879119873047,4592300,384.58539585907903,385.63808919365846,382.7595011466084,383.2998352050781,61659900,256.8999938964844,260.2633361816406,242.67666625976562,244.07666015625,147052200
2021-04-15,72.472662817526,72.66800328926784,72.42169908070355,72.57457733154297,5395000,385.43314308577106,387.6875864651336,385.3865753074208,387.41741943359375,60229800,247.6999969482422,247.89666748046875,240.43666076660156,246.28334045410156,83546700
2021-04-16,72.37921142578125,72.45564728443445,72.24331681509331,72.37921142578125,6199700,388.7030774145645,389.3179257179002,387.287081231819,388.71240234375,82037300,242.88333129882812,249.80332946777344,241.53334045410156,246.5933380126953,83938500
2021-04-19,72.28580422230974,72.3537515452515,72.2433355255178,72.33676147460938,6165300,387.7807610260529,388.2279026853113,385.4797498055928,386.8025817871094,78498500,239.86666870117188,241.8000030517578,230.60000610351562,238.2100067138672,119058600
2021-04-20,72.31978503826008,72.49814191876675,72.31129000209862,72.45567321777344,6383700,385.59152639170094,386.6907875184191,382.4986639809094,383.9705810546875,81851800,239.13999938964844,245.75,236.89666748046875,239.663330078125,106827000
2021-04-21,72.43019113195128,72.53211212158203,72.39621746874103,72.53211212158203,4508300,383.35574340510965,387.808709170284,383.2159832062883,387.603759765625,66793000,234.92333984375,248.27999877929688,232.6666717529297,248.0399932861328,93646500
2021-04-22,72.54060718796467,72.58306940713513,72.43868619829088,72.56608581542969,4007800,387.43607511013636,388.2651692129653,383.00173084573123,384.063720703125,97582800,247.1666717529297,251.2566680908203,239.34666442871094,239.89666748046875,106770900
2021-04-23,72.60006243986118,72.61704603225935,72.48964640992418,72.57457733154297,6435700,384.6227137075241,389.6346353832558,384.5481995678462,388.2279357910156,73209200,239.93333435058594,245.7866668701172,238.48666381835938,243.13333129882812,85110000
2021-04-26,72.5830652633697,72.60854388938016,72.50662938533836,72.52361297607422,3797400,388.8800074072831,389.60664100563645,388.2931055721406,389.0383605957031,52182400,247.0,249.76666259765625,244.20333862304688,246.06666564941406,93115500
2021-04-27,72.50662978196378,72.50662978196378,72.31977788378062,72.33676147460938,4450300,389.33648125494796,389.53213415675737,387.8179963971385,388.95452880859375,51303100,239.32000732421875,241.3333282470703,234.4499969482422,234.913330078125,88311000
2021-04-28,72.36222487613422,72.38770997673548,72.21784170512043,72.37071990966797,5479200,389.2246953658085,390.342606350338,388.3769514146441,388.8427429199219,51238900,232.1366729736328,236.1666717529297,231.1999969482422,231.46665954589844,66813000
2021-04-29,72.24333197727049,72.311279296875,72.14990603276753,72.311279296875,6247600,391.56292987909427,391.93555735176267,387.94838369193803,391.3207092285156,78544300,233.1699981689453,234.0833282470703,222.8333282470703,225.6666717529297,86536200
2021-04-30,72.3792190927527,72.41319274902344,72.28579315796125,72.41319274902344,6867600,389.05704160482367,389.9047856090629,387.85529148566474,388.7496032714844,85527000,222.52999877929688,238.49000549316406,222.04666137695312,236.47999572753906,122276100
2021-05-03,72.4055429593307,72.56715805659663,72.39703485217431,72.43106079101562,4601200,390.7338415630485,391.1157939955126,389.0942748542552,389.5880126953125,68128300,234.60000610351562,235.3333282470703,226.8333282470703,228.3000030517578,81129300
2021-05-04,72.5076419823124,72.63523767925987,72.48212414088026,72.524658203125,5520300,387.60376353614816,388.09750141176715,383.5048038327527,387.1845397949219,101591200,226.31333923339844,227.81666564941406,219.23333740234375,224.53334045410156,89217900
2021-05-05,72.48213043554686,72.59270992128495,72.44810448075346,72.56719207763672,5950300,388.8241183887439,389.0570141395226,386.7466780571217,387.3056335449219,60162200,227.02000427246094,228.43333435058594,222.44667053222656,223.64666748046875,65705700
2021-05-06,72.51615753381493,72.64375324385537,72.50764942253561,72.6012191772461,4143600,387.3801805344539,390.5289359008101,385.3772825937991,390.3985290527344,74321400,226.9199981689453,227.0066680908203,216.6666717529297,221.17999267578125,83353800
2021-05-07,72.71174269529745,72.81381398382088,72.55862927273047,72.60966491699219,4886300,391.16230418743106,393.89183488910896,390.482238528491,393.2397155761719,67733800,221.93333435058594,230.0,220.07333374023438,224.1233367919922,70407600
2021-05-10,72.61821417062768,72.63522389842633,72.42256660712287,72.43958282470703,6211800,393.5939033628043,393.8174742340862,389.2247758653033,389.34588623046875,81852400,221.63333129882812,221.68333435058594,209.20333862304688,209.67999267578125,94177200
2021-05-11,72.3204702226242,72.33748643584413,72.25242483909597,72.29495239257812,6630800,384.8368977997584,386.85841675179097,382.0048778519801,385.8709411621094,116888000,199.74667358398438,209.03334045410156,198.53334045410156,205.73333740234375,139511700
2021-05-12,72.1758540112875,72.1758540112875,72.01423894869156,72.03975677490234,7011700,383.0948540805935,384.36179320441613,376.3594993403955,377.67303466796875,134811000,200.8300018310547,206.80332946777344,195.58999633789062,196.6300048828125,101470800
2021-05-13,72.0312660935518,72.21840551740942,72.0312660935518,72.18437957763672,6991000,379.2194656575238,384.1382223326197,379.17286945378146,382.2098388671875,106394000,200.51333618164062,202.15333557128906,186.5500030517578,190.56333923339844,132554700
2021-05-14,72.28646967436553,72.3545150756836,72.23542751114509,72.3545150756836,6262100,384.9393967974584,388.9265708311616,384.9114504451291,388.0788269042969,82201600,194.47000122070312,197.6233367919922,190.15333557128906,196.5800018310547,100112700
2021-05-17,72.33749654368827,72.33749654368827,72.26093655306839,72.28646087646484,4753000,386.97025720812496,387.9018401628468,385.07911651757036,387.0913391113281,65129200,191.85000610351562,196.57666015625,187.06666564941406,192.27667236328125,97171200
2021-05-18,72.22691611770964,72.24392584329085,72.17587396139665,72.20989990234375,4631000,387.3522140021612,387.59443468838975,383.5979355139091,383.7563171386719,59810200,189.3333282470703,198.75,187.7933349609375,192.6233367919922,110491800
2021-05-19,72.22690099439428,72.30345447815753,72.04826321938013,72.13333129882812,6511300,379.0797117393857,382.92712508894346,377.5984699667049,382.7501220703125,106467100,184.18333435058594,188.73666381835938,182.32666015625,187.82000732421875,118735200
2021-05-20,72.20989940016517,72.38002261393291,72.20989940016517,72.37152099609375,5283900,383.62581816312553,388.1253793888649,383.50473626977606,386.86773681640625,78022200,191.6666717529297,196.28334045410156,190.35667419433594,195.5933380126953,92463300
2021-05-21,72.40552023729313,72.43103806097014,72.32896027647988,72.38850402832031,5050800,388.34894297284785,389.5879640994018,386.09452836834424,386.5509948730469,76578700,198.70333862304688,198.89332580566406,193.3333282470703,193.6266632080078,78091800
2021-05-24,72.4310671056063,72.50762060733506,72.42255899770818,72.47359466552734,6954500,388.78688623089147,391.563014094204,388.54466552821737,390.49169921875,51376700,193.86666870117188,204.82666015625,191.21665954589844,202.14666748046875,103674300
2021-05-25,72.51613069469292,72.66073608398438,72.50762258656253,72.66073608398438,5235500,391.5723104358726,391.92631656128196,389.047728204707,389.62530517578125,57451400,202.43666076660156,204.663330078125,198.57000732421875,201.56333923339844,84017700
2021-05-26,72.61819077816895,72.69474426328102,72.57565673769552,72.63520050048828,4834400,390.2122010644439,390.9015634477315,389.17815748951244,390.3985290527344,43088600,202.52000427246094,208.72332763671875,200.5,206.3766632080078,85917900
2021-05-27,72.57567614168917,72.59268586855626,72.47359831113124,72.53314208984375,5215200,391.4231298742378,391.935489006105,390.32384064152734,390.60333251953125,56707700,206.74667358398438,210.3766632080078,205.40333557128906,210.28334045410156,79111800
2021-05-28,72.53315982374455,72.63523767925987,72.5161500927187,72.524658203125,5258500,392.1684282039611,392.42927026125136,391.06916727892735,391.30206298828125,58520200,209.5,211.8633270263672,207.4600067138672,208.4066619873047,68211000
2021-06-01,72.47693024251011,72.53656775299527,72.4002562290297,72.51953125,5398000,393.6590742965092,393.79880607447905,390.5196438229263,390.9574890136719,54216600,209.26666259765625,211.26666259765625,206.85000610351562,207.96665954589844,54254700
2021-06-02,72.51098066665152,72.61321914362195,72.49393767049051,72.59617614746094,5479900,391.60953690489885,392.4107130596126,390.6034397848831,391.572265625,49097100,206.7100067138672,207.7866668701172,199.7133331298828,201.7066650390625,69908400
2021-06-03,72.52804478355205,72.52804478355205,72.44284927029776,72.45989227294922,4829000,389.26197808041053,391.2555509981351,387.7993858877597,390.1190185546875,58138800,200.60000610351562,201.51666259765625,190.4066619873047,190.94667053222656,90335700
2021-06-04,72.55362368453878,72.74957275390625,72.53658067850543,72.74957275390625,19321400,391.96360773445116,393.98515566544813,390.1842805183219,393.6870422363281,55938800,193.23666381835938,200.20333862304688,192.39999389648438,199.68333435058594,72110700
2021-06-07,72.69841003417969,72.7239680268089,72.66433054400802,72.69841003417969,10706500,393.6776507018846,393.85465374362394,392.3734402072181,393.3050231933594,51555000,197.27667236328125,203.3333282470703,194.2933349609375,201.7100067138672,67631100
2021-06-08,72.83474731445312,72.85179031557969,72.79215281163759,72.83474731445312,5099600,394.1620869131879,394.2552509032389,391.5629906976117,393.3888854980469,47134300,207.6699981689453,207.69667053222656,198.5,201.19667053222656,78160200
2021-06-09,73.00512647671101,73.04772096882091,72.92844599091512,72.97956848144531,4810300,394.2272616788116,394.30180423460956,392.5783701098852,392.80194091796875,48436300,200.72332763671875,203.92999267578125,199.2100067138672,199.5933380126953,49753800
2021-06-10,72.87734045160892,73.14996994020507,72.85178245267798,73.13292694091797,7400300,394.0223149057569,395.5780709347275,392.7087795402519,394.6278381347656,51020100,201.2933349609375,205.52999877929688,200.1666717529297,203.3733367919922,71758800
2021-06-11,73.11589813232422,73.14145613394346,73.04773912800594,73.11589813232422,4194500,395.1775688004502,395.39181472194224,393.89197955285624,395.280029296875,45570800,203.41000366210938,204.18666076660156,200.5066680908203,203.29666137695312,48615900
2021-06-14,73.06477716685892,73.06477716685892,72.91142266755814,72.92845916748047,4438400,395.3917787091995,396.26746903201445,394.1527857880061,396.1650085449219,42358500,204.07666015625,208.49667358398438,203.05999755859375,205.89666748046875,61272000
2021-06-15,72.89437966763586,72.95401716736393,72.86030016779124,72.92845916748047,6173600,396.31407535492747,396.3513182077345,394.5626946646038,395.4383850097656,51508500,205.56333923339844,205.59666442871094,199.41000366210938,199.7866668701172,53292300
2021-06-16,72.99665153500099,73.0392525542803,72.63882637306543,72.7240219116211,7302400,395.5781066988787,395.8016775286566,391.19035858653814,393.2304992675781,80386100,199.17999267578125,202.8333282470703,197.8333282470703,201.6233367919922,66432300
2021-06-17,72.84326520442991,73.15849570964211,72.82622870414822,72.97106170654297,6467500,392.82060361942723,394.0782178856841,390.63137795315737,393.1000671386719,90949700,200.6300048828125,207.1566619873047,200.44667053222656,205.53334045410156,68104200
2021-06-18,73.0307121773714,73.26074072202658,72.95403166248549,73.20110321044922,5842800,389.8250684379665,390.5166859456781,387.5913161649363,387.79693603515625,118676300,204.4566650390625,209.4499969482422,203.93333435058594,207.77000427246094,73682700
2021-06-21,73.03067582080608,73.0562338130442,72.92843735185559,72.94548034667969,7907000,389.5540649639203,393.53560087943845,388.7409408172673,393.3486633300781,72822000,208.16000366210938,210.4633331298828,202.9600067138672,206.94332885742188,74438100
2021-06-22,72.86031072467347,73.0562662521724,72.85179572347853,73.04774475097656,4082900,393.339353041914,396.28343417143736,392.61966911686017,395.45159912109375,57700300,206.0833282470703,209.52333068847656,205.1666717529297,207.90333557128906,57476700
2021-06-23,73.00514930870375,73.06478681630797,72.95402680218524,72.99662780761719,5739900,395.5264348867474,396.33020373335535,394.8908927490569,394.9750061035156,49445400,210.6666717529297,219.06666564941406,210.01333618164062,218.85667419433594,93297600
2021-06-24,73.0392374444764,73.08183195494112,73.00515793610364,73.03071594238281,4852100,397.1152589733079,397.73209014648296,396.8628904252522,397.3115234375,45110300,224.99667358398438,232.5399932861328,222.5366668701172,226.60667419433594,137947200
2021-06-25,73.04774845018508,73.05626995181247,72.80067690300096,72.89439392089844,6018500,398.0591985278256,399.17141131218983,397.73207208724824,398.7227783203125,58129500,229.86000061035156,231.27000427246094,222.89999389648438,223.9566650390625,97490100
2021-06-28,73.00514415579481,73.13293416306921,72.98810115482463,73.09033966064453,5664100,399.2462335097463,399.69483801915226,398.04990728021846,399.526611328125,53159600,223.8800048828125,231.56666564941406,223.44000244140625,229.57333374023438,64884600
2021-06-29,72.979609998634,73.12444305419922,72.979609998634,73.12444305419922,10672700,399.9097427746152,400.5452847325405,399.2087698297282,399.74151611328125,35970500,228.21665954589844,229.1699981689453,225.29666137695312,226.9199981689453,52143900
2021-06-30,73.18406624036945,73.25222525316636,73.15850823557092,73.17554473876953,4846600,399.2836220683984,400.7509992918403,399.2555842848848,400.07806396484375,64827900,226.58999633789062,230.93666076660156,226.04666137695312,226.56666564941406,56774700
2021-07-01,73.15164607761322,73.19430614175661,73.06631292931603,73.16870880126953,5768000,400.83513000426785,402.452051650708,400.7696989990123,402.29315185546875,53441000,227.97332763671875,229.3300018310547,224.26666259765625,225.97332763671875,55903500
2021-07-02,73.1772409323738,73.29669952392578,73.16017169929209,73.29669952392578,4315700,403.45206040174946,405.72320623377107,402.3772122424309,405.3680419921875,57697700,226.32666015625,233.3333282470703,224.4199981689453,226.3000030517578,81163500
2021-07-06,73.38203797493335,73.61242057859153,73.38203797493335,73.56122589111328,5711600,405.4240192704074,405.6389945546896,401.9004725351284,404.62957763671875,68710400,227.23666381835938,228.0,217.13333129882812,219.86000061035156,69853500
2021-07-07,73.6380212045705,73.75747981012091,73.57829190179531,73.71481323242188,5933900,405.31199914635374,406.34009873848606,403.3025486160357,406.0596923828125,63549500,221.42333984375,221.89999389648438,212.77333068847656,214.88333129882812,56376000
2021-07-08,73.75748371071668,73.86840770459224,73.70628251276896,73.7830810546875,6991200,400.7510054866028,403.5081778396305,399.57336151548776,402.7511291503906,97595200,209.4566650390625,218.14332580566406,206.82000732421875,217.60333251953125,68319900
2021-07-09,73.6124484442145,73.6124484442145,73.55271911621094,73.55271911621094,10304900,404.2558173257462,407.3494426746745,402.55478259875076,407.05035400390625,76238600,217.72666931152344,219.6366729736328,214.89666748046875,218.98333740234375,54421500
2021-07-12,73.60389815653105,73.62949550224755,73.48443953651633,73.527099609375,9073900,406.9662573135737,408.76076088893643,406.5363351584208,408.5083923339844,52889600,220.73333740234375,229.0800018310547,220.72000122070312,228.56666564941406,77781000
2021-07-13,73.51855398395303,73.57828327972902,73.27110218430822,73.29669952392578,8583600,407.72331850573784,409.2187334442086,406.854118733952,407.1158142089844,52911300,228.77333068847656,231.0933380126953,222.10000610351562,222.84666442871094,62898300
2021-07-14,73.45030529355509,73.56122929155423,73.43323605693594,73.5441665649414,5036200,408.80744158086895,409.2934677745335,406.48022038406873,407.7232666015625,64130400,223.5833282470703,226.20333862304688,217.6133270263672,217.7933349609375,64923600
2021-07-15,73.67217982418812,73.73191566386397,73.53565843209545,73.72338104248047,3423000,406.3868556009662,407.0597909836697,404.4334804606937,406.3307800292969,55126400,219.4633331298828,222.04666137695312,212.6266632080078,216.86666870117188,60628800
2021-07-16,73.55270206144445,73.69776454725309,73.54417395228458,73.65509796142578,5725100,407.5083537824567,407.555073909898,402.75108678868395,403.14361572265625,75874700,218.22666931152344,218.89999389648438,214.06666564941406,214.74000549316406,49113000
2021-07-19,73.9878621366539,74.14145270180806,73.96226479412917,74.07318878173828,6493300,398.33031422579336,403.209088281005,394.38617099707693,397.1900634765625,147987000,209.9633331298828,215.73333740234375,207.09666442871094,215.4066619873047,63891300
2021-07-20,74.27798272182865,74.30358006510461,73.95373234698404,73.99639892578125,6762200,397.85357937142714,404.15300952398457,397.05913759218004,402.88189697265625,99608200,217.3300018310547,220.79666137695312,213.5,220.1666717529297,46461300
2021-07-21,73.80011397117502,73.84278053389647,73.68919002210409,73.75745391845703,6293000,404.078212041571,406.2839552086843,402.8351658262947,406.14373779296875,64724400,219.8699951171875,221.6199951171875,216.76333618164062,218.42999267578125,41859900
2021-07-22,73.76598802795061,73.97930783891634,73.76598802795061,73.9195785522461,4894900,406.3213579405747,407.23730633204167,405.3400070746696,406.9942932128906,47878500,218.81333923339844,220.72332763671875,214.86666870117188,216.4199981689453,45317100
2021-07-23,73.7318849181206,73.8598716354601,73.72335030029598,73.83427429199219,8887500,408.91963853760046,411.5179109011736,408.2373763394922,411.18145751953125,63766600,215.45333862304688,216.26666259765625,212.43333435058594,214.4600067138672,43814700
2021-07-26,73.91960507166075,73.91960507166075,73.76601449226307,73.79161834716797,5427900,410.59261588453984,412.20018185039044,410.5458957579973,412.1908264160156,43719200,216.99000549316406,222.73333740234375,215.70333862304688,219.2066650390625,76009800
2021-07-27,73.96226161653878,73.99639357510729,73.89399769940177,73.97932434082031,4344100,411.15354015281275,411.18157794282774,407.4897739623592,410.3123779296875,67397100,221.13333129882812,222.1666717529297,209.0800018310547,214.92666625976562,98439900
2021-07-28,73.88545175345635,74.04757690429688,73.80865974095576,74.04757690429688,6636700,410.93839316496434,411.51785959844165,408.72332311063053,410.1439514160156,52472400,215.6666717529297,218.32333374023438,213.13333129882812,215.66000366210938,48019800
2021-07-29,73.89398121653085,73.97077973368059,73.87691849605535,73.9195785522461,5201000,411.0693312306445,412.9198819868287,411.05997579525564,411.8450622558594,47435300,216.59666442871094,227.89666748046875,216.26666259765625,225.78334045410156,91183800
2021-07-30,73.97930876665389,74.04757266941994,73.95371143061763,74.03050994873047,7557200,409.2841865056366,411.29363706752343,409.15332449973266,409.844970703125,68951200,223.9199981689453,232.50999450683594,223.0,229.06666564941406,88969200
2021-08-02,74.07837932511123,74.30058210320547,74.03564576463029,74.20657348632812,4660800,411.5553115323718,412.10674026622047,408.62991264660883,408.9850769042969,58783300,233.3333282470703,242.31333923339844,232.8000030517578,236.55667114257812,100847400
2021-08-03,74.21510005686679,74.30056716064038,74.18946253382454,74.22364807128906,5297700,409.77944541953616,412.43379291943126,407.5924132229183,412.3122863769531,58053900,239.6666717529297,240.88333129882812,233.6699981689453,236.5800018310547,64860900
2021-08-04,74.36039022114716,74.39457575861168,74.04417888976874,74.22364807128906,3916900,411.03187281061224,412.28427447929056,410.0505220211944,410.2841796875,46732200,237.0,241.63333129882812,236.30999755859375,236.97332763671875,51007800
2021-08-05,74.15529211747466,74.1723881498053,74.02710447612449,74.05274200439453,4613800,411.4431070974712,412.96655962509095,411.1253360982536,412.8824462890625,38969700,238.6666717529297,240.31666564941406,237.1366729736328,238.2100067138672,38758800
2021-08-06,73.77069498282431,73.8390660520744,73.68523440637372,73.70232391357422,4329800,413.20023664333985,413.9853230057107,412.9198303207797,413.5647277832031,46930000,237.3000030517578,238.77667236328125,232.5433349609375,233.03334045410156,46869000
2021-08-09,73.77071189813054,73.81344545626648,73.56560516357422,73.56560516357422,4541300,413.53677868313116,413.8545497653774,412.46195885616,413.2283630371094,41222600,236.72332763671875,239.67666625976562,235.0433349609375,237.9199981689453,44145900
2021-08-10,73.59981140558818,73.59981140558818,73.45452117919922,73.45452117919922,4312300,413.67697011442283,414.45272973628727,412.99470781002555,413.7424011230469,43339300,237.99667358398438,238.8633270263672,233.9600067138672,236.663330078125,40296900
2021-08-11,73.47159753813214,73.61688120538376,73.37758892515154,73.50578308105469,6494000,414.8077484339359,414.86382398659487,413.6861803354337,414.7703552246094,44034300,237.57000732421875,238.39332580566406,234.73666381835938,235.94000244140625,29401800
2021-08-12,73.48019473372415,73.5400178438214,73.4118236021187,73.51437377929688,4946500,414.6208372172166,416.15364514758056,413.72359979508303,416.013427734375,38909400,235.44667053222656,240.93333435058594,233.13333129882812,240.75,52377300
2021-08-13,73.60834348320489,73.8049087524414,73.59125396946658,73.8049087524414,4329600,416.4620637284058,416.78919015715337,415.9760660634455,416.7705078125,39470300,241.23666381835938,243.3000030517578,238.1133270263672,239.05667114257812,50194500
2021-08-16,73.89892855022148,74.01002670688209,73.84765348102852,73.873291015625,3918900,415.4713605109986,417.88269503110484,413.91987021373245,417.7518615722656,73740000,235.02333068847656,236.5,225.46665954589844,228.72332763671875,68032200
2021-08-17,73.81346749641027,73.8989281179745,73.77928194373908,73.79637145996094,7168400,415.2003367624512,415.87327201338974,412.0319534928369,415.013427734375,92673900,224.22000122070312,224.86000061035156,216.27999877929688,221.90333557128906,71163900
2021-08-18,73.77925872802734,73.86471932270017,73.70233962866399,73.77925872802734,4561900,414.0039719428465,415.5648176300806,410.22808476985836,410.4710693359375,89351900,223.25,231.92333984375,223.11666870117188,229.663330078125,61048200
2021-08-19,73.91599760433671,73.94163513183594,73.84763303774733,73.94163513183594,5345600,407.7513985767886,412.3030748636905,407.61120965110115,411.1067199707031,92812200,226.07000732421875,228.85000610351562,222.52999877929688,224.49000549316406,42940500
2021-08-20,73.95873083133988,73.98436835872391,73.8989077607019,73.92454528808594,3581200,411.452559017406,414.7050561972092,410.9665327094938,414.3779296875,72008700,227.61666870117188,230.7100067138672,224.56666564941406,226.75332641601562,44525700
2021-08-23,73.9074561086541,73.95018314774426,73.86472254933825,73.94163513183594,4005500,416.06015823361497,418.9294809997778,414.4525924726287,418.02288818359375,54973000,228.47999572753906,237.3766632080078,226.9166717529297,235.43333435058594,60794700
2021-08-24,73.88183208152518,73.90747613619918,73.79637145996094,73.79637145996094,5164800,418.6864929199219,419.2192392352231,418.17245747210313,418.6864929199219,38744700,236.89332580566406,238.4066619873047,234.2133331298828,236.163330078125,39249300
2021-08-25,73.83053609005108,73.83908410585335,73.61688133657363,73.67670440673828,3904900,418.8735372999682,420.0791906082296,418.49966212692135,419.5651550292969,40529700,235.67666625976562,238.99000549316406,234.6666717529297,237.06666564941406,37936800
2021-08-26,73.70234647043861,73.71089448676705,73.59124833907327,73.68525695800781,4810900,419.2846772641112,419.5183349461485,416.9948490937456,417.08831787109375,57829600,236.10333251953125,238.46665954589844,232.5399932861328,233.72000122070312,39642900
2021-08-27,73.70236048966302,73.89892578125,73.64253740443694,73.89892578125,4780900,417.89207569885787,421.1913209422029,417.8360001384459,420.8174743652344,77235100,235.0,238.3333282470703,234.03334045410156,237.30667114257812,41501400
2021-08-30,73.84762410434747,73.98435974121094,73.83052807459896,73.98435974121094,4119000,421.4904469021432,423.4531772582027,421.24743377041483,422.6680908203125,48357400,238.24000549316406,243.6666717529297,237.57666015625,243.6366729736328,55812600
2021-08-31,73.97583384359923,74.01856741052204,73.83055014842465,73.89037322998047,4974900,422.5746165039233,422.9110698917558,421.4437212534849,422.0418701171875,59300200,244.3333282470703,246.79666137695312,242.14666748046875,245.24000549316406,62566200
2021-09-01,73.96313667039763,73.96313667039763,73.82618062101895,73.90321350097656,4792400,422.97650283531857,423.49053835442544,422.03251662178167,422.26617431640625,48721400,244.69332885742188,247.3300018310547,243.7566680908203,244.69667053222656,39612900
2021-09-02,73.9631189234169,74.00591278076172,73.903195768374,74.00591278076172,4885100,423.6867531244278,424.36901521225076,422.36892054735074,423.56524658203125,42501000,244.8333282470703,246.99000549316406,243.51333618164062,244.1300048828125,38331900
2021-09-03,73.83475906026206,73.86899808051488,73.79195865233969,73.85187530517578,4059700,422.43439243098885,423.9765273755303,422.0324795543075,423.46246337890625,47170500,244.0833282470703,244.6666717529297,241.39999389648438,244.52333068847656,45738300
2021-09-07,73.68069408895242,73.69781033557464,73.57797701794098,73.63789367675781,4839700,423.1166526229062,423.21012139664674,421.27542901861193,421.9483642578125,51671500,246.6666717529297,253.39999389648438,246.4199981689453,250.97332763671875,60119400
2021-09-08,73.72342854543201,73.82614553364769,73.68918954936012,73.7576675415039,4864600,421.41573537498465,422.144746327745,419.518407287907,421.4344177246094,56181900,253.86000061035156,254.81666564941406,246.92333984375,251.2899932861328,56379000
2021-09-09,73.83472189071081,74.0487107617466,73.77480526803767,74.02303314208984,5504600,421.23805907529504,422.98581388405796,419.38748005990004,419.6304931640625,57970400,251.1366729736328,254.03334045410156,250.5433349609375,251.6199951171875,42233100
2021-09-10,73.9032165071571,73.93745552089452,73.70635034119711,73.84329986572266,3711400,421.55586791625456,421.97643464658915,416.2004233686548,416.3219299316406,89948200,253.1999969482422,254.20333862304688,244.83999633789062,245.42333984375,45552600
2021-09-13,73.90322804990974,73.97170608807998,73.89467319295733,73.95458984375,4047300,419.31281705012566,419.5745125589616,415.0789117278803,417.387451171875,83738600,246.73666381835938,248.25999450683594,236.28334045410156,247.6666717529297,68857500
2021-09-14,74.01449746254963,74.19424739299276,73.98881983397551,74.13433074951172,4758300,418.8267538323482,419.032373751366,414.24706856986353,415.1349792480469,78197100,247.52333068847656,251.49000549316406,245.46665954589844,248.163330078125,55574700
2021-09-15,74.11716638555649,74.12572776708504,73.98021693320311,74.06581115722656,6204400,415.55554197274927,419.0978006931455,414.45268447355176,418.6024475097656,78792200,248.3333282470703,252.2866668701172,246.1199951171875,251.94332885742188,46073100
2021-09-16,73.91174076191186,74.00589636978248,73.86894691405668,73.92886352539062,4604000,418.07903168064803,419.0510271190857,414.99473310868217,417.9388427734375,77786700,250.94332885742188,252.97000122070312,249.20333862304688,252.3300018310547,41770200
2021-09-17,73.8261630426159,73.85184066315446,73.76624641788517,73.83472442626953,6217800,417.168134146106,417.59004823430996,413.51137369740354,413.86767578125,118425000,252.38333129882812,253.67999267578125,250.0,253.163330078125,84612600
2021-09-20,73.94601311186743,74.06584638858624,73.93745172626643,74.04016876220703,6195100,407.7544290834885,409.3296324653092,402.10990737755776,406.9668273925781,166445500,244.85333251953125,247.3333282470703,239.5399932861328,243.38999938964844,74273100
2021-09-21,74.0487107617466,74.05726561468414,73.98879413907346,74.02303314208984,6962300,409.3015046670298,410.59543194937584,406.0573296672389,406.5823974609375,92526100,244.92999267578125,248.24667358398438,243.47999572753906,246.4600067138672,48992100
2021-09-22,74.0230495214453,74.12576002279948,73.95457150026016,74.10008239746094,6006200,408.85136298150707,412.5831207202877,406.69483696311266,410.5484619140625,102350100,247.8433380126953,251.22332763671875,246.3733367919922,250.64666748046875,45378900
2021-09-23,73.9117568391868,73.9288796063901,73.6720903417188,73.70632934570312,5222300,412.41431229246786,417.1399497351395,412.179906070705,415.5365905761719,76396000,251.6666717529297,252.73333740234375,249.30667114257812,251.2133331298828,35842500
2021-09-24,73.62076991046375,73.63788615533771,73.50949146229425,73.55229187011719,4170600,413.90516505538227,416.9337039803391,413.6895010133059,416.2210998535156,62094800,248.6300048828125,258.26666259765625,248.18666076660156,258.1300048828125,64119000
2021-09-27,73.44098955339793,73.5437000409781,73.41530540108023,73.46666717529297,4858500,415.1897757538297,416.3524217423701,414.3365334637065,415.0303955078125,61371100,257.7066650390625,266.3333435058594,256.4366760253906,263.78668212890625,84212100
2021-09-28,73.24413429395032,73.29548954993516,73.0900619955716,73.14997863769531,6253700,412.26433994291904,412.59251441684535,405.93537117136833,406.6667175292969,130436300,262.3999938964844,265.21331787109375,255.39332580566406,259.1866760253906,76144200
2021-09-29,73.2526639162084,73.32969676678262,73.08146891978566,73.15850830078125,5123500,408.0450907778052,409.7797030258202,406.78867651215324,407.35125732421875,82329200,259.9333190917969,264.5,256.8933410644531,260.4366760253906,62828700
2021-09-30,73.13285597267341,73.18421122414777,73.08149419077542,73.14141082763672,5877700,408.82317995272075,409.52639859565073,402.034785142796,402.3723449707031,140506000,260.3333435058594,263.0433349609375,258.3333435058594,258.49334716796875,53868000
2021-10-01,73.26144721380463,73.42432872539719,73.23573045731644,73.3900375366211,6029900,404.0976283486504,408.8326231008619,400.58153463739126,407.1542663574219,129240100,259.4666748046875,260.260009765625,254.52999877929688,258.40667724609375,51094200
2021-10-04,73.30427846841356,73.39857755824471,73.24427055128213,73.33856964111328,7280000,405.9915954205408,406.8917073430287,399.7657521393978,401.903564453125,128570000,265.5,268.989990234375,258.7066650390625,260.510009765625,91449900
2021-10-05,73.29570350816275,73.31284582420197,73.13282207411433,73.15853881835938,4395400,403.4037961536202,408.32632771246665,402.60683774485324,406.0854187011719,90682500,261.6000061035156,265.7699890136719,258.0666809082031,260.1966552734375,55297800
2021-10-06,73.17569825765347,73.21856386450948,73.13283265079747,73.19284057617188,7177800,402.4942384202276,407.97934991567206,400.8721656243834,407.7730712890625,113032200,258.73333740234375,262.2200012207031,257.739990234375,260.9166564941406,43898400
2021-10-07,73.06424783921818,73.08139015562567,72.96994874804564,72.98709106445312,5363500,411.0453745390407,414.1301397145414,410.86722352719846,411.29852294921875,72437500,261.82000732421875,268.3333435058594,261.1266784667969,264.53668212890625,57587400
2021-10-08,72.93565049357453,72.93565049357453,72.76419464428349,72.80706024169922,4547100,412.06743842451107,412.45186810178103,409.92026919841044,410.5484619140625,74557400,265.4033203125,265.4599914550781,260.3033447265625,261.8299865722656,50215800
2021-10-11,72.72131915348133,72.76417820083977,72.67845356575248,72.69560241699219,3286600,409.8921372238028,412.7987803671197,407.5105617770027,407.5762023925781,65233300,262.54998779296875,267.0799865722656,261.8333435058594,263.9800109863281,42600900
2021-10-12,72.77278180784195,72.98709675168419,72.77278180784195,72.96138000488281,5529600,408.49511604042164,408.89828794249456,405.785365924999,406.5729675292969,71181200,266.9766540527344,270.7733459472656,265.5233459472656,268.5733337402344,66060000
2021-10-13,73.03852298496761,73.17568767477098,73.03852298496761,73.15853881835938,5018100,407.59502060171496,408.8514348679723,404.62276490258245,408.03570556640625,72974000,270.15667724609375,271.8033447265625,268.59332275390625,270.3599853515625,42360300
2021-10-14,73.20143808040065,73.29573721291044,73.15000456825908,73.28716278076172,4336400,411.69232759288604,415.0490407513381,411.2235151439211,414.8990173339844,70236800,271.8299865722656,273.4166564941406,271.1166687011719,272.7733459472656,36741600
2021-10-15,73.15854256094549,73.15854256094549,73.07281789561914,73.10710906982422,5801200,417.00876339160925,418.42458644967,416.38992739167634,418.05889892578125,66260200,274.5799865722656,281.07000732421875,274.1166687011719,281.010009765625,56773800
2021-10-18,73.00424683707249,73.1156882552096,72.91851562579593,73.06425476074219,5863600,416.2774158643815,419.6341011247243,415.6210668502245,419.29656982421875,62213200,283.92999267578125,291.7533264160156,283.8233337402344,290.03668212890625,72621600
2021-10-19,72.98709552123556,72.98709552123556,72.84993736048278,72.85850524902344,3865900,420.91859501540216,422.59692303340495,420.30911592133424,422.53131103515625,46996800,292.510009765625,292.6499938964844,287.5033264160156,288.0899963378906,52143300
2021-10-20,72.83278929437189,72.91851396332085,72.77278137207031,72.77278137207031,5332400,422.99069828398655,424.4909037495053,422.8781878815295,424.19085693359375,49571600,288.45001220703125,289.8299865722656,285.7933349609375,288.6000061035156,42096300
2021-10-21,72.75564546247833,72.77278778162875,72.64419749669305,72.66991424560547,6073300,423.59087874148474,425.5223841474882,423.1595792098458,425.29736328125,41305400,285.3333435058594,300.0,285.1666564941406,298.0,94444500
2021-10-22,72.75562006877597,72.84991914212428,72.68703773536423,72.8241958618164,6076100,424.8659833060559,426.3099336904653,422.91570745443045,424.8565979003906,58845100,298.5,303.3333435058594,296.9866638183594,303.2266540527344,68642400
2021-10-25,72.79849732737418,72.91851317067271,72.78992943883351,72.85850524902344,4652500,425.9443277467125,427.46327582498486,424.1722311934104,427.1351013183594,45214500,316.84332275390625,348.3399963378906,314.73333740234375,341.6199951171875,188556300
2021-10-26,72.92708516645718,73.00424194335938,72.81564375579035,73.00424194335938,5752800,428.68214462677764,429.8916602272119,427.144425952367,427.51947021484375,56075100,341.5633239746094,364.9800109863281,333.8133239746094,339.4766540527344,187245000
2021-10-27,73.13282431965685,73.37285599381055,73.03852522761467,73.26998901367188,7618400,427.97890546543795,428.6446111455954,425.5504317463337,425.6254577636719,72438000,346.5533447265625,356.9599914550781,343.59332275390625,345.9533386230469,115579500
2021-10-28,73.22713082193432,73.30428760521882,73.124263831386,73.17569732666016,6225800,427.050677407055,429.80729721502064,427.0413206145411,429.7322998046875,51437900,356.10333251953125,360.3333435058594,351.3999938964844,359.0133361816406,81639600
2021-10-29,73.00424891097613,73.24428061247374,72.97852562263853,73.19284057617188,8975200,427.435131798945,430.89497056169455,427.14447031928165,430.60430908203125,70162400,360.6199951171875,371.7366638183594,357.7366638183594,371.3333435058594,89755200
2021-11-01,72.99879673755,73.14476497099179,72.9644582068449,73.13617706298828,5201400,431.5887947913139,431.9638676988326,429.6198050970678,431.34503173828125,48433600,381.6666564941406,403.25,372.88665771484375,402.86334228515625,168146100
2021-11-02,73.17051562727563,73.3164772970626,73.16192772003703,73.27354431152344,4199400,431.51369487823035,433.3983299188752,431.3824136689737,433.0888977050781,48908400,386.4533386230469,402.86334228515625,382.0,390.6666564941406,128213400
2021-11-03,73.31645603470143,73.33363184419753,73.04170203863171,73.14473724365234,5058700,432.5263728629684,436.1362346004919,432.0856879971298,435.7330627441406,52509800,392.4433288574219,405.1300048828125,384.2066650390625,404.6199951171875,103885500
2021-11-04,73.19624947691666,73.4795913696289,73.18766157241429,73.4795913696289,5564100,436.33313266603705,437.87085131761023,435.9862160130472,437.7864685058594,52847100,411.4700012207031,414.4966735839844,405.6666564941406,409.9700012207031,76192200
2021-11-05,73.52256642008294,73.75439414041985,73.47105206029968,73.70287322998047,4595900,440.0086692059953,441.2932109079652,437.7958878886841,439.3054504394531,66390600,409.3333435058594,413.2900085449219,402.6666564941406,407.36334228515625,64886400
2021-11-08,73.59979797170803,73.60838587646029,73.49676276663672,73.5396957397461,6517200,440.4024399467041,440.8993800137787,438.99600255528054,439.6804504394531,50405200,383.2633361816406,399.0,377.6666564941406,387.64666748046875,100337100
2021-11-09,73.77150758764742,73.86595487621975,73.72858117052893,73.7457504272461,6027800,440.0462289116431,440.28063519202976,436.8207962043988,438.22723388671875,51149100,391.20001220703125,391.5,337.17333984375,341.1666564941406,177317400
2021-11-10,73.6255691192221,73.64273838133568,73.15333252793373,73.2477798461914,6206400,436.53945827784827,438.2272005366199,433.2202862022842,434.70172119140625,69429700,336.8033447265625,359.3666687011719,329.10333251953125,355.98333740234375,128408100
2021-11-11,73.25636349160384,73.28212065860262,73.11040184484213,73.12757110595703,3847100,436.1924978999976,436.2675239203641,434.8235734757579,434.8423156738281,34848500,367.5899963378906,368.3233337402344,351.55999755859375,354.5033264160156,67189800
2021-11-12,73.23062439906347,73.2907266537791,73.07607480827265,73.13617706298828,4890900,436.1081050332003,438.67718819768925,435.161094692695,438.1239929199219,53466700,349.1666564941406,351.5,339.73333740234375,344.47332763671875,76719300
2021-11-15,73.06746098224221,73.08463679215673,72.82705204865601,72.83563995361328,6239500,439.40862530276064,439.56800554034606,437.14894545673525,438.2740783691406,46980500,339.2099914550781,343.99334716796875,326.20001220703125,337.7966613769531,104326800
2021-11-16,72.83567770511166,72.9387064153911,72.75839962174655,72.7841567993164,5580700,438.0114907479462,441.14315465497026,437.9364933419403,440.0086364746094,48857500,334.4366760253906,352.3999938964844,334.05999755859375,351.57666015625,79627200
2021-11-17,72.74980207517955,72.95586600054196,72.73262626018447,72.93869018554688,6589200,439.7461325975495,439.9242836397509,438.3209528739824,438.9397888183594,47858300,354.5033264160156,373.21331787109375,351.8333435058594,363.0033264160156,94336200
2021-11-18,72.91295110658082,73.05033145801517,72.89578183797937,73.02457427978516,5320700,439.97114731825366,440.69313688366196,437.25204053194824,440.43060302734375,50625600,368.8500061035156,370.6666564941406,358.3399963378906,365.4599914550781,62696700
2021-11-19,73.19624640607014,73.26493653790376,73.14473208252069,73.1790771484375,5498200,440.31809847431913,441.5651558500262,439.2773483740664,439.6430358886719,57315600,366.2900085449219,379.5733337402344,364.23333740234375,379.0199890136719,64926900
2021-11-22,72.9902221267722,73.03314856944856,72.7669823526279,72.81849670410156,7497100,441.5182563851529,444.0029569483632,438.19905582510415,438.40533447265625,72762000,387.4433288574219,400.6499938964844,377.4766540527344,385.6233215332031,99217500
2021-11-23,72.71547551968811,72.73264478840288,72.52658081054688,72.52658081054688,5779500,438.0771663973215,439.8399060268832,435.4799553727706,438.9866638183594,73206500,389.1700134277344,393.5,354.23333740234375,369.6766662597656,108515100
2021-11-24,72.5351493978431,72.71545614926777,72.49221641150932,72.69828033447266,4757400,436.9894839645097,440.28055671099236,436.17375483241744,440.1586608886719,61858800,360.1300048828125,377.5899963378906,354.0,372.0,67680600
2021-11-26,73.05888275556818,73.25636529183332,73.01595632639958,73.21343231201172,4402500,433.5015889100639,434.9642817891199,429.21663530001194,430.341796875,112669600,366.489990234375,369.59332275390625,360.3333435058594,360.6400146484375,35042700
2021-11-29,72.97305205953234,73.23063693850871,72.95588279123984,73.20487976074219,6133000,435.12360436955294,437.45828126856935,432.9295654860119,435.62054443359375,86268800,366.9966735839844,380.8900146484375,366.7300109863281,378.9966735839844,58393500
2021-11-30,73.40233399762374,73.58264073903015,73.18768217918941,73.34223175048828,11234800,433.1827469437874,435.08612453579684,426.90064804249147,427.1444396972656,148559600,381.4566650390625,389.3333435058594,372.6666564941406,381.586669921875,81276000
2021-12-01,73.23476156013201,73.40675226219192,73.14875964807733,73.3895492553711,7737300,432.84521097923056,435.6862135337651,422.2031616971008,422.4000549316406,131939200,386.8999938964844,390.9466552734375,363.586669921875,365.0,68450400
2021-12-02,73.45834498222665,73.48414293031693,73.26055633951809,73.39814758300781,8831600,422.6157769864965,430.4355669860337,422.22196184931875,428.8697204589844,127637800,366.35333251953125,371.0,352.2166748046875,361.5333251953125,73114800
2021-12-03,73.3207689598821,73.8109497584309,73.31216745505822,73.68195343017578,7440900,430.52931409962997,431.5888063882985,420.9186571741517,425.1379699707031,137331600,361.5966796875,363.52667236328125,333.4033203125,338.3233337402344,92322000
2021-12-06,73.6905198814189,73.70771632186076,73.44973034909675,73.48412322998047,6865000,427.6788877462588,432.0482235973753,425.2691846744251,430.1729736328125,98977500,333.836669921875,340.5466613769531,316.8333435058594,336.336669921875,81663000
2021-12-07,73.37235853671773,73.48415184568033,73.31216113019553,73.32076263427734,5351200,435.442440658666,439.63362565886325,430.0417113660508,439.071044921875,95484700,348.0666809082031,352.5566711425781,342.2699890136719,350.5833435058594,56084700
2021-12-08,73.25191636064282,73.26911279666238,73.05412126080243,73.09712219238281,9064200,439.46484235390875,440.68374339000826,437.7114595944113,440.2336730957031,72238800,350.9033203125,357.4599914550781,344.3333435058594,356.32000732421875,41906400
2021-12-09,73.16597599697573,73.25197136368725,73.07137912528529,73.13157653808594,8096700,438.94912708653544,440.3368223530035,437.06452034105865,437.26141357421875,61272600,353.5466613769531,354.163330078125,334.1199951171875,334.6000061035156,59438400
2021-12-10,73.23477194061128,73.3293622474344,73.14017507276253,73.1573715209961,6869100,439.96186050690244,441.52767848734806,437.4115189481302,441.3776550292969,77159800,336.25,340.32666015625,327.510009765625,339.010009765625,59664300
2021-12-13,73.31211858613807,73.46691276465522,73.29492214897901,73.4067153930664,4955300,440.86187964178026,441.20879629669554,437.1863772299923,437.4676818847656,87724700,333.6966552734375,335.0,317.1400146484375,322.13665771484375,78595500
2021-12-14,73.31211385255233,73.35511478420563,73.16592118256472,73.28631591796875,5165800,434.20476780499797,436.6894683893485,431.5419161774256,434.4579162597656,97264100,315.0,322.13665771484375,310.0,319.5033264160156,70806300
2021-12-15,73.13153693376404,73.27772963410567,73.07133955356322,73.19173431396484,6036000,434.5141971486355,441.49010093703475,432.00134036114184,441.246337890625,116899300,317.7366638183594,326.25,309.4166564941406,325.3299865722656,75169200
2021-12-16,73.22611855026673,73.37231122025435,73.22611855026673,73.28631591796875,6067700,443.0933617779284,443.37463777432833,435.80799871674776,437.3551025390625,116568600,331.5,331.6600036621094,307.2833251953125,308.97332763671875,82771500
2021-12-17,73.38951685126004,73.50991816277013,73.37232041305678,73.41532135009766,4884200,434.28120719660683,437.2827414785998,430.9974086651927,432.7004699707031,135511600,304.92333984375,320.2200012207031,303.0133361816406,310.8566589355469,100437300
2021-12-20,73.42391155576428,73.4669124900333,73.26911737782574,73.294921875,7129100,427.62887521925904,428.4945046145701,424.4862092214544,428.0993347167969,107134800,303.5666809082031,307.2300109863281,297.7966613769531,299.9800109863281,56480100
2021-12-21,73.26052260184461,73.26052260184461,73.05412599012242,73.21752166748047,6237800,431.5148339230484,435.8430669166713,429.350731783521,435.7019348144531,69806300,305.6233215332031,313.1666564941406,295.3733215332031,312.84332275390625,71517900
2021-12-22,73.28632037594191,73.294921875,73.17452057125101,73.294921875,5110000,435.44797367017134,440.1713773813337,435.2503599777173,440.0584716796875,58890200,321.88665771484375,338.5533447265625,319.01666259765625,336.2900085449219,93634200
2021-12-23,73.26993970299296,73.26993970299296,73.10602274343528,73.18367004394531,4631200,441.0558332086626,444.2925972471357,440.9523458894644,442.7965393066406,56439700,335.6000061035156,357.6600036621094,332.5199890136719,355.6666564941406,92713200
2021-12-27,73.19226046765475,73.26990773428618,73.16638023942768,73.21814727783203,5311700,444.17025861450196,449.11008378457836,444.12322414632985,449.06304931640625,56808600,357.8900146484375,372.3333435058594,356.90667724609375,364.64666748046875,71145900
2021-12-28,73.33894144162555,73.34756379820901,73.16639558068262,73.20953369140625,5674800,449.4958929694086,450.5214913868531,447.93396375035627,448.69610595703125,47274600,369.8299865722656,373.0,359.47332763671875,362.8233337402344,60324000
2021-12-29,73.04560486066646,73.08874296435745,72.91619713154398,72.96796417236328,7757900,448.7996209971791,450.28626060152465,447.8022490075834,449.27008056640625,54503000,366.21331787109375,368.0,354.71331787109375,362.0633239746094,56154000
2021-12-30,73.06286995587175,73.14913958982942,72.9507135079707,73.13188171386719,6352100,449.69343150623797,450.7002217741406,447.56697399413,448.02801513671875,55329000,353.77667236328125,365.1833190917969,351.04998779296875,356.7799987792969,47040900
2021-12-31,73.14048898897538,73.25264540365774,73.09735747574689,73.11460876464844,7162600,447.53874202831184,448.68663568101795,446.6260494189647,446.8988952636719,65237400,357.8133239746094,360.6666564941406,351.5299987792969,352.260009765625,40733700
2022-01-03,72.84717766685709,72.84717766685709,72.61424246271116,72.62287139892578,7244300,448.15978126090016,449.6182231773568,445.8545465639054,449.4864807128906,72668200,382.5833435058594,400.3566589355469,378.67999267578125,399.9266662597656,103931400
2022-01-04,72.55383029488387,72.62284859903292,72.46756070567142,72.61421966552734,7384500,450.9072851460478,451.6223929028808,447.48232558918886,449.3359375,71178700,396.51666259765625,402.6666564941406,374.3500061035156,383.1966552734375,100248300
2022-01-05,72.64876277887807,72.64876277887807,72.34681578450883,72.36406707763672,7076500,448.9689713732978,449.7405319442751,440.61360498167255,440.70770263671875,104538900,382.2166748046875,390.11334228515625,360.336669921875,362.7066650390625,80119800
2022-01-06,72.25193644028789,72.31232585522854,72.19154702534725,72.28644561767578,6011000,440.2466667010779,443.0035528678846,437.9319849605687,440.293701171875,86858900,359.0,362.6666564941406,340.1666564941406,354.8999938964844,90336600
2022-01-07,72.21739752355481,72.2260264598365,71.98446889954808,72.0879898071289,6345100,440.3031029677847,441.47925183914367,437.1980527186537,438.552978515625,85111600,360.1233215332031,360.30999755859375,336.6666564941406,342.32000732421875,84164700
2022-01-10,71.93271983125022,72.05349864156273,71.87233042609398,72.02761840820312,5912300,435.36328278709937,438.2236562011222,429.62367048499374,438.00726318359375,119362000,333.3333435058594,353.0333251953125,326.6666564941406,352.7066650390625,91815000
2022-01-11,72.01037657598032,72.19154481525592,71.9586161024594,72.1742935180664,6755600,437.7437907456816,442.0908322693714,434.75164626994354,441.9967346191406,74303100,351.22332763671875,358.6166687011719,346.2733459472656,354.79998779296875,66063300
2022-01-12,72.23466029901142,72.28642075631505,72.13976173932122,72.14838409423828,6672700,443.7280727675989,445.24296757937765,441.2346426828555,443.1917419433594,67605400,359.6166687011719,371.61334228515625,357.5299987792969,368.739990234375,83739000
2022-01-13,72.16562888443438,72.28640765087935,72.09661056590892,72.26914978027344,5746300,444.2926187440994,444.94185525916146,436.0595761258511,437.0851745605469,91173100,369.69000244140625,371.8666687011719,342.17999267578125,343.85333251953125,97209900
2022-01-14,72.11391029524785,72.12253923634708,71.86373024095197,71.87235260009766,6843000,433.9424425259686,437.6120209390258,432.7286489573756,437.2638854980469,95890900,339.9599914550781,350.6666564941406,337.7933349609375,349.8699951171875,72924300
2022-01-18,71.63078505650554,71.67392317411716,71.42373657226562,71.42373657226562,7453100,432.5781593461344,432.7851627070061,428.4098944174529,429.5201721191406,109709100,342.2033386230469,356.92999267578125,338.6866760253906,343.5033264160156,66743400
2022-01-19,71.57900114918048,71.70840887770039,71.5531209198666,71.59625244140625,8644100,431.0633416406658,432.4558837567088,424.78739759355466,425.0602722167969,109357600,347.2366638183594,351.5566711425781,331.6666564941406,331.8833312988281,75442500
2022-01-20,71.69979228210842,71.72567251587701,71.63077393742446,71.67391204833984,4951300,426.9419932565545,431.6371698449728,418.2384925675779,420.3555603027344,122379700,336.57666015625,347.2200012207031,331.3333435058594,332.0899963378906,70488600
2022-01-21,71.90682841901749,72.01898485540825,71.84643902324957,71.94133758544922,5204500,419.2359139440063,421.58821170548157,412.0755333410702,412.103759765625,202271200,332.11334228515625,334.8500061035156,313.5,314.6333312988281,103416000
2022-01-24,71.99310344063352,72.03624154739438,71.820564177492,71.82919311523438,10332200,406.5052754832323,414.36195566976323,395.90112761933347,413.8538513183594,251783900,301.586669921875,311.1700134277344,283.8233337402344,310.0,151565700
2022-01-25,71.86372938136472,71.94999904546452,71.72569265324226,71.73432159423828,5872700,407.4744480032651,413.7409730372485,401.9136123373261,408.8011474609375,167997300,304.73333740234375,317.086669921875,301.07000732421875,306.1333312988281,86595900
2022-01-26,71.79469076401274,71.82919993630831,71.33745574951172,71.33745574951172,7382500,414.6818552495206,417.80571346524874,403.5225401054795,407.7755126953125,186391100,317.4766540527344,329.2300109863281,302.0,312.4700012207031,104867400
2022-01-27,71.51861307557162,71.68252339157313,71.50998413832399,71.57037353515625,6295600,412.36723366568094,415.50048178403745,404.07773829561154,405.761962890625,149878300,311.1199951171875,311.7966613769531,276.3333435058594,276.3666687011719,147109500
2022-01-28,71.41506631813641,71.6738817101739,71.40643738321546,71.65662384033203,5992500,407.1168346707988,415.88620682845203,402.54398201671927,415.83917236328125,164457400,277.1866760253906,285.8333435058594,264.0033264160156,282.1166687011719,134789100
2022-01-31,71.5186345223099,71.67392252958156,71.49275428475671,71.60490417480469,8033400,415.17113717300543,423.677053931945,413.82562974282484,423.32891845703125,152251400,290.9033203125,312.663330078125,287.3500061035156,312.239990234375,104436000
2022-02-01,71.6282315476414,71.64551795939583,71.45540698710339,71.57638549804688,5013300,424.05345661872343,426.8291797344353,420.5344280122152,426.1893615722656,123155400,311.7366638183594,314.5666809082031,301.6666564941406,310.4166564941406,73138200
2022-02-02,71.6800537109375,71.84424160371954,71.64549408461387,71.6800537109375,7248800,428.5886396673794,431.05384305532795,426.2833764423959,430.329345703125,117361000,309.3933410644531,310.5,296.4700012207031,301.88665771484375,66792900
2022-02-03,71.38626008645318,71.44674932968977,71.29984782366277,71.37761688232422,6156500,424.30741975423217,426.2080657307745,419.3769848400867,420.21441650390625,118024400,294.0,312.3333435058594,293.50665283203125,297.0466613769531,78855600
2022-02-04,71.03196037298791,71.04924678103524,70.8677790535362,70.93690490722656,7746000,419.97923360740066,426.0293363499769,417.6080991681987,422.1903991699219,118454400,299.0733337402344,312.1666564941406,293.72332763671875,307.7733459472656,73625400
2022-02-07,70.93691016604194,71.04925204817893,70.87642091905798,70.99740600585938,6252200,422.95251700944823,424.3450587788941,419.5087499574974,420.83544921875,84472900,307.92999267578125,315.92333984375,300.9033203125,302.4466552734375,60994500
2022-02-08,70.84182132777553,70.86774433431346,70.76404571533203,70.76404571533203,6727000,420.33677354523064,425.2201456654425,418.91597660458353,424.29803466796875,81012000,301.84332275390625,308.7633361816406,298.26666259765625,307.3333435058594,50729100
2022-02-09,70.88505804386338,70.98011350851857,70.80728898705433,70.81592559814453,5862000,428.325239275932,430.82808779311625,428.12765428405766,430.5081787109375,92589900,311.6666564941406,315.42333984375,306.6666564941406,310.6666564941406,52259400
2022-02-10,70.53940244640336,70.59125507713709,70.1678237915039,70.1678237915039,8869700,424.6744807309833,430.66813161634667,420.77909006037453,422.7738342285156,140103700,302.7900085449219,314.60333251953125,298.8999938964844,301.51666259765625,66126900
2022-02-11,70.38386800855517,70.67767764946885,70.12463118839659,70.6258316040039,11100900,422.85849404433793,424.92849902096657,413.0070690365457,414.437255859375,153214600,303.2099914550781,305.32000732421875,283.5666809082031,286.6666564941406,79645800
2022-02-14,70.32338037089195,70.39251282832012,70.15055582015553,70.22832489013672,6301600,413.9291560964369,415.50989334254666,409.61973040303707,413.0823059082031,123006300,287.19000244140625,299.6266784667969,284.3833312988281,291.9200134277344,67756500
2022-02-15,70.14190251237197,70.23695797943655,70.06413345359171,70.08141326904297,6731200,417.5140448697904,419.9133771021189,416.99652213320917,419.7440185546875,88482700,300.0,307.6666564941406,297.7933349609375,307.4766540527344,57286200
2022-02-16,70.20238328257791,70.21966968877584,69.96042633846504,70.17646026611328,7142400,417.7021502270157,421.5881501559702,415.8297306709073,420.21441650390625,84863600,304.6833190917969,308.80999755859375,300.4033203125,307.7966613769531,51294300
2022-02-17,70.25425455057527,70.41843589602813,70.21104511644693,70.33202362060547,6833600,417.0341632264874,420.186247943638,410.63592485416507,411.23809814453125,102259100,304.4200134277344,306.1666564941406,291.3666687011719,292.1166687011719,55178400
2022-02-18,70.4270646528733,70.47027407813697,70.34929559879791,70.45298767089844,4744400,411.4921744012356,412.7436129970205,406.3077292195654,408.5753479003906,132642900,295.3333435058594,295.6233215332031,279.2033386230469,285.6600036621094,68501700
2022-02-22,70.33202962834378,70.40980529785156,70.25426055167057,70.40980529785156,7058800,406.37355193227506,409.7702560003978,400.6997823601273,404.19061279296875,124391800,278.0433349609375,285.57666015625,267.0333251953125,273.84332275390625,83288100
2022-02-23,70.25421211581954,70.27149192333316,70.05545806884766,70.05545806884766,7938900,407.098048185768,407.66260537056274,396.4562558034865,397.02081298828125,132578000,276.80999755859375,278.4333190917969,253.52000427246094,254.67999267578125,95256900
2022-02-24,70.33199224413302,70.40976787230001,70.12460155707284,70.21101379394531,8883500,386.7365552102814,403.42847944353576,386.3790300752348,402.9956359863281,213942900,233.4633331298828,267.49334716796875,233.3333282470703,266.92333984375,135322200
2022-02-25,70.16780861697494,70.28015046524219,70.11596259028636,70.2715072631836,5923200,404.22820402320997,411.97197784953823,402.5815957478885,411.8872985839844,121804500,269.74334716796875,273.1666564941406,260.79998779296875,269.9566650390625,76067700
2022-02-28,70.56533796665121,70.81593156604283,70.54805155734827,70.79000854492188,6494400,406.50529284633944,412.3107765451423,405.25388303089113,410.8335266113281,145615000,271.6700134277344,292.28668212890625,271.57000732421875,290.1433410644531,99006900
2022-03-01,71.00553347481323,71.39500535457192,70.99687663655133,71.16132354736328,9319000,409.3374953713261,411.3416578546236,401.8759843184385,404.5764465332031,137785900,289.8933410644531,296.6266784667969,284.59332275390625,288.1233215332031,74766900
2022-03-02,70.84972298871334,70.89300056432069,70.28714752197266,70.28714752197266,6491500,406.82521187285215,413.7409734291532,406.07248803205465,412.01910400390625,117726500,290.7099914550781,295.49334716796875,281.42333984375,293.2966613769531,74643300
2022-03-03,70.51219106127135,70.65066744102828,70.40832882402962,70.59873962402344,10349100,414.4466183746847,415.04879163986294,408.17067562721684,409.96783447265625,105501700,292.92333984375,295.4800109863281,277.5333251953125,279.7633361816406,61623600
2022-03-04,70.87571824905487,70.98823075088751,70.77185598358591,70.8497543334961,8042600,406.2417947777143,407.76607902539786,402.600442693899,406.6369934082031,113978200,283.0333251953125,285.2166748046875,275.0533447265625,279.42999267578125,66999600
2022-03-07,70.56410179045737,70.73720547727478,70.43427567615194,70.5035171508789,6425400,406.0536235461076,406.7593128666358,394.5838174926232,394.6496887207031,137896600,285.4333190917969,288.71331787109375,268.19000244140625,268.1933288574219,72494100
2022-03-08,70.14868056266481,70.21791544838764,70.07943907371015,70.17464447021484,8565900,394.82848568696517,401.97005852746355,390.59434954887394,391.6575927734375,164772700,265.1766662597656,283.3299865722656,260.72332763671875,274.79998779296875,80399100
2022-03-09,70.01886605052016,70.10541462447169,69.9236606382036,69.98424530029297,5761500,400.02232727972273,404.13413881650297,397.8393882545467,402.158203125,116990800,279.82666015625,286.85333251953125,277.336669921875,286.3233337402344,59184000
2022-03-10,69.74188667222607,69.76785057665008,69.49089125740895,69.612060546875,8261200,397.55708322285636,401.2360799371363,395.5999843486872,400.34222412109375,93972700,283.8166809082031,284.8166809082031,270.1199951171875,279.4333190917969,58648500
2022-03-11,69.58612932189077,69.66402107174277,69.52554464870562,69.56016540527344,7883400,402.82621713239433,403.4378087082755,394.743726780533,395.2518310546875,95636300,280.0666809082031,281.26666259765625,264.5899963378906,265.1166687011719,67037100
2022-03-14,69.17932239771929,69.18797923500581,68.90236303363953,68.91967010498047,15449700,396.0234704863825,399.46720926881693,391.22477713105775,392.36328125,95729200,260.2033386230469,266.8999938964844,252.01333618164062,255.4566650390625,71152200
2022-03-15,69.18794788234955,69.24853250943694,68.94560937399994,69.03215789794922,6265000,394.969610741959,401.62191584683524,393.6993928949382,400.99151611328125,106219100,258.42333984375,268.5233459472656,252.19000244140625,267.2966613769531,66841200
2022-03-16,69.0408343404277,69.13603973388672,68.68598327654266,69.13603973388672,8156400,404.49170046381727,409.939601038674,399.7023972745846,409.8831481933594,144954800,269.6666564941406,280.6666564941406,267.4200134277344,280.07666015625,84028800
2022-03-17,69.2572170423486,69.37839295977038,69.14470456581056,69.1966323852539,6774600,407.9731146505722,415.0111999511719,407.5967527483876,415.0111999511719,102676900,276.9966735839844,291.6666564941406,275.239990234375,290.5333251953125,66582900
2022-03-18,69.30049314493215,69.43897613146189,69.27452923576587,69.39569854736328,8895700,413.40292135860483,419.8776656161691,412.6667255275147,419.5567626953125,106345500,291.4966735839844,302.6166687011719,289.1300048828125,301.7966613769531,100414200
2022-03-21,69.06678797247368,69.0927518728483,68.65134575678972,68.68596649169922,6831300,419.3867810928451,421.38772166865976,415.93231566706595,419.4339904785156,88349800,304.99334716796875,314.2833251953125,302.36334228515625,307.0533447265625,81981600
2022-03-22,68.50425209601912,68.5908006815952,68.41770351044305,68.51290893554688,6488400,420.8214384644653,425.27637447242336,420.8214384644653,424.34197998046875,74650400,310.0,332.6199951171875,307.25,331.32666015625,105868500
2022-03-23,68.66000738357593,68.82444763183594,68.49556053208546,68.82444763183594,8919400,421.81246957458256,423.30372739490633,418.79216338171153,418.8771057128906,79426100,326.64666748046875,346.8999938964844,325.4666748046875,333.03668212890625,120676200
2022-03-24,68.48694239224295,68.75525160730656,68.46963531541668,68.7379379272461,18907400,420.89699675804104,425.2009149244502,419.78326986493045,425.19146728515625,64736900,336.57666015625,341.4966735839844,329.6000061035156,337.97332763671875,68920800
2022-03-25,68.46095964383613,68.46095964383613,68.03686704428866,68.13207244873047,21372500,425.823897280711,427.5416971867033,423.2471974217225,427.2679748535156,77101300,336.0,340.6000061035156,332.44000244140625,336.8800048828125,62031600
2022-03-28,68.20994644000967,68.40901403477515,68.16667546948197,68.33111572265625,7494000,426.6733001787727,430.3070983886719,424.7856157896072,430.3070983886719,68529800,355.0333251953125,365.9599914550781,351.20001220703125,363.9466552734375,102506100
2022-03-29,68.4436529108761,68.66002763054638,68.36575457811395,68.63406372070312,7308100,434.18623279666707,436.12112638537604,431.50572468711965,435.63031005859375,86581500,369.3299865722656,371.5899963378906,357.7033386230469,366.5233459472656,73614900
2022-03-30,68.45230530870386,68.81581986769507,68.443655073971,68.78985595703125,7071800,434.4883159212036,435.30003519309184,430.83565120715195,432.9404296875,79666900,363.72332763671875,371.3166809082031,361.3333435058594,364.663330078125,59865000
2022-03-31,68.82444505839653,68.95427116770672,68.75521018956395,68.84175872802734,8244200,432.1759304126346,432.997068540125,425.8238618663555,426.27691650390625,121699900,364.8566589355469,367.71331787109375,358.8800048828125,359.20001220703125,48992700
2022-04-01,68.39754222631561,68.80534290616791,68.34547819886548,68.69254302978516,6326900,427.8530993439852,427.99466991123313,423.91729355560483,427.4850158691406,89048800,360.3833312988281,364.9166564941406,355.5466613769531,361.5299987792969,54263100
2022-04-04,68.72722625353701,68.75325494834696,68.51031163717575,68.74458312988281,9091700,427.68317979634264,431.25090181901925,426.86204176947047,431.1470642089844,59601000,363.1266784667969,383.3033447265625,357.510009765625,381.8166809082031,82035900
2022-04-05,68.54505666695557,68.56240693318514,68.00710573786529,68.05049133300781,6956300,429.6559040358435,432.1193186765421,424.55916124519194,425.7012023925781,74214500,378.76666259765625,384.2900085449219,362.4333190917969,363.7533264160156,80075100
2022-04-06,67.68604531735537,68.02443162217031,67.59060234730916,67.84222412109375,8649400,421.793612229182,423.71902938512,418.5656595556562,421.4443664550781,106898000,357.8233337402344,359.6666564941406,342.5666809082031,348.586669921875,89348400
2022-04-07,67.76413549555768,67.84222821199059,67.59928486257232,67.70339965820312,9157600,420.56655200877265,425.3801519544788,418.6222397991527,423.5679626464844,78097200,350.7966613769531,358.86334228515625,340.5133361816406,352.4200134277344,79447200
2022-04-08,67.38238247308759,67.52120443242555,67.25223233515692,67.33899688720703,8989600,422.8129558921499,425.32357938924946,420.89695753959705,422.4354248046875,79272700,347.7366638183594,349.4800109863281,340.8133239746094,341.8299865722656,55013700
2022-04-11,67.1567996329723,67.19150678305299,66.96591361738443,67.02664947509766,7858300,419.16972953989875,420.0097628914947,414.7148221783834,415.2150573730469,89770500,326.79998779296875,336.15667724609375,324.8800048828125,325.30999755859375,59357100
2022-04-12,67.34765167114956,67.46044488722278,67.20882314086681,67.2435302734375,8168200,418.19761946757274,420.71769099701174,412.12872059672054,413.6766357421875,84363600,332.5466613769531,340.39666748046875,325.5333251953125,328.98333740234375,65976000
2022-04-13,67.32164001464844,67.54723314577996,67.30428975212033,67.32164001464844,7790300,413.4311270048809,419.1696739257571,413.2517947132498,418.41461181640625,74070400,327.02667236328125,342.0799865722656,324.3666687011719,340.7900085449219,55121100
2022-04-14,67.29559225768264,67.33029939262329,66.81838404659432,66.86176300048828,7046100,418.64119283709516,419.7549485147844,413.1008437773758,413.2046813964844,97869500,333.0966796875,337.57000732421875,327.39666748046875,328.3333435058594,58422300
2022-04-18,66.87044476304337,66.87912320213718,66.61882298699831,66.64485168457031,7187800,412.279773210297,415.0546720142514,411.1471508725995,413.3746337890625,66002500,329.6766662597656,338.3066711425781,324.4700012207031,334.7633361816406,51715200
2022-04-19,66.40192265569863,66.50604408813182,66.20236485150693,66.2283935546875,11568000,413.2707073837323,420.76481631207815,413.10082271070314,420.0475158691406,77821000,335.0199890136719,344.9800109863281,331.77667236328125,342.7166748046875,49847700
2022-04-20,66.4713226209507,66.73162283608957,66.42793704519107,66.64485168457031,7366100,421.8219654514646,422.4354571159878,418.5751460041488,419.7360534667969,65224400,343.3333435058594,344.6666564941406,325.0833435058594,325.73333740234375,70711200
2022-04-21,66.53205158824362,66.54073002644171,66.08954391606369,66.28910827636719,7869900,423.3509795921558,424.73842874926703,412.55342274585064,413.4595031738281,85417300,358.24334716796875,364.0733337402344,332.1400146484375,336.260009765625,105416400
2022-04-22,66.0982177803176,66.3498395129801,66.02880351895381,66.20233917236328,8625100,412.37409241070765,413.4783716367902,401.5482213990768,402.1145324707031,132471800,338.3033447265625,344.95001220703125,331.3333435058594,335.01666259765625,69696600
2022-04-25,66.52338484199674,66.82706403521603,66.52338484199674,66.61882781982422,6091600,399.87760832355883,404.6156854519276,395.31883470061024,404.44580078125,119647700,326.3233337402344,336.2066650390625,325.1000061035156,332.67333984375,68341200
2022-04-26,66.91384535295805,66.94855249741146,66.72295936831974,66.79237365722656,8837100,401.9162927984164,402.1145203899857,392.70441293823944,392.73272705078125,103996300,331.80999755859375,333.3333435058594,291.6666564941406,292.1400146484375,136133700
2022-04-27,66.80103636255093,66.87045064198514,66.51471404437738,66.58412170410156,10802000,393.80875253350604,399.1697986951689,391.7040026362605,393.8370666503906,122030000,299.52667236328125,306.0,292.4533386230469,293.836669921875,76956300
2022-04-28,66.41059744962513,66.55809783935547,66.32383290388438,66.55809783935547,7644000,398.57509707971343,405.51234242525084,394.14847523083597,403.78509521484375,105449100,299.99334716796875,300.0,273.8999938964844,292.5033264160156,124948500
2022-04-29,66.18498916352594,66.39322534951245,66.08087438038719,66.10690307617188,7120400,399.80207204922027,401.95403088704296,388.11730223189977,388.8629455566406,145491100,300.75,311.4666748046875,290.0,290.2533264160156,88133100
2022-05-02,65.90785527800087,65.92523770826426,65.69923295491964,65.7687759399414,10166700,388.92910247552595,392.5629010819542,382.27499699533837,391.2037658691406,158312500,286.92333984375,302.1199951171875,282.6766662597656,300.9800109863281,75781500
2022-05-03,66.13385321684562,66.1947016583718,65.87307039202898,65.92522430419922,7769000,391.7039196895496,395.40376459664327,390.1465571793375,392.9969787597656,100028200,301.05999755859375,308.02667236328125,296.1966552734375,303.0833435058594,63709500
2022-05-04,65.87307374173089,66.3511734008789,65.75137685249013,66.3511734008789,12238000,393.65763595496884,405.53118526756083,390.47689280324255,404.9648742675781,144247900,301.3133239746094,318.5,295.09332275390625,317.5400085449219,81643800
2022-05-05,65.95134234826862,65.95134234826862,65.42108852423326,65.69055938720703,10540000,400.7081751004019,401.1329155913623,386.4467339742489,390.5713195800781,172929100,313.00665283203125,315.20001220703125,285.8999938964844,291.09332275390625,92519100
2022-05-06,65.421078565778,65.64708335684347,65.34284103657444,65.41238403320312,8803000,388.01350785652954,391.50570647733946,382.9450801949944,388.2400207519531,151770800,295.6666564941406,296.0,281.03668212890625,288.54998779296875,72903000
2022-05-09,65.35152009242042,65.73399985131309,65.31674860234075,65.70791625976562,7420300,382.35045035687074,383.5868812355381,374.23340232623997,375.80963134765625,155586100,278.8166809082031,281.8766784667969,260.3833312988281,262.3699951171875,90810300
2022-05-10,65.96869764168751,66.09039453824855,65.83830621480543,65.89915466308594,24792700,381.7747206128694,383.2754262479383,372.6477827083813,376.677978515625,132497200,273.10333251953125,275.1199951171875,258.0833435058594,266.67999267578125,84401700
2022-05-11,65.64706814562045,66.14255027581655,65.60360875678649,66.12516784667969,9843600,375.71524733858433,381.3499860628742,369.94835688896774,370.6940002441406,142361000,265.0,269.92333984375,242.39999389648438,244.6666717529297,97224600
2022-05-12,66.26426398990407,66.40334334032087,66.20341553059959,66.25556945800781,6079800,367.5037643543331,373.57266165703663,363.5207498600562,370.3069763183594,125090800,233.6666717529297,253.22000122070312,226.6666717529297,242.6666717529297,140313000
2022-05-13,66.11646144554928,66.15123292956376,65.96868761247455,66.01215362548828,5024800,374.43164996045624,380.53831045425517,373.3934177273955,379.1603088378906,104174400,257.82666015625,262.45001220703125,250.52333068847656,256.5299987792969,92150700
2022-05-16,66.09908790856045,66.27293872002993,66.09039337839198,66.11647033691406,6104400,377.51795633625795,381.28387692656054,375.2716076319463,377.62176513671875,78622400,255.72000122070312,256.586669921875,239.69667053222656,241.4566650390625,86098500
2022-05-17,65.78615209799894,65.91654352448691,65.70791458931278,65.72530364990234,5881200,383.70013247510735,385.62557844782094,379.9719446127917,385.3896179199219,83029700,249.1199951171875,254.82666015625,242.9499969482422,253.8699951171875,80236200
2022-05-18,65.66446522249261,66.03825049840822,65.66446522249261,66.00347900390625,4963300,380.8402784851767,381.123419587076,368.61751205317614,369.85394287109375,117674500,248.17333984375,253.5,233.60333251953125,236.60333251953125,87811800
2022-05-19,66.35988740216007,66.38597100181458,66.09911109348594,66.14257049560547,5461400,366.79589073865264,372.00591725890166,365.37068003419705,367.5887145996094,98510700,235.6666717529297,244.6666717529297,231.3699951171875,236.47332763671875,90296700
2022-05-20,66.16865553246589,66.3859724437407,66.16865553246589,66.3425064086914,6960100,371.1659719805041,374.7336946022532,359.1697448163897,367.749267578125,131432200,237.99667358398438,240.52667236328125,211.0,221.3000030517578,144973200
2022-05-23,66.31641805739025,66.38596104873788,66.0643296877436,66.10779571533203,7332900,370.7695124155736,375.3943621595535,368.45711634736125,374.6298522949219,76414900,218.33999633789062,226.65333557128906,212.68666076660156,224.96665954589844,88903500
2022-05-24,66.34247106951152,66.74233317742107,66.34247106951152,66.64671325683594,6587100,370.51460202631364,372.9591492760367,365.22908122517975,371.7699279785156,91448800,217.8433380126953,217.97332763671875,206.85667419433594,209.3866729736328,89092500
2022-05-25,66.86404580690164,66.93358878952793,66.75104343412183,66.91620635986328,5737200,370.278726265349,377.01777330975807,369.8823286767236,375.0545654296875,91472900,207.9499969482422,223.10667419433594,207.6699981689453,219.60000610351562,92139300
2022-05-26,66.93359748168474,67.02052290526402,66.76843453449483,66.84667205810547,5328400,376.28154835892093,384.18150224653084,376.07390194163645,382.54864501953125,82168300,220.47332763671875,239.55667114257812,217.8866729736328,235.91000366210938,106003200
2022-05-27,67.02920830126295,67.12482824376275,66.93358835876316,67.03790283203125,6355300,385.0026351628093,392.0531368146943,384.80443638650837,391.93988037109375,84768700,241.0833282470703,253.26666259765625,240.17666625976562,253.2100067138672,89295000
2022-05-31,66.64672386583644,66.70757231298734,66.46417852438374,66.6554183959961,9067000,390.3259307298854,393.0725149914447,387.00361655148845,389.7407531738281,95937000,257.9466552734375,259.6000061035156,244.7433319091797,252.75332641601562,101914500
2022-06-01,66.6797905191619,66.74946796829965,66.24431642926181,66.3575439453125,7294600,391.8549734040455,392.8648626531449,384.07769419751776,386.58831787109375,86585800,251.72000122070312,257.32666015625,243.63999938964844,246.7899932861328,77247900
2022-06-02,66.4533644285753,66.47949181695398,66.23562733234118,66.41852569580078,5276600,386.42789374965014,393.9974979722233,384.18154466114504,393.9503173828125,79609600,244.1566619873047,264.2099914550781,242.06666564941406,258.3333435058594,93473100
2022-06-03,66.18336083885863,66.35755448938203,66.18336083885863,66.32271575927734,5549600,389.240487364167,390.7884022780611,386.51279859544996,387.4849548339844,71874300,243.22666931152344,247.79666137695312,233.4166717529297,234.51666259765625,112393800
2022-06-06,66.21822366534174,66.27047845710976,65.90468162511208,65.9308090209961,6698000,391.48684319664267,393.21406164588547,387.4943805595861,388.6647644042969,57508900,244.35333251953125,244.86666870117188,234.35000610351562,238.27999877929688,84204600
2022-06-07,66.06140648919965,66.28785483666326,66.03527911157042,66.15721130371094,6989800,385.18200495505744,392.84599895820924,384.7195026936411,392.3929443359375,59272400,234.0,239.99667358398438,230.0933380126953,238.8866729736328,72808500
2022-06-08,66.01789640653014,66.131117315023,65.88725280761719,65.88725280761719,3778300,390.6846048993001,392.4684805286195,387.33397652533813,388.1268005371094,64350000,240.086669921875,249.9633331298828,239.17666625976562,241.86666870117188,76210500
2022-06-09,65.8436990736642,65.93079258650478,65.76531690555038,65.80015563964844,4828500,386.352312221375,388.6175274447086,378.8959655761719,378.8959655761719,86289800,249.33999633789062,255.54666137695312,239.32666015625,239.7066650390625,96491400
2022-06-10,65.54759037109274,65.68693868514686,65.11211609185712,65.24275970458984,14690800,372.70434051304426,373.5537925681174,367.86242635422343,367.90960693359375,132893900,235.1566619873047,239.5,227.913330078125,232.22999572753906,97536600
2022-06-13,64.63308173590497,64.66792047023573,63.90148824938645,64.18889617919922,11255300,358.5184668650851,360.3683895194282,352.3362831480851,353.9408264160156,170004900,223.1666717529297,226.63333129882812,214.68333435058594,215.73666381835938,102767400
2022-06-14,64.37179030224323,64.45888380092705,63.75341117852964,63.840511322021484,9530100,355.68698913644283,356.71577382349307,349.7785269115855,352.87432861328125,104011800,218.2866668701172,226.3300018310547,211.73666381835938,220.88999938964844,97988700
2022-06-15,64.3195372068901,64.61566311448848,64.014706599663,64.57211303710938,9098600,356.1683036625761,362.3410401471121,351.2225794060758,357.9049987792969,125666800,220.9166717529297,235.663330078125,218.14999389648438,233.0,119131800
2022-06-16,64.00601389728388,64.72890286554507,63.93634305591778,64.71148681640625,8477600,349.7030303010159,350.10887558930665,343.6341022387322,346.0597839355469,134473300,222.73666381835938,225.1666717529297,208.69332885742188,213.10000610351562,107390700
2022-06-17,64.7898650898732,64.8769586199264,64.48503441228185,64.7463150024414,4913600,346.47397650063243,350.142419392661,343.30792965713135,346.80572509765625,111113900,213.43333435058594,220.97000122070312,213.19667053222656,216.75999450683594,92641800
2022-06-21,64.5459849069971,64.69404453669071,64.3979252773035,64.45018005371094,7069900,352.521725834006,356.92005638665404,352.44587608946637,355.5361022949219,76811900,224.60333251953125,243.57666015625,224.3333282470703,237.0366668701172,122793000
2022-06-22,65.00758032762361,65.10338517183573,64.92048682692393,64.98145294189453,8407600,351.31792647230407,358.99608033931366,350.9008395709114,354.8916015625,90059400,234.50332641601562,246.8333282470703,233.82666015625,236.086669921875,101107500
2022-06-23,65.23402442861445,65.60853243716845,65.2166017427425,65.29499053955078,8542600,357.0243321478926,359.1002487608876,353.46963484148904,358.370361328125,79292100,237.9066619873047,239.31666564941406,228.6366729736328,235.07000732421875,104202600
2022-06-24,65.19920783720653,65.43436101785184,65.1295303596783,65.17308044433594,6979000,361.53641078181903,369.7738317116263,361.5079743602973,369.76434326171875,98050300,237.47000122070312,246.06666564941406,236.086669921875,245.7066650390625,95770800
2022-06-27,64.9204937093244,65.08597602956277,64.78985012202091,64.85952758789062,6238900,370.6838633295004,370.97771602411575,367.2618882407592,368.35198974609375,66009600,249.36666870117188,252.07000732421875,242.56666564941406,244.9199981689453,89178300
2022-06-28,64.82467831938034,64.89435577392578,64.72016213756217,64.89435577392578,5578800,369.9065529188097,372.68394948048416,360.71172428504013,360.8254699707031,86548900,244.48333740234375,249.97000122070312,232.3433380126953,232.663330078125,90391200
2022-06-29,64.8943746304709,65.26888275146484,64.8943746304709,65.26888275146484,3896400,361.3753394353569,362.3611548271313,358.7116881165058,360.53167724609375,65676000,230.5,231.17333984375,222.27333068847656,228.49000549316406,82897200
2022-06-30,65.46921095564967,65.7130755239035,65.46921095564967,65.54759979248047,4387100,356.6451313576215,360.8349471944622,353.1567954408799,357.6025390625,112508300,224.50999450683594,229.4566650390625,218.8633270263672,224.47332763671875,94600500
2022-07-01,65.9830081173919,66.36698754377225,65.91319246568874,66.07027435302734,5801800,356.94854012954494,361.8208599109863,354.3322732319177,361.3847961425781,74839700,227.0,230.22999572753906,222.1199951171875,227.26333618164062,74460300
2022-07-05,66.19246733195033,66.29719083943445,66.0615646120924,66.1837387084961,6253900,356.30389388763615,362.0862071237408,353.4790840960441,362.0672302246094,81438000,223.0,233.14666748046875,216.1666717529297,233.06666564941406,84581100
2022-07-06,66.34956657333474,66.36702382479743,65.76487515115686,65.7823257446289,5312000,362.2093668453206,365.7735520504945,359.83010948727616,363.2900085449219,70426200,230.77999877929688,234.56333923339844,227.18666076660156,231.73333740234375,71853600
2022-07-07,65.84343127184728,65.85215990002621,65.53799586550986,65.59908294677734,7536700,365.06266665246835,369.52735833895935,363.3090102076316,368.7311096191406,64525900,233.9199981689453,245.3633270263672,232.2100067138672,244.5433349609375,81930600
2022-07-08,65.45944183998468,65.48562105999173,65.31108182995993,65.38089752197266,4187100,367.10071569720793,370.2952282014979,365.5745794315864,368.4278259277344,72397800,242.3333282470703,254.97999572753906,241.16000366210938,250.76333618164062,101854200
2022-07-11,65.61652980121578,65.79106238917136,65.58162195202637,65.62525177001953,4128600,365.7546492181339,366.7215164411496,363.5270331899998,364.2190246582031,58366900,252.10333251953125,253.06333923339844,233.6266632080078,234.3433380126953,99241200
2022-07-12,65.86961127511981,65.99178542674628,65.73870849609375,65.73870849609375,6013700,363.6692023712076,366.04848886653093,359.2518953418649,360.9960632324219,62219200,236.84666442871094,239.77333068847656,228.3699951171875,233.07000732421875,87930900
2022-07-13,65.33727986100652,66.00050908451867,65.31982260576079,65.94815063476562,6382700,355.56452982281553,362.02934629353234,355.14744302288534,359.1002502441406,84224600,225.5,242.05999755859375,225.03334045410156,237.0399932861328,97954500
2022-07-14,65.53799001385488,65.82597479611381,65.40708723482884,65.73870849609375,5598000,354.15207948496095,359.30876226262916,351.71594911911046,358.2281494140625,89704800,234.89666748046875,238.65333557128906,229.3333282470703,238.31333923339844,78557400
2022-07-15,65.76487142884989,66.0615781070155,65.76487142884989,65.97431182861328,5276400,362.6265260152687,365.185919762693,360.72122784420594,365.0721740722656,79060400,240.0,243.6233367919922,236.88999938964844,240.06666564941406,69683100
2022-07-18,65.8433991052406,65.86085635307003,65.6426873611269,65.77359008789062,3438000,368.1528836213448,368.825898190188,360.8349458407432,362.0577697753906,63203600,244.93666076660156,250.51666259765625,239.60333251953125,240.54666137695312,82537500
2022-07-19,65.7823166088771,65.82595307348302,65.60778406643288,65.72122955322266,3493400,365.97267860433266,372.40905889172745,365.31864088700104,371.8403015136719,78506000,245.0,247.13999938964844,236.97666931152344,245.52999877929688,80890200
2022-07-20,65.93065209869168,65.93937406198064,65.62521027590978,65.66011810302734,3966900,372.02991057920354,375.62253303614597,370.6649043931411,374.2101135253906,71843800,246.78334045410156,250.663330078125,243.48333740234375,247.5,88864200
2022-07-21,65.82598178801882,66.23614076547051,65.82598178801882,66.20123291015625,6832900,373.63182056702766,378.0680753048155,371.2335862430008,378.02069091796875,64903900,255.10667419433594,273.26666259765625,254.86666870117188,271.7066650390625,142032300
2022-07-22,66.64628413759569,66.89063240958832,66.56773981703174,66.74227905273438,6617000,378.1440056178114,379.3383643459128,372.29533041038957,374.5134582519531,72197300,276.2200012207031,280.78668212890625,270.71331787109375,272.24334716796875,103472700
2022-07-25,66.44557398582269,66.55901950971524,66.4019375069453,66.49793243408203,4256200,375.1390328241593,375.8215358224329,372.7313098957775,374.9684143066406,53631500,272.2166748046875,274.14666748046875,267.3999938964844,268.4333190917969,64073400
2022-07-26,66.76847307253298,66.82083152585328,66.48921689150392,66.51539611816406,6964100,373.3285099278068,373.53705331768873,369.6411191276845,370.53216552734375,52946400,266.5133361816406,267.30999755859375,256.2633361816406,258.8599853515625,66820800
2022-07-27,66.62883846838623,66.92555189166852,66.62010984058588,66.69865417480469,5919600,373.82147154826214,381.89776315262577,373.52761885571124,380.1535949707031,82342100,263.80999755859375,275.9266662597656,261.7900085449219,274.82000732421875,88110000
2022-07-28,67.16114807128906,67.25714296951723,67.03024533206975,67.16114807128906,5140200,380.95930457713075,385.61356292258694,377.4140666940386,384.9216003417969,73966600,280.0666809082031,283.29998779296875,272.79998779296875,280.8999938964844,84723000
2022-07-29,67.02153650481878,67.34442244580599,66.97790003052751,67.10880279541016,6601700,386.3528761831323,391.5190471453721,385.5850639824012,390.533203125,87003700,280.70001220703125,298.32000732421875,279.1000061035156,297.1499938964844,95313000
2022-08-01,67.24259873325119,67.45245672714032,67.17264384486637,67.39999389648438,5370800,387.84120629648845,391.8793520889404,387.1302667656035,389.3768310546875,69997500,301.27667236328125,311.8766784667969,295.0,297.27667236328125,117042900
2022-08-02,67.40871632246318,67.48741721994448,66.66546416604308,66.71793365478516,10808300,387.8127144423944,391.49064571833276,385.63251176391105,386.80792236328125,63435400,294.0033264160156,307.8333435058594,292.6666564941406,300.586669921875,95577600
2022-08-03,66.65673215781776,67.05896270243633,66.42938213824573,67.05021667480469,5747700,388.93122459935086,394.03103437189844,388.64686041910363,392.8651123046875,67820600,305.0,309.54998779296875,301.1499938964844,307.39666748046875,80091000
2022-08-04,67.08519064747789,67.22509372603284,67.01523577256839,67.21635437011719,9869900,392.78929793981433,393.4718009620609,390.9598207163616,392.5997314453125,45656600,311.0,313.6066589355469,305.0,308.6333312988281,72256200
2022-08-05,66.49933564861146,66.54305244334147,66.33319448335035,66.45561218261719,8946400,388.3246478205913,392.58079648264055,388.26777497334547,391.93621826171875,56814900,302.6700134277344,304.6066589355469,285.5433349609375,288.1700134277344,113172900
2022-08-08,66.71795128472142,66.84910836307516,66.68297384007195,66.75292205810547,8534700,393.6235081493515,395.87007236927724,390.3816112599049,391.481201171875,53886100,295.0,305.20001220703125,289.086669921875,290.42333984375,98994000
2022-08-09,66.59550106403216,66.68294129735041,66.534285562321,66.60424041748047,6888800,390.7512903773344,391.25368644325886,388.8554517997777,389.9266052246094,44931800,290.2933349609375,292.39666748046875,279.35333251953125,283.3333435058594,86244600
2022-08-10,66.8927816815414,67.09390016966401,66.72664061184271,66.78784942626953,4305000,396.96966387104465,398.2588492285253,395.01695232609546,398.11663818359375,68665700,297.0666809082031,297.510009765625,283.3699951171875,294.3566589355469,94918800
2022-08-11,66.95402071654681,67.0414609664438,66.3856490853213,66.41188049316406,5179500,400.9603962309802,402.81833898357877,397.37726224840134,398.11663818359375,59489700,296.5133361816406,298.2366638183594,285.8333435058594,286.6300048828125,70155000
2022-08-12,66.63923275730387,66.71793365478516,66.46435225153337,66.71793365478516,4376800,400.0503656332881,404.9605804756404,399.10244636975136,404.8563232421875,61694500,289.4166564941406,300.1600036621094,285.0333251953125,300.0299987792969,79657200
2022-08-15,66.86655028553852,66.92775909996534,66.77036405268777,66.78784942626953,3922300,402.64773218017746,407.04609228987914,402.5908593277422,406.52471923828125,54048300,301.78668212890625,313.1333312988281,301.2300109863281,309.32000732421875,89359200
2022-08-16,66.69170868352734,66.70920074030079,66.48185070110088,66.70045471191406,4104000,405.4535207281274,409.2451978170758,404.64778356108576,407.3209228515625,59289000,311.6666564941406,314.6666564941406,302.8833312988281,306.5633239746094,88136400
2022-08-17,66.39439367818485,66.46434854509744,66.20202112980691,66.30695343017578,4131100,403.7283280008868,407.1313549468698,402.42968313864895,404.4297790527344,63563400,303.39666748046875,309.65667724609375,300.0333251953125,303.9966735839844,68766000
2022-08-18,66.49061408455589,66.59554643879056,66.40317379166036,66.42940521240234,4026800,404.628809463559,406.28766820146114,403.33965312992564,405.6051940917969,49023200,306.0,306.5,301.85333251953125,302.8699951171875,47500500
2022-08-19,66.04465151922909,66.07088293663521,65.89600237308376,66.00967407226562,5115800,402.84675039895933,403.11216664311075,399.28256461046794,400.1546630859375,68016900,299.0,300.3599853515625,292.5,296.6666564941406,61395300
2022-08-22,65.86974404939865,65.89597545608986,65.65987945334273,65.71234893798828,4158600,395.3296712046477,395.50031863762473,390.9218529286444,391.8223876953125,77695600,291.913330078125,292.3999938964844,286.2966613769531,289.913330078125,55843200
2022-08-23,65.6861343383789,65.97468655707702,65.58994804172458,65.6861343383789,6294800,391.3958862975145,393.7846615275958,390.32473282411485,390.8745422363281,49105200,291.4533386230469,298.82666015625,287.92333984375,296.4533386230469,63984900
2022-08-24,65.55498172001973,65.5899591675785,65.44130334763717,65.52000427246094,3808600,390.6470127203874,393.49077064865355,389.96453858867704,392.12579345703125,49177800,297.5633239746094,303.64666748046875,296.5,297.0966796875,57259800
2022-08-25,65.56370306631337,65.93095612051825,65.5112335790959,65.87848663330078,3688400,393.614017515164,397.7090360070508,392.52391605971974,397.6616516113281,50942300,302.3599853515625,302.9599914550781,291.6000061035156,296.07000732421875,53230000
2022-08-26,65.78231477982094,65.90473247898203,65.6249196421475,65.7473373413086,4276600,397.5479234905298,398.0882155528186,384.1443295439162,384.2012023925781,103087000,297.42999267578125,302.0,287.4700012207031,288.0899963378906,57163900
2022-08-29,65.53746771981082,65.54621374658899,65.39756464767876,65.45002746582031,3263800,381.2531682301508,384.70357956798847,380.30524889484775,381.6607666015625,65370800,282.8299865722656,287.739990234375,280.70001220703125,284.82000732421875,41864700
2022-08-30,65.51998019373221,65.65114390605821,65.31886161199719,65.50249481201172,6878700,382.8171333082862,383.0541130826595,375.37596260732516,377.4708557128906,85652400,287.8699951171875,288.4800109863281,272.6499938964844,277.70001220703125,50541800
2022-08-31,65.45003404629794,65.52873495268678,65.15273581858654,65.23143005371094,5155600,379.10134082789193,380.3431127380741,374.46603071215685,374.5987243652344,76029700,280.6199951171875,281.25,271.80999755859375,275.6099853515625,52107300
2022-09-01,64.85988981006331,64.9387556255906,64.62330573396804,64.8774185180664,6160700,372.42807654595646,376.1154680642841,369.7265004007181,375.77423095703125,78740100,272.5799865722656,277.5799865722656,266.1499938964844,277.1600036621094,54287000
2022-09-02,65.0614139252118,65.26295390648647,65.00007683269197,65.04389190673828,3600600,379.4331384469464,380.64647400085363,370.0013297859772,371.8118591308594,99632100,281.07000732421875,282.3500061035156,269.0799865722656,270.2099914550781,50890100
2022-09-06,64.78980390154804,64.79856157150492,64.43930323118964,64.45682525634766,6869800,372.6555302445026,373.5939611226999,368.1908383071308,370.4089660644531,76637400,272.67999267578125,275.989990234375,265.739990234375,274.4200134277344,55860000
2022-09-07,64.66711280470598,64.92121887207031,64.64958409887517,64.92121887207031,4208300,370.0961115930664,377.8311362647998,369.8781086762223,377.0633239746094,70964200,273.1000061035156,283.8399963378906,272.2699890136719,283.70001220703125,50028900
2022-09-08,64.80732717227903,64.94753011721474,64.70217496357725,64.7197036743164,3580300,374.79781566335777,379.98290632149366,373.59393967123003,379.5279235839844,80821700,281.29998779296875,289.5,279.760009765625,289.260009765625,53713100
2022-09-09,64.7985659386792,64.92124017878578,64.6583696722337,64.69342041015625,3831700,381.7649972904449,386.28659071940456,381.4995810521483,385.4239807128906,76706900,291.6700134277344,299.8500061035156,291.25,299.67999267578125,54338100
2022-09-12,64.84237415921721,64.90371127276887,64.53568859145891,64.61454772949219,4008200,387.49046061347366,390.2868341942052,387.1871194866291,389.56640625,69256300,300.7200012207031,305.489990234375,300.3999938964844,304.4200134277344,48674600
2022-09-13,64.21147078993775,64.3429093646903,64.15889803413417,64.29033660888672,9481200,380.90239200547273,382.10626800654813,371.5085373863549,372.6270751953125,122947100,292.8999938964844,297.3999938964844,290.3999938964844,292.1300048828125,68229600
2022-09-14,64.22900540337704,64.45682515629878,64.211476693002,64.36920166015625,4332200,373.92568555402255,375.56559617352946,370.7501504689949,374.0489196777344,85023700,292.239990234375,306.0,291.6400146484375,302.6099853515625,72628700
2022-09-15,64.23775159460989,64.30785305309512,64.13260609212512,64.1764144897461,4967200,372.49430250102864,375.33805996184594,368.53200738172376,369.8022155761719,87633800,301.8299865722656,309.1199951171875,300.7200012207031,303.75,64795500
2022-09-16,64.03622940089853,64.23776277255834,63.98364995526381,64.10633087158203,5050000,365.6295510878898,367.6378630769438,363.69734233012485,366.9811096191406,103084800,299.6099853515625,303.7099914550781,295.6000061035156,303.3500061035156,87087800
2022-09-19,63.95736305362112,64.123852373826,63.88726826875331,64.06251525878906,6374900,363.84014194343365,369.8270263671875,363.763980617156,369.8270263671875,73278500,300.0899963378906,309.8399963378906,297.79998779296875,309.07000732421875,60231200
2022-09-20,63.71201194950405,63.86097255337718,63.633152812833764,63.74706268310547,4750500,366.5051690967704,367.51408871168167,362.83118428153335,365.5819091796875,77274900,306.9100036621094,313.3299865722656,305.5799865722656,308.7300109863281,61642800
2022-09-21,63.808380965345755,63.957341525259686,63.475409122260146,63.92229080200195,6360300,367.504555601014,370.55036925173334,359.1952455228189,359.20477294921875,106746600,308.2900085449219,313.79998779296875,300.6300048828125,300.79998779296875,62555700
2022-09-22,63.51045361049418,63.519211276517424,63.186239466120725,63.265098571777344,5216100,358.4337342668979,360.07085382306934,355.4450564887527,356.1874694824219,89472600,299.8599853515625,301.2900085449219,285.82000732421875,288.5899963378906,70545400
2022-09-23,63.30895929866367,63.30895929866367,62.87083501285977,63.08989715576172,6885400,352.722940486398,352.7610211494688,345.78424282582023,350.2196960449219,122346900,283.0899963378906,284.5,272.82000732421875,275.3299865722656,63748400
2022-09-26,62.88834402591543,62.92339476375434,62.266208471075394,62.28373718261719,8658900,348.7538794551558,352.3707580104209,345.53674617910787,346.75506591796875,92581200,271.8299865722656,284.0899963378906,270.30999755859375,276.010009765625,58076900
2022-09-27,62.31878486004996,62.397644002381305,61.9244690926602,62.01209259033203,9946100,350.2862710344236,352.5515910179344,343.4808127042095,345.869873046875,108294100,283.8399963378906,288.6700134277344,277.510009765625,282.94000244140625,61925200
2022-09-28,62.590431183282135,63.00226905161189,62.46775692700249,62.975982666015625,11649700,346.82164844241146,354.3599916328385,345.1274223526463,352.67529296875,110802200,283.0799865722656,289.0,277.57000732421875,287.80999755859375,54664800
2022-09-29,62.599168279533885,62.7744152306895,62.450201017284684,62.65174102783203,6100300,349.1346285560483,349.42016092257757,342.36725004597866,345.308349609375,112952300,282.760009765625,283.6499938964844,265.7799987792969,268.2099914550781,77620600
2022-09-30,62.826996113841794,62.97596339537931,62.43268708006511,62.50278854370117,8919100,344.36593839141597,348.2779050009619,339.83532817642805,339.96856689453125,153711200,266.1499938964844,275.57000732421875,262.4700012207031,265.25,67726600
2022-10-03,62.964708711098716,63.38623273949568,62.859332728922325,63.026180267333984,6762600,343.6807182327434,350.7907644280534,341.90083208876825,348.9442443847656,89756500,254.5,255.16000366210938,241.00999450683594,242.39999389648438,98363500
2022-10-04,63.25449354131398,63.43890817351685,63.12276688977026,63.18423843383789,6124400,354.45522944852485,359.78538917158465,348.9061712798272,359.7568359375,103602800,250.52000427246094,257.5,242.00999450683594,249.44000244140625,109578500
2022-10-05,62.859316094560974,62.912004071706434,62.595862809042956,62.85053253173828,7252400,355.397528717206,361.17501250579096,353.07510228982494,358.9192199707031,88065700,245.00999450683594,246.6699981689453,233.27000427246094,240.80999755859375,86982700
2022-10-06,62.81541272313838,62.87688427068368,62.56074296905178,62.61343765258789,7108400,357.52004633285617,360.4706728707626,354.7217133827097,355.2166748046875,82333500,239.44000244140625,244.5800018310547,235.35000610351562,238.1300048828125,69298400
2022-10-07,62.35877593349141,62.455375049208946,62.23583282255946,62.28852081298828,5023200,351.19054873616767,355.3023890964065,343.5474892236813,345.308349609375,107789500,233.94000244140625,234.57000732421875,222.02000427246094,223.07000732421875,83916800
2022-10-10,62.288521107663634,62.288521107663634,61.87578064762647,62.00750732421875,4950700,346.42189898919605,346.659852271921,340.43501530969775,342.6717529296875,76042800,223.92999267578125,226.99000549316406,218.36000061035156,222.9600067138672,67925000
2022-10-11,62.10411269900637,62.30608781689133,61.93725844518142,62.02507400512695,9225500,340.9775239932869,345.5367169870272,338.5694379532379,340.5016174316406,92482800,220.9499969482422,225.75,215.0,216.5,77013200
2022-10-12,61.95481811626013,62.191920769549995,61.919690556532565,62.09532165527344,5442000,340.91094386553914,342.4814298234217,339.13102879643657,339.3785095214844,76991800,215.3300018310547,219.3000030517578,211.50999450683594,217.24000549316406,66860700
2022-10-13,61.35765042909401,62.086525369436416,61.28739532403347,61.87576675415039,6668900,332.3826842498608,349.8008834901985,331.3356839052994,348.3350830078125,147254500,208.3000030517578,222.99000549316406,206.22000122070312,221.72000122070312,91483000
2022-10-14,62.191909649444156,62.200693212779754,61.55084352386038,61.57719421386719,6544400,350.7907254903841,352.4183468938871,339.7592145462475,340.3969421386719,123737000,224.00999450683594,226.25999450683594,204.16000366210938,204.99000549316406,94124500
2022-10-17,61.95482391032734,62.06898346519551,61.708930969238274,61.70893096923828,19605200,346.46954168027236,350.24824134925336,340.06382821256403,349.1441345214844,93168200,210.0399932861328,221.86000061035156,209.4499969482422,219.35000610351562,79428800
2022-10-18,61.87579315838041,61.946048293420894,61.59477931811694,61.849449157714844,7008000,357.0536821558411,357.35826934412756,349.81036876588746,353.2464294433594,97162900,229.5,229.82000732421875,217.25,220.19000244140625,75891900
2022-10-19,61.463034806071306,61.55085034947827,61.278620154947745,61.340091705322266,6483600,351.2095737934234,353.9317748856679,347.9353337780581,350.7431945800781,79746900,219.8000030517578,222.92999267578125,217.77999877929688,222.0399932861328,66571500
2022-10-20,61.21715406898864,61.34009718071193,60.892229159493034,60.9273567199707,6260900,350.2958089110657,354.7122360773966,347.0405950042413,347.80206298828125,88283100,208.27999877929688,215.5500030517578,202.0,207.27999877929688,117798100
2022-10-21,60.71660019111695,61.10299667005558,60.67268906400217,61.03274154663086,6984400,347.52613014462327,356.739677579523,346.02227764001395,356.2542724609375,131038400,206.4199981689453,214.66000366210938,203.8000030517578,214.44000244140625,75713800
2022-10-24,61.015170883126906,61.1995855262664,60.795628684166154,60.944915771484375,7259400,357.7770190393889,361.74606316639574,355.13095089201244,360.6134033203125,85436900,205.82000732421875,213.5,198.58999633789062,211.25,100446800
2022-10-25,61.419122028046836,61.6562246329767,61.39277803859858,61.524497985839844,7780900,360.5373287022716,366.6860338162217,360.4231157662592,366.3719482421875,78846300,210.10000610351562,224.35000610351562,210.0,222.4199981689453,96507900
2022-10-26,61.665017398064265,61.88455960942172,61.621106275834144,61.77039337158203,7001000,363.230974837986,368.90377378445976,362.9739957124518,363.6116943359375,104087300,219.39999389648438,230.60000610351562,218.1999969482422,224.63999938964844,85012500
2022-10-27,61.946034551354,62.227048329277565,61.805524312443744,62.09532165527344,5493300,364.6110821532887,366.44807462100994,361.05128110498777,361.66998291015625,81971800,229.77000427246094,233.80999755859375,222.85000610351562,225.08999633789062,61638800
2022-10-28,61.82306403647733,62.09529412881685,61.80549691445246,61.97235107421875,4828800,361.5652682350303,370.75025961760167,361.3844214069697,370.27435302734375,100302000,225.39999389648438,228.86000061035156,216.35000610351562,228.52000427246094,69152400
2022-10-31,61.787981260247584,61.82310882985469,61.5245278381437,61.779197692871094,6785000,367.81865891657014,369.6842044707059,366.69552642305183,367.5997314453125,96631300,226.19000244140625,229.85000610351562,221.94000244140625,227.5399932861328,61554300
2022-11-01,62.12511507913272,62.15152025861278,61.70261206107883,61.843448638916016,7019000,371.3404256632253,371.57837896955164,364.8204992604764,365.9912109375,85407600,234.0500030517578,237.39999389648438,227.27999877929688,227.82000732421875,62688800
2022-11-02,61.92265534525556,62.257138812182276,61.614583769499404,61.74661636352539,10223800,365.4010229977816,369.9031091678092,356.70146685113565,356.80615234375,126990400,226.0399932861328,227.8699951171875,214.82000732421875,214.97999572753906,63070300
2022-11-03,61.271292210267305,61.596971655830444,61.23608307706139,61.50894546508789,6408200,353.5700280593983,356.16848838692556,351.0191758170607,353.1322021484375,87100100,211.36000061035156,221.1999969482422,210.13999938964844,215.30999755859375,56538800
2022-11-04,61.55295546268042,61.70258923468333,61.38571376723296,61.52655029296875,8780400,358.8335469874606,360.61343287804317,352.170855133582,358.2148742675781,103505200,222.60000610351562,223.8000030517578,203.0800018310547,207.47000122070312,98622200
2022-11-07,61.535347100612356,61.552948306555436,61.28888320922852,61.288883209228516,6246100,359.50933724612685,362.231537963315,357.4343915475703,361.64141845703125,68286900,208.64999389648438,208.89999389648438,196.66000366210938,197.0800018310547,93916500
2022-11-08,61.43853134538968,61.676184590274,61.42092342179515,61.56175994873047,6358100,362.7454018698157,366.56218090957685,359.5187712299847,363.592529296875,84641100,194.02000427246094,195.1999969482422,186.75,191.3000030517578,128803400
2022-11-09,61.49134253617045,61.73779974626247,61.429728233647445,61.6497802734375,7269400,361.6223724698831,362.77408732506177,355.6069062348671,356.10186767578125,78495500,190.77999877929688,195.88999938964844,177.1199951171875,177.58999633789062,127062700
2022-11-10,62.40676677746139,62.92608642578125,62.39796281456185,62.92608642578125,7014100,369.35108918360226,376.00428299719744,367.0572450041489,375.671142578125,141455800,189.89999389648438,191.0,180.02999877929688,190.72000122070312,132703000
2022-11-11,62.78525659666891,62.96129556192335,62.7148383243847,62.92608642578125,4525300,376.5277909851231,380.1066180137116,374.64319033872147,379.3070983886719,93839900,186.0,196.52000427246094,182.58999633789062,195.97000122070312,114403600
2022-11-14,62.75006087957288,62.838080381023,62.67964259222979,62.723655700683594,6914500,377.5462142284,380.89658611860307,375.8043798668183,376.0804138183594,71903500,192.77000427246094,195.72999572753906,186.33999633789062,190.9499969482422,92226600
2022-11-15,63.07573020762774,63.17254694272438,62.97010279371812,63.16374969482422,11948800,381.8198207261606,382.9239274120566,375.4807419701021,379.2879943847656,93194500,195.8800048828125,200.82000732421875,192.05999755859375,194.4199981689453,91293800
2022-11-16,63.34858491789492,63.57744092910049,63.28697061281522,63.52462387084961,8856700,377.6603381299877,378.61215107240383,375.76623966962785,376.3944396972656,68508500,191.50999450683594,192.57000732421875,185.66000366210938,186.9199981689453,66567600
2022-11-17,63.19897527100016,63.286994781090726,63.07574661378174,63.260589599609375,6260600,371.6449453937852,375.91860608551974,371.34038726892305,375.2427978515625,74496300,183.9600067138672,186.16000366210938,180.89999389648438,183.1699981689453,64336000
2022-11-18,63.31339843284244,63.41022190624014,63.137359416914634,63.15496063232422,8564600,378.5740947886721,378.64072867021633,374.10059109959224,376.9465026855469,92922500,185.0500030517578,185.19000244140625,176.5500030517578,180.19000244140625,76048900
2022-11-21,63.366208794529186,63.41022190624014,63.12855545148084,63.15496063232422,6834600,375.6235052961584,376.7466376918826,373.7389050539046,375.5758972167969,51243200,175.85000610351562,176.77000427246094,167.5399932861328,167.8699951171875,92882700
2022-11-22,63.32217977926991,63.54223182830495,63.31337581698094,63.48061752319336,9534200,377.51770796736366,380.79194799230964,376.1090138482937,380.630126953125,60429000,168.6300048828125,170.9199981689453,166.19000244140625,169.91000366210938,78452300
2022-11-23,63.5774562510446,63.867919921875,63.5774562510446,63.867919921875,4855000,380.29692789864373,383.51406095455076,380.06850204043604,383.0286560058594,68261600,173.57000732421875,183.6199951171875,172.5,183.1999969482422,109536700
2022-11-25,63.72709006866287,63.867919921875,63.72709006866287,63.867919921875,2536400,382.46702560328106,383.49499996496786,382.1910207322794,382.94293212890625,30545400,185.05999755859375,185.1999969482422,180.6300048828125,182.86000061035156,50672700
2022-11-28,63.91192491327269,63.96473526208953,63.71827801366914,63.7886962890625,5852100,379.8590951809206,381.4962149118125,376.0708685003482,376.83233642578125,67881600,179.9600067138672,188.5,179.0,182.9199981689453,92905200
2022-11-29,63.551033020019524,63.70947077377788,63.515830599589684,63.55103302001953,5437600,376.96558433179973,378.1553507626501,374.34809818392904,376.18511962890625,52310000,184.99000549316406,186.3800048828125,178.75,180.8300018310547,83357100
2022-11-30,63.507048078584354,64.05277308042778,63.38381941910627,64.04397583007812,5479900,376.4325818837763,388.0351867675781,374.51945716113363,388.0351867675781,144566700,182.42999267578125,194.75999450683594,180.6300048828125,194.6999969482422,109186400
2022-12-01,64.16305758673315,64.57769012451172,64.10130323168359,64.57769012451172,7462500,389.07263892248426,390.2433795179694,385.24636063389784,387.7496337890625,76398200,197.0800018310547,198.9199981689453,191.8000030517578,194.6999969482422,80046200
2022-12-02,64.35711351906576,64.85115490305922,64.21596364558003,64.84233093261719,6828300,382.86679385886526,388.20645105003473,382.76210836744406,387.30224609375,85342700,191.77999877929688,196.25,191.11000061035156,194.86000061035156,73645900
2022-12-05,64.54240820596469,64.55122544909936,64.25127764524167,64.33067321777344,7552900,384.48494250767516,385.4177008262784,378.98346353454565,380.33502197265625,77289800,189.44000244140625,191.27000427246094,180.5500030517578,182.4499969482422,93122700
2022-12-06,64.4718334708674,64.61298340681071,64.40125513753557,64.54241180419922,7584100,380.17323078475664,380.7157422182558,372.7681254520418,374.8525695800781,77972200,181.22000122070312,183.64999389648438,175.3300018310547,179.82000732421875,92150800
2022-12-07,64.82471094696989,65.13348270636367,64.78942178436496,65.10701751708984,7472500,374.0054742055746,376.5753814167961,373.0822142567911,374.2148742675781,65927900,175.02999877929688,179.3800048828125,172.22000122070312,174.0399932861328,84213300
2022-12-08,64.9129433147282,65.05409326231921,64.81589978106899,64.92176055908203,5378100,376.0995434385917,378.21254120378944,374.3196280633302,377.1465148925781,60737900,172.1999969482422,175.1999969482422,169.05999755859375,173.44000244140625,97624500
2022-12-09,64.77178129144716,64.80707045811306,64.54241180419922,64.54241180419922,12079600,375.9090843451082,378.45993659247966,374.205330689029,374.3290710449219,81447700,173.83999633789062,182.5,173.36000061035156,179.0500030517578,104872300
2022-12-12,64.80707045811306,64.85118359912553,64.44536827854805,64.54241180419922,7533500,375.119059475854,379.7258605957031,374.4528077117335,379.7258605957031,75405800,176.10000610351562,177.3699951171875,167.52000427246094,167.82000732421875,109794500
2022-12-13,65.41577800831791,65.41577800831791,64.93938449129153,64.9834976196289,12563900,390.45283160745686,390.7098107273862,379.8401197057134,382.6003723144531,123782500,174.8699951171875,175.0500030517578,156.91000366210938,160.9499969482422,175862700
2022-12-14,65.02762634614005,65.19524821451724,64.78060889635516,65.1423110961914,9833900,382.2577658393952,385.9603339099887,377.21316643546646,380.1542663574219,108111300,159.25,161.6199951171875,155.30999755859375,156.8000030517578,140682300
2022-12-15,65.17758178710938,65.24816010438786,65.02760791093168,65.17758178710938,7800400,375.2999627142446,376.20419694431035,369.19886518287717,370.8550109863281,117705900,153.44000244140625,160.92999267578125,153.27999877929688,157.6699981689453,122334500
2022-12-16,64.80706062379471,65.13348031788071,64.76295422019561,65.00997161865234,6541900,368.3029384387337,369.641590174743,364.3443519350762,366.47662353515625,119858000,159.63999938964844,160.99000549316406,150.0399932861328,150.22999572753906,139032200
2022-12-19,64.74531963780687,64.76296758746454,64.53359135695965,64.62181091308594,6300000,366.66780330486046,367.0024734712642,361.70520704366805,363.36895751953125,79878100,154.0,155.25,145.82000732421875,149.8699951171875,139390600
2022-12-20,64.22480565899735,64.31302519604952,64.12776214902418,64.19833374023438,6130500,362.6136124267533,365.4821639806004,361.29407404311723,363.8662109375,74427200,146.0500030517578,148.47000122070312,137.66000366210938,137.8000030517578,159563300
2022-12-21,64.4365319122686,64.48946228672816,64.25126887094116,64.34831237792969,8169000,366.4575373430041,370.435266494614,365.92207660917404,369.3069763183594,78167400,139.33999633789062,141.25999450683594,135.88999938964844,137.57000732421875,145417400
2022-12-22,64.35714164512257,64.46300914454224,64.27774606859802,64.3395004272461,6833800,366.26619498775557,369.2877393144812,358.34899424622876,364.0382995605469,100120900,136.0,136.6300048828125,122.26000213623047,125.3499984741211,210090300
2022-12-23,64.11134303643385,64.21746079162607,64.06712561844608,64.13787078857422,4693400,363.0152466207401,366.2758375341586,361.46623322301946,366.1324157714844,59857300,126.37000274658203,128.6199951171875,121.0199966430664,123.1500015258789,166989700
2022-12-27,63.78415709806518,63.87259194154639,63.63382865875725,63.64267349243164,6959600,366.0176778685383,366.36189009849295,363.01524613197586,364.6885681152344,51638200,117.5,119.66999816894531,108.76000213623047,109.0999984741211,208643400
2022-12-28,63.77534157696473,63.82839710452129,63.54542304649678,63.55426788330078,7868200,364.6215818081712,366.59134742365524,359.92674469166934,360.1562194824219,70911500,110.3499984741211,116.2699966430664,108.23999786376953,112.70999908447266,221070500
2022-12-29,63.642674640256224,63.819530837145656,63.62498497258841,63.79300308227539,7391000,362.9961017998292,367.5092910145083,362.47018314198056,366.63916015625,66970900,120.38999938964844,123.56999969482422,117.5,121.81999969482422,221923300
2022-12-30,63.65151356853379,63.73994165877419,63.49234030744873,63.527706146240234,7051900,363.9618223377231,365.8167920978852,361.8486350909296,365.6733703613281,84022200,119.94999694824219,124.4800033569336,119.75,123.18000030517578,157777300
2023-01-03,64.0671344165235,64.0936689189385,63.73110493221544,63.86375045776367,8634800,367.52841345608357,369.49815002254616,361.274962367188,364.13397216796875,74850700,118.47000122070312,118.80000305175781,104.63999938964844,108.0999984741211,231402800
2023-01-04,64.28824162559825,64.34130391151452,64.10254049147929,64.2263412475586,5257100,366.39049594030786,368.972203833434,363.34983850558666,366.9450988769531,85934100,109.11000061035156,114.58999633789062,107.5199966430664,113.63999938964844,180389000
2023-01-05,63.969847980543335,64.19092156092391,63.86373697980402,64.15555572509766,5632400,364.99448566002695,365.1092230485303,362.16418974875853,362.75701904296875,76970500,110.51000213623047,111.75,107.16000366210938,110.33999633789062,157986300
2023-01-06,64.2439955231107,64.89837155130922,64.17325034529694,64.86299896240234,5627200,365.845539153224,372.1946147969525,362.7857679206914,371.07586669921875,104189600,103.0,114.38999938964844,101.80999755859375,113.05999755859375,220911100
2023-01-09,64.82761283850688,65.12827640812577,64.79224025698525,65.03984832763672,7398200,373.2654787600865,376.4495872696216,370.68379991549534,370.8654479980469,73978100,118.95999908447266,123.5199966430664,117.11000061035156,119.7699966430664,190284000
2023-01-10,64.82761979032279,64.88952012796604,64.6330739444066,64.78340911865234,4827900,370.2822289287242,373.5332484725184,369.34515816722075,373.46630859375,65358100,121.06999969482422,122.76000213623047,114.91999816894531,118.8499984741211,167642500
2023-01-11,64.96912260727092,65.16366849054475,64.95143293790125,65.1282958984375,8453200,375.04411658841514,378.2664524786612,374.2313542314855,378.18994140625,68881100,122.08999633789062,125.94999694824219,120.51000213623047,123.22000122070312,183810800
2023-01-12,65.33166064761689,65.63232421875,65.09290415443098,65.63232421875,5927600,379.2894696301709,381.0297021014003,375.2256881711222,379.5667419433594,90157700,122.55999755859375,124.12999725341797,117.0,123.55999755859375,169400900
2023-01-13,65.49084577549962,65.63233612797269,65.3493621696579,65.41126251220703,6331600,376.37306397661587,381.6129617235171,376.10533367891514,381.03924560546875,63903900,116.55000305175781,122.62999725341797,115.5999984741211,122.4000015258789,180714100
2023-01-17,65.22556489383808,65.43779368700935,65.20787522553866,65.32283782958984,6815100,381.0201896884126,382.6935115955875,379.6623956443495,380.3412780761719,62677300,125.69999694824219,131.6999969482422,125.0199966430664,131.49000549316406,186477000
2023-01-18,65.9683668649902,66.02142912150468,65.68539290122837,65.92415618896484,5112800,381.526947386791,382.58829750949707,374.1356353327088,374.33642578125,99632300,136.55999755859375,136.67999267578125,127.01000213623047,128.77999877929688,195680300
2023-01-19,65.75613132108607,65.85340424362919,65.66770323149163,65.79150390625,4765200,372.2997525257694,373.94439001524745,370.29178966269103,371.611328125,86958900,127.26000213623047,129.99000549316406,124.30999755859375,127.16999816894531,170291900
2023-01-20,65.55274270092028,65.60580495364732,65.37588651617942,65.49968719482422,4714300,373.00734634342695,378.68708106087394,371.36270886328373,378.5340881347656,91806400,128.67999267578125,133.50999450683594,127.3499984741211,133.4199981689453,138858100
2023-01-23,65.3316855600526,65.49085886508293,65.30515780031966,65.34053039550781,6116700,379.3373059432333,385.0074698849866,378.3811219727352,383.07598876953125,84178800,135.8699951171875,145.3800048828125,134.27000427246094,143.75,203119200
2023-01-24,65.39356097893398,65.65885196836732,65.24323256668248,65.63232421875,3907700,381.40259479828296,383.5731214964874,380.2169362364954,382.6647644042969,59524900,143.0,146.5,141.10000610351562,143.88999938964844,158699100
2023-01-25,65.6234935918186,65.75613911524829,65.50853773638303,65.71192169189453,4414400,378.6010242444025,383.1428977378186,376.31573073269413,382.8082275390625,84800300,141.91000366210938,146.41000366210938,138.07000732421875,144.42999267578125,192734300
2023-01-26,65.66771715638414,65.74730042990561,65.48201610486852,65.58812713623047,3866800,385.4663982164665,387.1779754700334,382.5022224600164,387.0154113769531,72287400,159.97000122070312,161.4199981689453,154.75999450683594,160.27000427246094,234815100
2023-01-27,65.43781173013546,65.55276761925167,65.39359429382654,65.51739501953125,4474100,385.97318218490153,390.2760095744735,385.762820567528,387.9046630859375,68346200,162.42999267578125,180.67999267578125,161.1699981689453,177.89999389648438,306590600
2023-01-30,65.40240256956129,65.5173583944156,65.31397449300952,65.33165740966797,6258700,385.150939428171,387.3788646968735,382.7413660285232,383.03778076171875,74202000,178.0500030517578,179.77000427246094,166.5,166.66000366210938,230878800
2023-01-31,65.5438961378156,65.63232421875,65.31397773008206,65.63232421875,5502300,383.5540875652921,388.717475261581,383.2098461559824,388.669677734375,86811800,164.57000732421875,174.3000030517578,162.77999877929688,173.22000122070312,196813500
2023-02-01,65.73514856956909,66.10743336826407,65.52240860231484,66.05424499511719,7473900,387.45528923844535,395.54462644508357,384.7206171548962,392.80035400390625,101459200,173.88999938964844,183.80999755859375,169.92999267578125,181.41000366210938,213806300
2023-02-02,66.30243824885758,66.35561985663094,66.0808391995802,66.09856414794922,4273500,396.68245506156615,399.9813013244029,394.78922953717114,398.5183410644531,101654500,187.3300018310547,196.75,182.61000061035156,188.27000427246094,217448300
2023-02-03,65.6110624516163,65.68197579087088,65.4071950545947,65.51356506347656,5332900,393.55573107794413,398.7000051703591,393.0776391240828,394.2824401855469,94736800,183.9499969482422,199.0,183.69000244140625,189.97999572753906,232662000
2023-02-06,65.15902336159486,65.21220499958208,65.08811000249847,65.1058349609375,5282300,391.8346069060138,393.26888274999055,390.21865378736663,391.8728332519531,60295300,193.00999450683594,198.1699981689453,189.9199981689453,194.75999450683594,186188100
2023-02-07,65.0526304341626,65.32741115064175,64.99058295745222,65.01717376708984,4674500,390.9548666867422,398.24098259343725,389.7118394155706,396.9979553222656,90990700,196.42999267578125,197.5,189.5500030517578,196.80999755859375,186010300
2023-02-08,65.0526289523265,65.22990552098432,64.91966814449933,65.13240814208984,4308200,395.02826801613645,396.3669196696717,391.9684677962696,392.65692138671875,76227500,196.10000610351562,203.0,194.30999755859375,201.2899932861328,180673600
2023-02-09,65.30968377365609,65.31854963076205,64.83102892994678,64.86648559570312,4268100,396.2522033663381,396.4051963035193,388.0290153704697,389.2529296875,78694900,207.77999877929688,214.0,204.77000427246094,207.32000732421875,215431400
2023-02-10,64.81331206829628,64.83103702205311,64.55625628147817,64.59171295166016,3606100,388.07678232835883,390.54375312300726,387.26404936045475,390.1612854003906,70769700,202.22999572753906,206.1999969482422,192.88999938964844,196.88999938964844,204754100
2023-02-13,64.60941509664572,64.76896667480469,64.59169014914626,64.76896667480469,3805800,390.81149214644563,394.875273798094,390.3525133608386,394.74139404296875,64913500,194.4199981689453,196.3000030517578,187.61000061035156,194.63999938964844,172475500
2023-02-14,64.6892128408148,64.7778511290941,64.36124373524669,64.5473861694336,4328000,393.2211029770664,396.8641617211256,390.6107393049538,394.5597839355469,88389300,191.94000244140625,209.82000732421875,189.44000244140625,209.25,216455700
2023-02-15,64.45873733683207,64.5207848047445,64.29918573896202,64.40555572509766,4370800,392.3700513500147,395.9174852871057,391.52860488743005,395.84100341796875,61555700,211.75999450683594,214.66000366210938,206.11000061035156,214.24000549316406,181006400
2023-02-16,64.20172458646752,64.31695374325024,64.0864954296848,64.15740203857422,5912000,390.8784407346895,394.8179138959173,390.25692701019995,390.3907775878906,76431500,210.77999877929688,217.64999389648438,201.83999633789062,202.0399932861328,229586500
2023-02-17,63.9978084559569,64.30805256285439,63.98894936231238,64.29918670654297,5165700,388.2680643786122,389.6545428210452,386.34612524209655,389.4154968261719,89257800,199.99000549316406,208.44000244140625,197.5,208.30999755859375,213738500
2023-02-21,63.89145419772474,63.95350167527891,63.7230367175058,63.74076843261719,16093200,385.39953691428894,386.4513451946088,381.34532592151567,381.6034851074219,82655900,204.99000549316406,209.7100067138672,197.22000122070312,197.3699951171875,180018600
2023-02-22,63.90918205876802,64.04214287748327,63.85600043634918,63.882591247558594,4375600,382.01458672604707,383.55405800104023,379.624126941612,381.0775451660156,83742300,197.92999267578125,201.99000549316406,191.77999877929688,200.86000061035156,191828500
2023-02-23,63.93578424955636,64.13079258335812,63.90919343361419,64.11306762695312,4789200,383.96523503521115,384.5772067863999,378.88790045751995,383.10467529296875,96242400,203.91000366210938,205.13999938964844,196.3300018310547,202.07000732421875,146360000
2023-02-24,63.78508614162127,63.84713362106896,63.64326622974142,63.75849533081055,4345900,378.0942481460913,379.84405183245593,376.3922419822525,379.0121765136719,108194400,196.3300018310547,197.6699981689453,192.8000030517578,196.8800048828125,142228100
2023-02-27,63.86485290527344,63.98008198391295,63.79393958180294,63.86485290527344,3340500,382.34938068504255,383.7071751214557,379.3660905773479,380.30316162109375,80444700,202.02999877929688,209.4199981689453,201.25999450683594,207.6300048828125,161028300
2023-02-28,63.652126279296695,63.900316200808824,63.60781051483705,63.882591247558594,5032400,379.82496053517093,381.78512595829335,378.79226552930106,378.8974609375,96438600,210.58999633789062,211.22999572753906,203.75,205.7100067138672,153144900
2023-03-01,63.68182753450981,63.815091642493414,63.468609028592496,63.504146575927734,4427800,378.08474796543993,379.3086624121773,376.1436954636512,377.444091796875,99706800,206.2100067138672,207.1999969482422,198.52000427246094,202.77000427246094,156852800
2023-03-02,63.26427510544496,63.38865314245078,63.22873755514406,63.370887756347656,4966600,375.47425838003477,381.22093252105213,375.13958820432623,380.3794860839844,85127800,186.74000549316406,193.75,186.00999450683594,190.89999389648438,181500700
2023-03-03,63.68180853534614,63.85948944091797,63.54854446712123,63.85948944091797,4008600,382.1962961869598,386.7286281625777,381.54609807414363,386.4800109863281,90120000,194.8000030517578,200.47999572753906,192.8800048828125,197.7899932861328,154193300
2023-03-06,63.99275145341476,63.99275145341476,63.69957186835659,63.708457946777344,4538700,387.30225445436355,389.5971190249731,386.3078442662089,386.7476806640625,72795900,198.5399932861328,198.60000610351562,192.3000030517578,193.80999755859375,128100100
2023-03-07,63.81507783494898,63.83284321572569,63.53078429587324,63.63739013671875,4253100,386.69995200651795,386.9389980101572,380.2074543771584,380.81939697265625,108310600,191.3800048828125,194.1999969482422,186.10000610351562,187.7100067138672,148125800
2023-03-08,63.770619938842415,63.87723250047577,63.46856118134806,63.58405303955078,4774500,380.9341111603913,382.19625170885286,379.212962662717,381.4408874511719,74746600,185.0399932861328,186.5,180.0,182.0,151897800
2023-03-09,63.664048758930555,63.930570140744145,63.62851121907021,63.797306060791016,4597800,382.22492782127654,383.8887075845493,373.4184826190144,374.4033508300781,111945300,180.25,185.17999267578125,172.50999450683594,172.9199981689453,170023800
2023-03-10,64.41917412586044,64.70346753992453,64.33033370485722,64.56131744384766,4779500,373.8583166785041,375.9332484862883,367.48058669730784,369.00091552734375,189253000,175.1300048828125,178.2899932861328,168.44000244140625,173.44000244140625,191488900
2023-03-13,65.14768180439769,65.58300464793503,64.89003981754371,65.07660675048828,7270500,365.0805650006383,373.2846390345943,363.9713881978472,368.4750061035156,157790000,167.4600067138672,177.35000610351562,163.91000366210938,174.47999572753906,167790300
2023-03-14,64.85452812787615,65.02332975363707,64.55246919555968,64.66796112060547,5432500,373.3898317252391,376.21058604424246,370.0909854321958,374.5659484863281,149752400,177.30999755859375,183.8000030517578,177.13999938964844,183.25999450683594,143717900
2023-03-15,65.3964632939648,65.60968176100046,65.0410946635101,65.33427429199219,6677200,368.9818486133687,372.42408758364206,366.8973453679593,372.2232971191406,172996900,180.8000030517578,182.33999633789062,176.02999877929688,180.4499969482422,145995600
2023-03-16,65.5919024060472,65.63631923908352,64.92558890767961,65.0233154296875,6964800,369.87107021323396,379.0982391870772,369.36429390384325,378.7539978027344,143254200,180.3699951171875,185.80999755859375,178.83999633789062,184.1300048828125,121136800
2023-03-17,65.2898168243294,65.67183671785799,65.2898168243294,65.49415588378906,4352700,377.4255889740926,378.55818505074,372.9431553160695,374.3253173828125,140553400,184.52000427246094,186.22000122070312,177.3300018310547,180.1300048828125,133197100
2023-03-20,65.5474733853587,65.60077629183982,65.17433948380912,65.20987701416016,6924500,375.10277090610924,378.33743311980123,374.4021114765073,377.9246826171875,93055800,178.0800018310547,186.44000244140625,176.35000610351562,183.25,129684400
2023-03-21,65.0322036743164,65.1832399060702,64.97001467703862,65.0322036743164,3997700,381.28412015653794,383.36697102971766,379.69079357481445,382.8870544433594,91524200,188.27999877929688,198.0,188.0399932861328,197.5800018310547,153391400
2023-03-22,65.03219188801991,65.67185390299898,64.9166999934619,65.60966491699219,5220500,382.71428861761933,386.3232414014182,376.3217962204962,376.36016845703125,111746600,199.3000030517578,200.66000366210938,190.9499969482422,191.14999389648438,150376400
2023-03-23,65.5652577543215,65.84066519323657,65.45864514340657,65.76070404052734,5392100,379.22048781510506,383.25179889041164,374.6708879123496,377.37762451171875,119351300,195.25999450683594,199.30999755859375,188.64999389648438,192.22000122070312,144193900
2023-03-24,65.95615566862786,66.11607119247202,65.76958868715833,65.89396667480469,4638000,376.10105243097433,379.94038538264834,373.7590569871103,379.85400390625,107682400,191.64999389648438,192.36000061035156,187.14999389648438,190.41000366210938,116312400
2023-03-27,65.38755788782447,65.50305655598805,65.20987701416016,65.20987701416016,5769800,382.1288028794633,382.8966870426311,379.6716321408978,380.56427001953125,74010400,194.4199981689453,197.38999938964844,189.94000244140625,191.80999755859375,120851600
2023-03-28,65.08548868335127,65.18321518173282,65.03217900726784,65.09436798095703,3473300,379.87320774489075,380.5642888800985,377.8767674052834,379.7100524902344,62871700,192.0,192.35000610351562,185.42999267578125,189.19000244140625,98654600
2023-03-29,64.99667147862077,65.22765530449794,64.98778539975098,65.16546630859375,4231300,383.8660888939379,385.4690232440617,382.6662973806607,385.22906494140625,77497900,193.1300048828125,195.2899932861328,189.44000244140625,193.8800048828125,123660000
2023-03-30,65.13882630405806,65.31650724414416,65.13882630405806,65.25431823730469,3455300,387.8589388033637,388.1085047730431,385.6225406555873,387.484619140625,69840000,195.5800018310547,197.3300018310547,194.4199981689453,195.27999877929688,110252200
2023-03-31,65.37867848265743,65.6274412205011,65.27207265881599,65.59190368652344,4549200,388.4061147934353,393.24368242982905,388.30051790737826,392.9461364746094,112062600,197.52999877929688,207.7899932861328,197.1999969482422,207.4600067138672,170222100
2023-04-03,65.53224641304091,65.89739944886074,65.47880424577461,65.87068176269531,5346200,392.42779542260035,394.84656445369103,392.03426030988214,394.4434509277344,67391100,199.91000366210938,202.69000244140625,192.1999969482422,194.77000427246094,169545900
2023-04-04,65.69256548694675,66.19131379531184,65.65693963707267,66.13787841796875,4126700,395.08655642138893,395.37452397054454,390.88248211307797,392.25506591796875,66601500,197.32000732421875,198.74000549316406,190.32000732421875,192.5800018310547,126463800
2023-04-05,66.30706321727159,66.70784875388033,66.24471970645686,66.31597137451172,4345900,391.5255732993779,392.28384974684195,389.57711302940226,391.22802734375,65200200,190.52000427246094,190.67999267578125,183.75999450683594,185.52000427246094,133882500
2023-04-06,66.36052315399101,66.44067620583829,66.28036330720887,66.29817962646484,4381700,390.4313411526847,393.0325102209904,389.3851264771968,392.754150390625,63743300,183.0800018310547,186.38999938964844,179.74000549316406,185.05999755859375,123857900
2023-04-10,65.93302017874092,65.95083649809222,65.73708143548616,65.85286712646484,4224300,390.2777272293107,393.23402961478297,389.66344926995697,393.1572265625,63681000,179.94000244140625,185.10000610351562,176.11000061035156,184.50999450683594,142154600
2023-04-11,65.92409720582731,65.93300536350128,65.73706666427422,65.87957000732422,4401600,393.78116601430696,394.6641961280183,392.4949930804865,393.2628479003906,59297900,186.69000244140625,189.19000244140625,185.64999389648438,186.7899932861328,115770900
2023-04-12,66.1378591132915,66.1378591132915,65.77269935486896,65.9508285522461,4134800,395.3264818376402,395.61444936283374,391.0744279375137,391.659912109375,86420400,190.74000549316406,191.5800018310547,180.30999755859375,180.5399932861328,150256300
2023-04-13,66.09332167295125,66.16457334819118,65.86175712588833,65.91519927978516,5012700,392.7445509263928,397.21737725795947,391.60234704835096,396.86224365234375,85814800,182.9600067138672,186.5,180.94000244140625,185.89999389648438,112933000
2023-04-14,65.6836432688559,65.72817727040187,65.55895621844878,65.62129974365234,4349600,396.22873922494233,398.4171577397506,393.58919793642514,395.8927917480469,78161500,183.9499969482422,186.27999877929688,182.00999450683594,185.0,96438700
2023-04-17,65.41644989253277,65.44317436921312,65.24723564316304,65.26504516601562,5085500,395.80637894641507,397.3325100919648,394.5777937246766,397.3133239746094,66436400,186.32000732421875,189.69000244140625,182.69000244140625,187.0399932861328,116662200
2023-04-18,65.29176254024799,65.45207542490353,65.27395301747927,65.3630142211914,3728400,398.8874765900454,399.0218673008723,396.1999552913603,397.572509765625,63560000,187.14999389648438,187.69000244140625,183.5800018310547,184.30999755859375,92067000
2023-04-19,65.27395629882812,65.30067398179145,65.14926924837621,65.27395629882812,4611000,395.6624479202901,398.4075568472331,395.60486027089866,397.5053405761719,55227300,179.10000610351562,183.5,177.64999389648438,180.58999633789062,125732700
2023-04-20,65.46098296989804,65.55895233154297,65.45207481113009,65.55895233154297,3605400,394.69301944461137,397.08302413683805,393.79077385332334,395.33612060546875,75840400,166.1699981689453,169.6999969482422,160.55999755859375,162.99000549316406,210970800
2023-04-21,65.66583268379281,65.7014517305323,65.39864226870513,65.44317626953125,3371600,395.63370284019766,396.104011798768,393.6948500576411,395.643310546875,73457400,164.8000030517578,166.0,161.32000732421875,165.0800018310547,123539000
2023-04-24,65.56783528951547,65.72814811105195,65.56783528951547,65.70142364501953,2993000,395.44166194381876,396.4782981802782,394.1075090570705,396.05596923828125,64332100,164.64999389648438,165.64999389648438,158.61000061035156,162.5500030517578,140006600
2023-04-25,65.95975381446381,66.16460076693417,65.95975381446381,66.12897491455078,3508100,394.0883231137075,394.6450428024144,389.7114858346393,389.7690734863281,97766700,159.82000732421875,163.47000122070312,158.75,160.6699981689453,121999300
2023-04-26,66.09334631423219,66.15568985457695,65.81725446341056,65.89740753173828,5819900,390.3833857943013,391.4583943618871,387.56147365849546,388.1181640625,80447000,160.2899932861328,160.6699981689453,153.13999938964844,153.75,153364100
2023-04-27,65.73708329948933,65.75489961934582,65.5767703954565,65.61239624023438,3078100,390.65211692803183,396.11357024267807,390.40255091976803,395.8448181152344,92968400,152.63999938964844,160.47999572753906,152.3699951171875,160.19000244140625,127015200
2023-04-28,65.93301269350705,65.99535621428903,65.80832565194311,65.97754669189453,4469100,394.9617875942257,399.23305741321724,394.90419994068407,399.22344970703125,89433100,160.89999389648438,165.0,157.32000732421875,164.30999755859375,122515800
2023-05-01,65.70973440863118,65.76330675982133,65.22762411684639,65.2990493774414,4546500,398.7819109693187,400.8455465437123,398.58993260769745,398.8203125,62122300,163.1699981689453,163.27999877929688,158.8300018310547,161.8300018310547,109015000
2023-05-02,65.46865327718336,65.95076335253113,65.45972342074599,65.94183349609375,4825100,398.1099666648256,398.1579758951747,391.4391441559721,394.33782958984375,103998500,161.8800048828125,165.49000549316406,158.92999267578125,160.30999755859375,128259700
2023-05-03,66.08467681215531,66.22752726850223,65.94183316729305,66.21859741210938,4205600,394.83694265774216,397.2461331896153,391.3911452329056,391.631103515625,91531800,160.00999450683594,165.0,159.91000366210938,160.61000061035156,119728000
2023-05-04,65.99538241157954,66.406067155096,65.97752951468013,66.12930297851562,11535800,390.58489620304397,390.91123595861524,387.52302611509293,388.8572082519531,94901900,162.7100067138672,162.9499969482422,159.64999389648438,161.1999969482422,95108500
2023-05-05,65.89719056197977,65.94183303236801,65.78112967504887,65.88826751708984,3143200,392.48538864162396,397.1021838881152,392.22624422840113,396.05596923828125,87891800,163.97000122070312,170.7899932861328,163.50999450683594,170.05999755859375,107607300
2023-05-08,65.62043288012616,65.71864087561389,65.54900764495594,65.57579040527344,9895900,396.3823322476967,396.64147667611564,394.76021173712985,396.16156005859375,50046800,173.72000122070312,173.8000030517578,169.19000244140625,171.7899932861328,112249400
2023-05-09,65.55793716342458,65.62043254100422,65.49544178584495,65.5043716430664,3827700,394.61623373049684,395.53766541370464,394.1939047732381,394.42425537109375,49220100,168.9499969482422,169.82000732421875,166.55999755859375,169.14999389648438,88965000
2023-05-10,65.7811371721368,65.95969345107054,65.75435441144529,65.9061279296875,5291800,397.25577792419296,397.88927136463667,392.44700411687967,396.26715087890625,96142900,172.5500030517578,174.42999267578125,166.67999267578125,168.5399932861328,119840700
2023-05-11,66.22751440837011,66.28107991335646,66.08466397976204,66.12037658691406,4745900,395.40334787228096,395.86404911911495,393.5028673537258,395.57611083984375,70157100,168.6999969482422,173.57000732421875,166.7899932861328,172.0800018310547,103889900
2023-05-12,66.07574769478923,66.12038334968207,65.7721939086914,65.7721939086914,2970500,396.8142810526254,397.0254455424627,392.63900049417026,395.0577697753906,70481500,176.07000732421875,177.3800048828125,167.22999572753906,167.97999572753906,157849600
2023-05-15,65.63829828116013,65.64722814012805,65.55794998490876,65.60259246826172,3268600,395.6624389099318,396.8238288685914,393.75238023444746,396.42071533203125,54289400,167.66000366210938,169.75999450683594,164.5500030517578,166.35000610351562,105592500
2023-05-16,65.41508207329429,65.45972454476302,65.31688089673573,65.4418716430664,3818500,395.31689334176326,396.2383543170176,393.761968222226,393.7715759277344,57705500,165.64999389648438,169.52000427246094,164.35000610351562,166.52000427246094,98288800
2023-05-17,65.51326883462828,65.52219868832566,65.28114713035721,65.3257827758789,4574400,395.7871593165039,399.1561533635068,394.14585302223173,398.5514831542969,87287000,168.41000366210938,174.5,167.19000244140625,173.86000061035156,125473600
2023-05-18,65.18298181543122,65.18298181543122,65.02227840116268,65.05799102783203,3530000,398.234744921799,402.81316752783374,398.01400205687503,402.3908386230469,97177200,174.22000122070312,177.05999755859375,172.4499969482422,176.88999938964844,109520300
2023-05-19,64.92402172521336,65.12043761895288,64.8258137783436,64.87937927246094,4166800,403.29314851307697,403.8210450825171,400.5864117249465,401.8053894042969,103793300,177.1699981689453,181.9499969482422,176.30999755859375,180.13999938964844,136196700
2023-05-22,64.91511489055249,65.06688838535679,64.82583676487256,64.8615493774414,5294900,401.8246282749285,403.5043365562108,400.5864351115969,401.9685974121094,60745400,180.6999969482422,189.32000732421875,180.11000061035156,188.8699951171875,132001400
2023-05-23,64.78119060432384,64.97760655651628,64.70977219474075,64.90618133544922,4561100,400.3271976557855,401.90133808318683,397.06377080135275,397.4573059082031,86383500,186.1999969482422,192.9600067138672,185.25999450683594,185.77000427246094,156952100
2023-05-24,64.94189948522775,64.95975919775987,64.71870075896832,64.72763061523438,4245100,395.85441436146004,396.2383417764392,393.4164298740769,394.57781982421875,89213700,182.22999572753906,184.22000122070312,178.22000122070312,182.89999389648438,137605100
2023-05-25,64.69191125794707,64.71869401246875,64.45978269961947,64.486572265625,4012300,398.0811934806872,399.4441694496832,395.84479511708275,397.99481201171875,90961600,186.5399932861328,186.77999877929688,180.5800018310547,184.47000122070312,96870700
2023-05-26,64.42408902340138,64.57586253523809,64.34373393323274,64.56693267822266,3783100,398.6475192492727,403.86901432087706,398.5707454798897,403.1491394042969,93830000,184.6199951171875,198.60000610351562,184.52999877929688,193.1699981689453,162061500
2023-05-30,64.77229983877659,64.99549865722656,64.7455102589132,64.99549865722656,3533000,405.07840112218025,405.6062976614237,401.9205417166639,403.3027038574219,72216000,200.10000610351562,204.47999572753906,197.52999877929688,201.16000366210938,128818700
2023-05-31,65.0044014683535,65.29009559456694,64.95976580545204,65.20974731445312,4898400,401.4790054006544,402.38125089733444,399.5017514717894,401.0662841796875,110811800,199.77999877929688,203.9499969482422,195.1199951171875,203.92999267578125,150711700
2023-06-01,65.38606262207031,65.51137416862998,65.31445407290275,65.38606262207031,3984000,401.29664281865877,405.93265339027886,400.04887142591303,404.8768310546875,88865000,202.58999633789062,209.8000030517578,199.3699951171875,207.52000427246094,148029900
2023-06-02,65.35028090701434,65.35922685702317,65.01909637451172,65.01909637451172,4595500,407.44922983268606,411.51891359121186,406.92133324219725,410.73187255859375,91426200,210.14999389648438,217.25,209.75,213.97000122070312,164398400
2023-06-05,64.88482851422845,65.2070602504133,64.8221727226908,65.02804565429688,4674600,411.0773593229492,412.36353228842165,409.2440744066445,409.94476318359375,65460200,217.8000030517578,221.2899932861328,214.52000427246094,217.61000061035156,151143100
2023-06-06,65.06385069727078,65.12650648953834,64.92063355553395,65.1175537109375,5001900,409.5321040964684,411.3653599992297,408.8793951634606,410.83746337890625,64022200,216.13999938964844,221.91000366210938,212.52999877929688,221.30999755859375,146911600
2023-06-07,65.07279631348294,65.12650615584364,64.70581434035874,64.75056457519531,4326500,411.2309077542299,412.36350381538136,408.99448016231673,409.41680908203125,85373300,228.0,230.8300018310547,223.1999969482422,224.57000732421875,185710800
2023-06-08,64.83112167981346,65.10859633612934,64.82216890184462,65.07279205322266,3567600,409.48399798951436,412.34431121135276,408.71614321581194,411.8931884765625,61952800,224.22000122070312,235.22999572753906,223.00999450683594,234.86000061035156,164489700
2023-06-09,64.92957719092158,65.02803725475846,64.84901585279675,64.93852996826172,12690400,412.6899118726264,414.63837227354514,411.6436971048215,412.63232421875,85742800,249.07000732421875,252.4199981689453,242.02000427246094,244.39999389648438,200242400
2023-06-12,65.01013626537815,65.0817448311915,64.81322295284448,65.07279205322266,4632800,413.61131547404943,416.45241340725585,412.8914406087862,416.3756103515625,76104300,247.94000244140625,250.97000122070312,244.58999633789062,249.8300018310547,150337900
2023-06-13,65.21602928082369,65.26973230724765,64.72372877536797,64.78638458251953,4302500,417.8345546921649,419.76379931662035,417.1722675057486,419.1207275390625,95899700,253.50999450683594,259.67999267578125,251.33999633789062,258.7099914550781,162384300
2023-06-14,64.89376800448579,64.99222806087899,64.62523933632843,64.8400650024414,5986200,419.4566872999007,421.4243335080621,416.1740450929453,419.6198425292969,100612100,260.1700134277344,261.57000732421875,250.5,256.7900085449219,170575500
2023-06-15,65.12649247642658,65.26075681067321,65.0459311442915,65.24285125732422,5061200,418.8040012480244,426.0699454976172,418.7080413628314,424.8221740722656,110303100,248.39999389648438,258.95001220703125,247.2899932861328,255.89999389648438,160171200
2023-06-16,65.05487521476859,65.18913953104682,64.9295636739667,65.0996322631836,3905300,426.80484934957235,427.3732510116979,422.9030966686289,423.3751525878906,114165800,258.9200134277344,263.6000061035156,257.2099914550781,260.5400085449219,167915600
2023-06-20,65.14440614333685,65.29656923686726,65.13545336460881,65.18916320800781,4921700,421.4386947666536,422.3250049416328,419.107257409602,421.1785583496094,76160400,261.5,274.75,261.1199951171875,274.45001220703125,165611200
2023-06-21,65.06385980915373,65.3323817440617,64.96539971766309,65.29657745361328,3678700,420.19591625792975,420.9955241203809,418.43288044222425,419.02056884765625,76982300,275.1300048828125,276.989990234375,257.7799987792969,259.4599914550781,211797100
2023-06-22,65.09964197884656,65.19809520791281,64.92062058743562,64.9832763671875,3975500,418.0668439684426,420.6391018260277,417.72964857046975,420.53314208984375,70637200,250.77000427246094,265.0,248.25,264.6099853515625,166875900
2023-06-23,65.32339635123378,65.33234229671677,65.0638205239409,65.17122650146484,4163100,417.08416191308544,419.1362056994903,416.64100677536294,417.3539123535156,92074500,259.2900085449219,262.45001220703125,252.8000030517578,256.6000061035156,177460800
2023-06-26,65.26076094374541,65.32341672649957,65.18915238374974,65.2518081665039,6287800,416.7855154988048,418.7026693868189,415.40786249787595,415.6487121582031,72823600,250.07000732421875,258.3699951171875,240.6999969482422,241.0500030517578,179990600
2023-06-27,65.26970564962532,65.36816571050315,65.04593402562443,65.12649536132812,4816100,416.52540707007813,420.8221567639146,416.0726085341393,420.2055969238281,72813700,243.24000549316406,250.38999938964844,240.85000610351562,250.2100067138672,164968200
2023-06-28,65.21601576329643,65.34132735162584,65.10860290374148,65.3323745727539,5517200,419.1265310456325,421.4290677123489,418.509971256602,420.4175109863281,75636000,249.6999969482422,259.8800048828125,248.88999938964844,256.239990234375,159770800
2023-06-29,64.8758692801269,64.9027207811491,64.73265216938492,64.8400650024414,5803000,420.00316219121595,422.23825355642686,419.59855132372985,422.074462890625,67882300,258.0299987792969,260.739990234375,253.61000061035156,257.5,131283400
2023-06-30,64.89375892667469,65.08172623650353,64.83110315673174,65.06382751464844,5612300,425.28267848094407,428.0379843526411,424.96474047999936,427.0553283691406,104964000,260.6000061035156,264.45001220703125,259.8900146484375,261.7699890136719,112620800
2023-07-03,65.04949884734717,65.19307945626807,64.86105443286367,64.8790054321289,3146500,426.70853977944085,427.82605633249915,426.4291459408796,427.54669189453125,32793400,276.489990234375,284.25,275.1099853515625,279.82000732421875,119685900
2023-07-05,64.85207833413976,64.87002933323917,64.55595531200137,64.60979461669922,4415700,425.7355105986345,427.6430505530816,425.725867203726,426.9108581542969,58418400,278.82000732421875,283.8500061035156,277.6000061035156,282.4800109863281,131530900
2023-07-06,64.23287847403537,64.2777422601037,64.02648314996979,64.19698333740234,5613400,423.3366343156822,423.991738320798,421.06299828536083,423.5678405761719,80658300,278.0899963378906,279.9700012207031,272.8800048828125,276.5400085449219,120332100
2023-07-07,64.19695927112582,64.34950840990531,64.12516902477263,64.16106414794922,5726600,422.5755319557256,426.438769743823,422.2575939538954,422.4984436035156,86134200,278.42999267578125,280.7799987792969,273.7699890136719,274.42999267578125,113879200
2023-07-10,64.21492919035724,64.45721965749952,64.20596054068342,64.38542938232422,4450800,422.1420000351028,423.7412452715391,421.57359837767063,423.5678405761719,62443500,276.4700012207031,277.5199890136719,265.1000061035156,269.6099853515625,119425400
2023-07-11,64.46617341415936,64.57385880204477,64.40335864946682,64.52001953125,5709100,424.32890870557475,426.7566624993896,423.3558667490492,426.26531982421875,64463800,268.6499938964844,270.8999938964844,266.3699951171875,269.7900085449219,91972400
2023-07-12,64.86103969421715,65.07640371236019,64.81617589884915,65.03153991699219,6397500,430.0515505672172,431.10165159958825,428.6257099376319,429.695068359375,91924500,276.3299865722656,276.5199890136719,271.4599914550781,271.989990234375,95672100
2023-07-13,65.28281861170349,65.46228753946967,65.23794795661158,65.42639923095703,5868400,431.5061931540125,433.8954320784897,431.0726814584312,433.1054382324219,72425200,274.5899963378906,279.45001220703125,270.6000061035156,277.8999938964844,112681500
2023-07-14,65.30074573643194,65.37253602733678,65.1123013575309,65.12127685546875,7410000,433.99178336356243,434.83954937929775,432.0746002832751,432.835693359375,69815800,277.010009765625,285.29998779296875,276.30999755859375,281.3800048828125,120062400
2023-07-17,65.13024704077004,65.22895697113776,65.06743225292679,65.19306182861328,5942700,432.6912500682276,435.3887545883977,432.64306249429234,434.3386535644531,52680200,286.6300048828125,292.2300109863281,283.57000732421875,290.3800048828125,131569600
2023-07-18,65.39944854195859,65.44431918045498,65.26485031906586,65.27381896972656,7748100,434.0110663595222,438.2114701147798,433.5775252322227,437.5660095214844,80668200,290.1499938964844,295.260009765625,286.010009765625,293.3399963378906,112120300
2023-07-19,65.39050407614364,65.48921404030527,65.30076276595982,65.42639923095703,11522100,438.35604491544507,439.72405458332963,437.48896257877516,438.5390930175781,65891700,296.0400085449219,299.2900085449219,289.5199890136719,291.260009765625,142355400
2023-07-20,65.21101129595034,65.21998679388818,64.99564726953473,65.12127685546875,5262100,437.5467608684042,438.44271452207744,434.91667207150675,435.62957763671875,70591600,279.55999755859375,280.92999267578125,261.20001220703125,262.8999938964844,175158300
2023-07-21,65.23790585352204,65.28277647965545,65.1391959530656,65.16612243652344,5170600,437.3444259913096,437.5467608684042,435.61996364299455,435.62957763671875,71275600,268.0,268.0,255.8000030517578,260.0199890136719,161796100
2023-07-24,65.24690078345834,65.29177142295762,65.04948092373891,65.05845642089844,3553400,436.7760157789645,438.38490436691495,435.74517222742827,437.5756530761719,54023400,255.85000610351562,269.8500061035156,254.1199951171875,269.05999755859375,136508500
2023-07-25,64.92384141105968,65.04947096686999,64.89692176999995,64.98665618896484,4200800,437.3059083742901,440.02267010001805,437.2577208036124,438.770263671875,55191200,272.3800048828125,272.8999938964844,265.0,265.2799987792969,112757300
2023-07-26,65.13921236564808,65.21997814377885,64.98666315243204,65.20203399658203,4478200,437.8357038433955,440.26345740361967,436.78560303915054,438.837646484375,71052900,263.25,268.0400085449219,261.75,264.3500061035156,95856200
2023-07-27,65.07638833489625,65.12125896596008,64.5828456246795,64.64566040039062,5342600,442.2191833737535,442.62382369326946,435.0225951669556,435.9281921386719,92194400,268.30999755859375,269.1300048828125,255.3000030517578,255.7100067138672,103697300
2023-07-28,64.76234018520927,64.88796978654179,64.70850088358098,64.87002563476562,5273200,439.1941631701477,441.0246146496096,435.92822776892785,440.19610595703125,80011800,259.8599853515625,267.25,258.2300109863281,266.44000244140625,111446000
2023-07-31,64.8789776247259,65.04947096686999,64.8789776247259,64.98665618896484,4607900,440.6681140687776,441.39066294813205,439.3578768125751,441.0342102050781,62040400,267.4800109863281,269.0799865722656,263.7799987792969,267.42999267578125,84582200
2023-08-01,64.71944504958567,64.7734282093249,64.51249816293019,64.58448028564453,11078000,439.56991241987384,440.51405372612544,438.81846261305157,439.7722473144531,55291500,266.260009765625,266.4700012207031,260.25,261.07000732421875,83166000
2023-08-02,64.37752532958984,64.40451690319809,64.1795779703408,64.37752532958984,6546700,436.66043160748643,436.9205386548979,432.9031828085776,433.6546325683594,93933400,255.57000732421875,259.5199890136719,250.49000549316406,254.11000061035156,101752900
2023-08-03,63.99964722195027,64.06262987269372,63.90967298725879,63.98165512084961,5395200,431.64115804128886,434.29050444334024,430.9956679816183,432.411865234375,64276100,252.0399932861328,260.489990234375,252.0,259.32000732421875,97569100
2023-08-04,64.21559030495465,64.53950302478394,64.19759134018983,64.51250457763672,6925000,434.2230076857938,436.32320952695244,429.9358722590493,430.45611572265625,100128900,260.9700012207031,264.7699890136719,253.11000061035156,253.86000061035156,99539900
2023-08-07,64.44949660499258,64.48548765578595,64.35952241030469,64.41350555419922,4987400,432.2865209235964,434.3674651549641,431.5928728464738,434.21331787109375,58357500,251.4499969482422,253.64999389648438,242.75999450683594,251.4499969482422,111097900
2023-08-08,64.66544463688386,64.76441831306131,64.59346253337459,64.64744567871094,4338200,431.67964426037906,434.2037733620173,428.9724964679823,432.32513427734375,71361300,247.4499969482422,250.9199981689453,245.00999450683594,249.6999969482422,96642200
2023-08-09,64.64746734438873,64.7464410537358,64.6204757626747,64.66546630859375,4937800,432.59488283321724,432.7586735355105,428.6738433785323,429.4349365234375,78789600,250.8699951171875,251.10000610351562,241.89999389648438,242.19000244140625,101596300
2023-08-10,64.71945183246616,64.80042658056152,64.29656539794036,64.3055648803711,5195800,431.7855978075418,435.1671361209915,428.4233462814403,429.58905029296875,93005500,245.39999389648438,251.8000030517578,243.0,245.33999633789062,109498600
2023-08-11,64.11660125538121,64.30554915265165,64.08061019905463,64.09860229492188,4577400,427.7200290859293,430.35011754971424,427.1227267257981,429.3385314941406,68690900,241.77000427246094,243.7899932861328,238.02000427246094,242.64999389648438,99038600
2023-08-14,64.02662338108159,64.17058073355368,63.918650218283766,64.01762390136719,7992400,428.4233935882657,431.70855712890625,428.11509896255956,431.70855712890625,47867400,235.6999969482422,240.66000366210938,233.75,239.75999450683594,98595300
2023-08-15,63.909667363677286,64.06262423565313,63.85568420053134,63.87367630004883,5028100,429.9358890851779,430.2923712690211,426.1111954097984,426.67962646484375,75707500,238.72999572753906,240.5,232.61000061035156,232.9600067138672,88197600
2023-08-16,63.873674033099746,63.99064670188912,63.66673400532249,63.6937255859375,5149700,426.2653150386881,427.9223617239687,423.44256433778145,423.5485534667969,80107200,228.02000427246094,233.97000122070312,225.3800048828125,225.60000610351562,112484500
2023-08-17,63.70271560399877,63.72070770020479,63.50476822277142,63.630733489990234,7357800,425.01291328665195,425.273020314269,419.8009235363625,420.3211669921875,95711300,226.05999755859375,226.74000549316406,218.8300018310547,219.22000122070312,120718400
2023-08-18,63.66671236348257,63.85566022815299,63.63972079204264,63.76568603515625,5094400,417.5080258452247,421.5543115245304,417.1612164787308,420.5234680175781,98852000,214.1199951171875,217.5800018310547,212.36000061035156,215.49000549316406,136276600
2023-08-21,63.53175612718188,63.55874770222689,63.38779190748608,63.459774017333984,4280100,421.5350906095178,424.00138893640195,419.38673031886054,423.25958251953125,68719000,221.5500030517578,232.1300048828125,220.5800018310547,231.27999877929688,135702700
2023-08-22,63.477777405919966,63.60374267464644,63.41479477155673,63.5407600402832,4301900,425.0321333206804,425.0321333206804,421.5542789285874,422.113037109375,64994200,240.25,240.82000732421875,229.5500030517578,233.19000244140625,130442800
2023-08-23,63.864677111132664,64.12560028255231,63.8556776300032,64.11660766601562,5205800,423.1728380844883,427.43107286328376,423.0283341735705,426.8144836425781,68441000,229.33999633789062,238.97999572753906,229.2899932861328,236.86000061035156,101077600
2023-08-24,64.01765504850799,64.10762929565306,63.94567290495392,63.96366500854492,4186400,428.4137593836846,428.9243595057039,420.87033128977225,420.8992614746094,88517300,238.66000366210938,238.9199981689453,228.17999267578125,230.0399932861328,99777400
2023-08-25,63.89168972958589,64.08063770796905,63.75672492657077,63.96366500854492,4853100,422.623632306367,425.14773158497053,419.0783330051314,423.8664245605469,102325100,231.30999755859375,239.0,230.35000610351562,238.58999633789062,106612200
2023-08-28,64.10761139215772,64.10761139215772,63.981646108414274,64.08061981201172,3969000,426.05336574379237,427.1709115909124,423.8664616174519,426.5543518066406,61595400,242.5800018310547,244.3800048828125,235.35000610351562,238.82000732421875,107673700
2023-08-29,63.99964028870048,64.49450882278434,63.981648189548956,64.47651672363281,6214600,426.4483889303442,432.999517120143,426.26534084235647,432.7201232910156,83081900,238.5800018310547,257.4800109863281,237.77000427246094,257.17999267578125,134047600
2023-08-30,64.53949738315775,64.57548158035439,64.44052367938411,64.44951629638672,4721500,433.05734340842935,435.1382880533624,432.3540517986095,434.50244140625,69053900,254.1999969482422,260.510009765625,250.58999633789062,256.8999938964844,121988400
2023-08-31,64.53048828222792,64.65645354741841,64.4944972258032,64.55747985839844,4747100,435.1189529964718,436.2557562391773,433.6834985527266,433.8665466308594,66084600,255.97999572753906,261.17999267578125,255.0500030517578,258.0799865722656,108861700
2023-09-01,64.55389761235149,64.57193899871127,64.17495966481555,64.24713897705078,3940700,436.5833515582069,437.06505085275637,433.2210704898494,434.6758117675781,58944100,257.260009765625,259.0799865722656,242.00999450683594,245.00999450683594,132541600
2023-09-05,64.10276978782402,64.11178703685046,63.88623191005782,63.89525604248047,4634300,434.23269470933957,434.5506033353466,432.72979513066315,432.7972106933594,55166200,245.0,258.0,244.86000061035156,256.489990234375,129469600
2023-09-06,63.96742909722324,63.976453228765884,63.750898123968476,63.82307052612305,7800400,431.9878663952489,432.0938555148443,427.56587096314115,429.8876647949219,70758500,255.13999938964844,255.38999938964844,245.05999755859375,251.9199981689453,116959800
2023-09-07,63.9584083949596,64.04862906503685,63.88622910553944,64.03961181640625,4742800,426.8915375451562,429.24223247025344,426.5447281630559,428.56787109375,70355400,245.07000732421875,252.80999755859375,243.27000427246094,251.49000549316406,115312900
2023-09-08,64.13884423616749,64.21102351939936,64.03960632596781,64.05764770507812,4270600,428.6159849900901,430.74508743408427,428.2595322506645,429.2132873535156,61659700,251.22000122070312,256.5199890136719,246.6699981689453,248.5,118367700
2023-09-11,63.967424857262856,64.01253174519519,63.90426970744152,63.95840072631836,4215800,431.83376742594476,432.34436749416994,430.12856253408137,432.0361022949219,60180100,264.2699890136719,274.8500061035156,260.6099853515625,273.5799865722656,174667900
2023-09-12,63.99450064787914,64.02156616166583,63.92232135551719,64.00352478027344,4246300,430.59102153155527,432.11317840274216,429.0881220484013,429.6661376953125,67565400,270.760009765625,278.3900146484375,266.6000061035156,267.4800109863281,135999900
2023-09-13,63.93132863223273,64.16590782886351,63.93132863223273,64.10275268554688,6142500,429.8876594387545,431.32311372742333,428.7893710886088,430.16705322265625,60199300,270.07000732421875,274.9800109863281,268.1000061035156,271.29998779296875,111673700
2023-09-14,64.1478788606505,64.18396850816993,63.97646163917874,63.994503021240234,5227300,432.6334271290332,434.5698383708397,431.332833106535,433.8761901855469,83430800,271.32000732421875,276.7099914550781,270.4200134277344,276.0400085449219,107709800
2023-09-15,63.96743557220923,63.9854769537252,63.850142500468664,63.86819076538086,4946100,432.2935551441486,432.6222625307114,428.2136712808251,428.6487121582031,111848900,277.54998779296875,278.9800109863281,271.0,274.3900146484375,133692300
2023-09-18,63.75988094187672,63.94934630158807,63.75988094187672,63.931304931640625,5882500,428.3393877167999,430.1956508895868,427.86566664070887,428.900146484375,55752200,271.1600036621094,271.44000244140625,263.760009765625,265.2799987792969,101543300
2023-09-19,63.8862373748705,63.93135115744653,63.76895117692833,63.796016693115234,4200900,427.981617392204,428.57137880593234,425.3326034960519,428.0106201171875,66514600,264.3500061035156,267.8500061035156,261.20001220703125,266.5,103704000
2023-09-20,63.913292130811534,63.98547141742258,63.71480941772461,63.71480941772461,5518400,429.26743850526196,429.6831540306982,423.87269606637597,424.07574462890625,82562600,267.0400085449219,273.92999267578125,262.4599914550781,262.5899963378906,122514600
2023-09-21,63.39901802639137,63.417066287255786,63.30879737225334,63.31782150268555,9127100,421.233389771168,421.49441429318694,416.91180676973505,417.0664978027344,104095800,257.8500061035156,260.8599853515625,254.2100067138672,255.6999969482422,119951500
2023-09-22,63.40804370800533,63.61555741265453,63.362936821530184,63.5794677734375,8149800,418.0913502784636,419.68655933537104,415.7130085528767,416.1287536621094,100829700,257.3999938964844,257.7900085449219,244.47999572753906,244.8800048828125,127524100
2023-09-25,63.25466815827878,63.31782330631387,63.1012923535357,63.11030960083008,22744300,414.920205158679,417.9172517040119,414.485134786977,417.87860107421875,70874500,243.3800048828125,247.10000610351562,238.30999755859375,246.99000549316406,104636600
2023-09-26,63.2276131437528,63.23663039254381,63.0200994038271,63.04716491699219,7329100,414.84288124552415,415.54865360911657,410.90801075336816,411.7394714355469,96168400,242.97999572753906,249.5500030517578,241.66000366210938,244.1199951171875,101993600
2023-09-27,63.24563886190874,63.25466299186094,62.69528395252766,62.82159423828125,7701800,412.90925504168933,413.4700137261174,408.2686420542666,411.9037780761719,104705800,244.25999450683594,245.3300018310547,234.5800018310547,240.5,136597200
2023-09-28,62.71335057648581,63.002060868949165,62.59605750294373,62.984012603759766,9004600,411.35267675993066,415.96428646714304,410.7629154217767,414.2917175292969,92258300,240.02000427246094,247.5500030517578,238.64999389648438,246.3800048828125,117058900
2023-09-29,63.209564143089096,63.27271930087065,62.87574697341344,62.95694351196289,7650600,417.3371969608053,417.5112133076614,411.7684378270295,413.28631591796875,115111300,250.0,254.77000427246094,246.35000610351562,250.22000122070312,128522700
2023-10-02,62.714490051430786,62.75972830742923,62.4883125762161,62.52450180053711,6719800,412.4548865420046,414.36915501527096,410.3666017087048,413.1219787597656,83798600,244.80999755859375,254.27999877929688,242.6199951171875,251.60000610351562,123810400
2023-10-03,62.40690510122854,62.47927666267689,61.99978141892923,62.017879486083984,8099500,410.94667474306095,413.1799731499237,406.2287013020404,407.5918884277344,103760600,248.61000061035156,250.02000427246094,244.4499969482422,246.52999877929688,101985300
2023-10-04,62.271154507290255,62.452093640425026,62.11735555388715,62.42495346069336,7915900,408.0559363281981,411.30435944495287,406.59606370497346,410.5599365234375,87453000,248.13999938964844,261.8599853515625,247.60000610351562,261.1600036621094,129721600
2023-10-05,62.54258638239017,62.56068444384125,62.397836402721786,62.47021484375,6845000,410.269877205424,411.2463514179395,407.1858225474584,410.4052429199219,70142700,260.0,263.6000061035156,256.25,260.04998779296875,119159200
2023-10-06,62.00881227885658,62.37069758959725,61.963574026618424,62.2259407043457,8385100,407.9592644123595,416.81512702154566,406.6347574601129,415.2779235839844,113273300,253.97999572753906,261.6499938964844,250.64999389648438,260.5299987792969,118121800
2023-10-09,62.55162516870609,62.85923004150391,62.479246739531675,62.859230041503906,3561600,413.3829806224,418.5070215863633,412.8319288458573,417.9366149902344,80374400,255.30999755859375,261.3599853515625,252.0500030517578,259.6700134277344,101377900
2023-10-10,62.633039014352875,62.93158789063313,62.551611573632506,62.7958869934082,11555900,418.5649967058061,422.70288570856627,418.1686064888882,420.11187744140625,78607300,257.75,268.94000244140625,257.6499938964844,263.6199951171875,122656000
2023-10-11,62.99494981583504,63.09446846012836,62.895431171541716,63.085426330566406,18074400,421.17537943505704,422.08414129890025,418.79703802262225,421.8327941894531,62451700,266.20001220703125,268.6000061035156,260.8999938964844,262.989990234375,103706300
2023-10-12,62.95874528841681,62.976843347919974,62.48829927714401,62.542579650878906,6144000,422.4419089154139,422.8189443567332,416.91182957643576,419.2611389160156,81154200,262.9200134277344,265.4100036621094,256.6300048828125,258.8699951171875,111508100
2023-10-13,62.904470725079804,62.931610914454154,62.74162268644577,62.83209228515625,5570100,420.75965970754623,421.95850789546967,415.60664534568787,417.1728515625,95143100,258.8999938964844,259.6000061035156,250.22000122070312,251.1199951171875,102073800
2023-10-16,62.66020316030665,62.66020316030665,62.47925705748878,62.50639724731445,4914800,419.4157827397426,422.6255551040407,419.1740835467255,421.56207275390625,75433200,250.0500030517578,255.39999389648438,248.47999572753906,253.9199981689453,88917200
2023-10-17,62.13545526433459,62.216875814743865,61.99069841598062,62.099266052246094,5851900,418.43937576892034,423.5924199141401,418.0913430371363,421.54278564453125,75324700,250.10000610351562,257.17999267578125,247.0800018310547,254.85000610351562,93562900
2023-10-18,61.972622484498956,62.0178607363188,61.7283538708809,61.82786560058594,5885900,419.77349041439385,420.7306097718711,414.8428210042976,415.9256286621094,93559800,252.6999969482422,254.6300048828125,242.0800018310547,242.67999267578125,125147800
2023-10-19,61.76452925942981,61.891194969835745,61.520260673218935,61.55644989013672,9433800,416.64115074369084,418.449056290601,411.5944695651963,412.2712097167969,121323000,225.9499969482422,230.61000061035156,216.77999877929688,220.11000061035156,170772700
2023-10-20,61.71929770192231,61.864047666706206,61.69215751492454,61.78262710571289,5197700,411.83610400929126,412.37750784711915,407.0987761718527,407.20513916015625,123919900,217.00999450683594,218.86000061035156,210.4199981689453,211.99000549316406,138010100
2023-10-23,61.59266463902015,62.108349114687094,61.5112371416042,62.017879486083984,9587100,405.67757598059893,410.3568982821464,403.9276761980999,406.4993591308594,92035100,210.0,216.97999572753906,202.50999450683594,212.0800018310547,150683400
2023-10-24,62.054043628706545,62.23498973527097,61.95453189808135,62.2259407043457,9462100,408.61664598235126,410.71460793995783,406.77006062450005,409.5641174316406,78564200,216.5,222.0500030517578,214.11000061035156,216.52000427246094,118231100
2023-10-25,61.97262541249975,61.99071657264956,61.70120969353342,61.755496978759766,7392400,407.88192884542195,407.91093157015536,403.17360349885,403.6860046386719,94223200,215.8800048828125,220.10000610351562,212.1999969482422,212.4199981689453,107065100
2023-10-26,61.83690866261216,62.18070277752673,61.82785963264402,62.171653747558594,11426600,402.6225823087564,403.47333880031834,397.93361142540357,398.85205078125,115156800,211.32000732421875,214.8000030517578,204.8800048828125,205.75999450683594,115112600
2023-10-27,62.126415500105374,62.1716537475586,61.99070766013317,62.171653747558594,5325500,400.43759484678344,400.8339851009318,395.62293584989493,397.04412841796875,107367700,210.60000610351562,212.41000366210938,205.77000427246094,207.3000030517578,94881200
2023-10-30,61.97264122058733,62.09930008110972,61.87312255840684,62.017879486083984,5905300,399.82851071417565,402.84491222424634,398.53300645045545,401.7911071777344,86562700,209.27999877929688,210.8800048828125,194.6699981689453,197.36000061035156,136448200
2023-10-31,62.09927448052868,62.19879310168236,61.98166470206859,61.999755859375,9248200,402.3614742415841,404.6334525608876,400.4568834170143,404.3144226074219,79665200,196.1199951171875,202.8000030517578,194.07000732421875,200.83999633789062,118068300
2023-11-01,62.13860766195216,62.6104514967227,62.11137991128601,62.601375579833984,9330800,405.2812643437381,409.43847913059346,404.7495083565733,408.6263732910156,98068100,204.0399932861328,205.99000549316406,197.85000610351562,205.66000366210938,121661700
2023-11-02,63.000648407675754,63.064165995791576,62.8100956433283,62.964351654052734,8409100,412.41619465013827,416.61211901779166,412.39686933434086,416.4574279785156,94938900,212.97000122070312,219.1999969482422,211.4499969482422,218.50999450683594,125987600
2023-11-03,63.54507383036685,63.67210898253718,63.32730027277436,63.33637619018555,7995700,418.75840416588386,421.80380835994043,418.63271585397734,420.2569274902344,100167800,221.14999389648438,226.3699951171875,218.39999389648438,219.9600067138672,119534800
2023-11-06,63.182080419737055,63.21837714760441,63.00967961598335,63.06412124633789,7822000,421.01102787683624,421.66844265759465,419.28045324415575,421.2237243652344,67831700,223.97999572753906,226.32000732421875,215.0,219.27000427246094,117335800
2023-11-07,63.227469370221485,63.508760430138054,63.20024854802243,63.3817253112793,7986100,421.22369728667144,423.0606052933152,420.0828841514639,422.4225158691406,64256100,219.97999572753906,223.1199951171875,215.72000122070312,222.17999267578125,116900100
2023-11-08,63.40895207600328,63.65395334454518,63.399883083016846,63.58135986328125,6543700,423.0219303160148,423.544008852029,420.4309219590949,422.7319030761719,61746000,223.14999389648438,224.14999389648438,217.63999938964844,222.11000061035156,106584800
2023-11-09,63.51783852186987,63.55413526034405,63.082284583074674,63.10951232910156,6979700,423.8727133946502,423.9113935278032,419.0097266771128,419.43511962890625,83174400,219.75,220.8000030517578,206.67999267578125,209.97999572753906,142110500
2023-11-10,63.39079078303852,63.399866696574584,63.173017318428265,63.22745895385742,4381800,421.5040718428815,426.2896982135309,419.4254351571336,425.9803161621094,89462200,210.02999877929688,215.3800048828125,205.69000244140625,214.64999389648438,130994000
2023-11-13,62.99154726322717,63.227472605850245,62.93710561604304,63.209327697753906,6058600,424.64616313137293,426.6764127794683,423.86306009469695,425.57427978515625,52236100,215.60000610351562,225.39999389648438,211.61000061035156,223.7100067138672,140447600
2023-11-14,63.962465691306015,64.03505917306447,63.880803216499345,63.98061752319336,8237100,431.50079597873554,435.1166069139446,431.2784220719966,433.8307800292969,97176900,235.02999877929688,238.13999938964844,230.72000122070312,237.41000366210938,149771600
2023-11-15,63.71746644163034,63.735611349226176,63.54505866644276,63.62672805786133,6793500,435.16486101976614,436.3927117469104,433.8983596665992,434.7491455078125,77327600,239.2899932861328,246.6999969482422,236.4499969482422,242.83999633789062,150354000
2023-11-16,63.88988379328696,64.0713605880266,63.88988379328696,64.00784301757812,5623900,434.3045010394223,435.60000533429076,433.2410185572766,435.2809753417969,66665800,239.49000549316406,240.8800048828125,230.9600067138672,233.58999633789062,136816800
2023-11-17,64.0713814591334,64.15304396649883,63.95342219641728,64.09860229492188,5657300,435.2906316917746,436.43147446982493,434.37219232906403,435.8223876953125,83133200,232.0,237.38999938964844,226.5399932861328,234.3000030517578,142532800
2023-11-20,64.04413575377005,64.21653662111653,63.98061818729597,64.18931579589844,6959100,435.5709613361329,440.01823251915994,435.56128392675316,439.1771240234375,69936200,234.0399932861328,237.10000610351562,231.02000427246094,235.60000610351562,116320100
2023-11-21,64.2528389868522,64.3163565588864,64.12580384278381,64.28005981445312,5737800,438.13299304399567,439.0514618608499,436.9534996970191,438.2200012207031,49244600,235.0399932861328,243.6199951171875,233.33999633789062,241.1999969482422,122288000
2023-11-22,64.4070813807993,64.45244710472899,64.18930098351862,64.33448791503906,4949100,439.8732756356209,441.2267854299995,438.8194705277012,439.91192626953125,59394900,242.0399932861328,244.00999450683594,231.39999389648438,234.2100067138672,117950600
2023-11-24,64.10765511861429,64.15302085428523,64.01691672437669,64.02598571777344,3534800,439.9602422808771,440.3759578384197,439.6315348978691,440.1825866699219,29737400,233.75,238.75,232.3300018310547,235.4499969482422,65125200
2023-11-27,64.19838707458655,64.4161605834961,64.15301442057017,64.4161605834961,5257000,439.55420100976517,440.3663068584605,439.0031197003399,439.3898620605469,50506000,236.88999938964844,238.3300018310547,232.10000610351562,236.0800018310547,112031800
2023-11-28,64.37986618162518,64.70652991829375,64.33450044885721,64.68838500976562,7051400,439.00310690168646,441.1203943936042,438.4423777026132,439.82489013671875,62115000,236.67999267578125,247.0,234.00999450683594,246.72000122070312,148549900
2023-11-29,64.92430222447481,65.06040632862326,64.84263283909134,65.02411651611328,7615800,441.9711138199376,443.10227896211006,439.1190812038522,439.51544189453125,63146000,249.2100067138672,252.75,242.75999450683594,244.13999938964844,135401300
2023-11-30,64.8880155401589,64.89708453324397,64.69746284194025,64.81542205810547,9880000,440.35665713551293,441.59415597189025,438.2876976332808,441.24609375,79752700,245.13999938964844,245.22000122070312,236.91000366210938,240.0800018310547,132353200
2023-12-01,64.80724404023877,65.37141385454154,64.78904098288125,65.3441162109375,7643500,440.6369952391435,444.3881717849613,440.0472633152973,443.8564453125,89183400,233.13999938964844,240.19000244140625,231.89999389648438,238.8300018310547,121331700
2023-12-04,65.1257237814267,65.21671823485613,64.98013404442598,65.0802230834961,11164600,440.472714596683,443.8758293803344,439.2545409477628,441.5265197753906,72430900,235.75,239.3699951171875,233.2899932861328,235.5800018310547,104099800
2023-12-05,65.36231466361657,65.55340509781504,65.2895163241795,65.49880981445312,8393500,440.14391844231596,442.3965419933345,439.7668535301099,441.4394226074219,69793500,233.8699951171875,246.66000366210938,233.6999969482422,238.72000122070312,137971100
2023-12-06,65.65348883755654,65.79907854685307,65.5624944014424,65.68988800048828,9365200,443.57603770145914,443.60504042530386,439.2254520989698,439.6605224609375,69124700,242.9199981689453,246.57000732421875,239.1699981689453,239.3699951171875,126436200
2023-12-07,65.61708899252186,65.84457855165765,65.60798746627592,65.67168426513672,9876000,441.7391409339485,443.66305717468333,441.13973162302386,443.01531982421875,66995400,241.5500030517578,244.0800018310547,236.97999572753906,242.63999938964844,107142300
2023-12-08,65.39868824098556,65.47147960950555,65.2530916190875,65.35318756103516,7349900,442.2709087807209,445.4516788944759,442.02920955180366,444.9199523925781,83194400,240.27000427246094,245.27000427246094,239.27000427246094,243.83999633789062,103126800
2023-12-11,65.325905523337,65.40779843588072,65.16211275581884,65.3623046875,12895800,444.4268307846884,446.8244975103325,444.2141343049595,446.65045166015625,65002200,242.74000549316406,243.44000244140625,237.4499969482422,239.74000549316406,97913900
2023-12-12,65.39867643871776,65.57156371798504,65.32587814090637,65.5533676147461,8052300,446.3023795471641,448.78705422627996,445.30658009464025,448.69036865234375,68327600,238.5500030517578,238.99000549316406,233.8699951171875,237.00999450683594,95328300
2023-12-13,65.7081102674576,66.43607993101779,65.67171109003627,66.39057922363281,7172600,449.06738064410393,455.12921471304713,448.7096705930377,454.8778381347656,93278000,234.19000244140625,240.3000030517578,228.1999969482422,239.2899932861328,146286300
2023-12-14,66.75453423915472,67.0002198989704,66.6999389686246,66.89102935791016,9105500,456.8115200961749,458.00069086527446,453.66943027540754,456.3377990722656,119026000,241.22000122070312,253.8800048828125,240.7899932861328,251.0500030517578,160829200
2023-12-15,66.79092407226562,66.90921612270354,66.70902423547848,66.79092407226562,7996700,455.7417439978948,456.91633245678577,453.74207009746453,455.58642578125,141553700,251.2100067138672,254.1300048828125,248.3000030517578,253.5,135932800
2023-12-18,66.69995015758525,66.70904474257914,66.608948768196,66.65444946289062,6144200,457.1881698520897,459.1296032853033,456.13009218585904,458.149169921875,70375300,253.77999877929688,258.739990234375,251.36000061035156,252.0800018310547,116416500
2023-12-19,66.75453982582931,66.8546357917983,66.7363367725091,66.7818374633789,6924100,458.69270565753243,461.012732509764,458.61506136543755,460.93505859375,55761800,253.47999572753906,258.3399963378906,253.00999450683594,257.2200012207031,106737400
2023-12-20,66.89103832613627,67.0366280478795,66.79094235512422,67.00022888183594,7496100,460.0808267995912,461.96401935450547,454.12064234016117,454.5477600097656,102921000,256.4100036621094,259.8399963378906,247.0,247.13999938964844,125097000
2023-12-21,67.1367167200755,67.17311588216191,66.8910310540301,66.99112701416016,6912600,457.52788134560456,459.1295875723286,455.1108062836296,458.8577880859375,86667500,251.89999389648438,254.8000030517578,248.5500030517578,254.5,109594200
2023-12-22,67.10154699997922,67.11067468698468,66.87340356153926,66.9464111328125,5890700,459.98377994700513,461.4592882220052,457.8870580411275,459.7799377441406,67160400,256.760009765625,258.2200012207031,251.3699951171875,252.5399932861328,93370100
2023-12-26,66.93729210190287,67.05593116116017,66.90991599973152,67.01029968261719,6394600,460.18759438735214,462.62407274345054,460.1099204752376,461.7213134765625,55387000,254.49000549316406,257.9700012207031,252.91000366210938,256.6099853515625,86892400
2023-12-27,67.25670525422765,67.45747266086394,67.2019530387405,67.43922424316406,7467700,461.5175089754055,462.7017844285322,460.98362668768385,462.5561828613281,68000300,258.3500061035156,263.3399963378906,257.5199890136719,261.44000244140625,106494400
2023-12-28,67.35707642807077,67.43008401006477,67.20194053812318,67.27494812011719,8166600,462.9153955785237,463.5657591935007,462.3135559501247,462.73095703125,77158100,263.6600036621094,265.1300048828125,252.7100067138672,253.17999267578125,113619900
2023-12-29,67.11981201171875,67.26582021284533,67.05593211827846,67.11981201171875,6939800,462.5367042508105,463.0608994653051,459.44011618801756,461.3912658691406,122283100,255.10000610351562,255.19000244140625,247.42999267578125,248.47999572753906,100891600
2024-01-02,66.85516180893468,66.94641780092306,66.79128191830424,66.83690643310547,8334200,458.3335624378489,459.7993540123723,456.7124526493962,458.8092041015625,123623700,250.0800018310547,251.25,244.41000366210938,248.4199981689453,104654200
2024-01-03,66.62698496225136,66.9372565720178,66.50834596596691,66.89163208007812,6477200,456.65427697187073,457.39203118698566,454.4604772449057,455.06231689453125,103585900,244.97999572753906,245.67999267578125,236.32000732421875,238.4499969482422,121082600
2024-01-04,66.58137982037613,66.66351507813862,66.50837224956173,66.59050750732422,5056900,454.5865557790852,457.1686653982138,453.3731600721968,453.596435546875,84232200,239.25,242.6999969482422,237.72999572753906,237.92999267578125,102629300
2024-01-05,66.39886004671445,66.7730116189611,66.33498017036091,66.38973236083984,6223400,453.8003122508208,456.66393818647634,452.7713549830218,454.2177429199219,86118900,236.86000061035156,240.1199951171875,234.89999389648438,237.49000549316406,92488900
2024-01-08,66.46273934352763,66.78213872251025,66.42623556273186,66.68175506591797,7937500,454.71281340697016,460.8477500166702,454.5866154970485,460.7021484375,74879100,236.13999938964844,241.25,235.3000030517578,240.4499969482422,85166600
2024-01-09,66.59964494972536,66.74565315035613,66.57226188487004,66.67264556884766,5649400,458.05205442710235,461.02244496424106,457.54729244084217,460.0032043457031,65931400,238.11000061035156,238.9600067138672,232.0399932861328,234.9600067138672,96705700
2024-01-10,66.7912872814118,66.83691179987652,66.55401611328125,66.55401611328125,6578400,460.27499186871785,463.4686578138975,459.9934757568045,462.6047058105469,67310600,235.10000610351562,235.5,231.2899932861328,233.94000244140625,91628500
2024-01-11,66.6543726712281,66.94639592761006,66.56311670905568,66.90076446533203,7537300,463.6045886611641,464.11906733105025,458.43068164604205,462.4009094238281,77940700,230.57000732421875,230.92999267578125,225.3699951171875,227.22000122070312,105873600
2024-01-12,67.06504241910733,67.20192987302518,66.9372826520867,67.03766632080078,4461200,463.84728742423584,464.5850416325541,461.3137309308125,462.72125244140625,58026400,220.0800018310547,225.33999633789062,217.14999389648438,218.88999938964844,123043800
2024-01-16,66.80954041031185,66.86429262128735,66.48101321968495,66.56314849853516,5724700,461.3428140279713,462.6532578332319,459.2072255045687,461.0224609375,85014900,215.10000610351562,223.49000549316406,212.17999267578125,219.91000366210938,115355000
2024-01-17,66.39886877726362,66.471869386706,66.28022973244735,66.40798950195312,12370300,458.00353981867966,458.94513616011074,456.110630489601,458.45977783203125,68843900,214.86000061035156,215.6699981689453,212.00999450683594,215.5500030517578,103164400
2024-01-18,66.43535043107441,66.46272652079347,66.24370387827516,66.31671142578125,6086200,460.1294153145847,463.0900892897804,458.58597937392244,462.5367736816406,91856200,216.8800048828125,217.4499969482422,208.74000549316406,211.8800048828125,108595400
2024-01-19,66.2345831566241,66.32583910981525,66.09769574564588,66.31671142578125,7883100,463.6628015298727,468.58434205067863,462.5853202688259,468.3028259277344,110834500,209.99000549316406,213.19000244140625,207.55999755859375,212.19000244140625,102260300
2024-01-22,66.51751026896153,66.56314174840496,66.39887816974938,66.42625427246094,10321400,469.83656769535,471.0111265282756,468.6425755704272,469.29296875,75844900,212.25999450683594,217.8000030517578,206.27000427246094,208.8000030517578,117952500
2024-01-23,66.3258627336076,66.3258627336076,66.20723064844327,66.27111053466797,6840400,469.836566173897,470.9043307691421,468.7493682867175,470.6616516113281,49945300,211.3000030517578,215.64999389648438,207.75,209.13999938964844,106605900
2024-01-24,66.55401472539121,66.55401472539121,66.11597619046844,66.13423156738281,7483800,473.52526505734005,474.45714470411593,470.6810725123754,471.1761474609375,81765000,211.8800048828125,212.72999572753906,206.77000427246094,207.8300018310547,123369900
2024-01-25,66.38975157785231,66.45363147269637,66.30762326836125,66.44450378417969,8361100,473.3020267275593,474.01066056996024,471.17618444820096,473.7388610839844,72525000,189.6999969482422,193.0,180.05999755859375,182.6300048828125,198076800
2024-01-26,66.4536122955869,66.4536122955869,66.29847644750402,66.34410095214844,9120500,473.3117152908374,474.79691054106985,472.29247468488353,473.1369934082031,76641600,185.5,186.77999877929688,182.10000610351562,183.25,107343200
2024-01-29,66.5266287223091,66.6726369039644,66.44449346318994,66.60875701904297,7677600,473.4476261562877,477.0295728420406,472.9040272208165,476.8839416503906,61322800,185.6300048828125,191.47999572753906,183.6699981689453,190.92999267578125,125013100
2024-01-30,66.76389025537347,66.78213866456338,66.49924306662199,66.72738647460938,6688100,476.19475312019154,477.2237103899132,475.7579187820987,476.5151062011719,58618400,195.3300018310547,196.36000061035156,190.61000061035156,191.58999633789062,109982300
2024-01-31,66.98292358044584,67.15630788165973,66.87341220937437,67.01029968261719,9916600,474.31155855924624,474.75807991768903,468.7202212489611,468.7396545410156,126011100,187.0,193.97000122070312,185.85000610351562,187.2899932861328,103221400
2024-02-01,67.277526391753,67.57039521624293,67.17685207872114,67.41481018066406,12060800,470.43836054795435,474.90366254751126,469.63264923202524,474.8745422363281,91891600,188.5,189.8800048828125,184.27999877929688,188.86000061035156,91843300
2024-02-02,66.83822349028675,66.93889780908229,66.69179256093028,66.8107681274414,7820000,475.31139921660196,481.5239798187347,474.971642466127,479.873779296875,99228200,185.0399932861328,188.69000244140625,182.0,187.91000366210938,110612700
2024-02-05,66.42639094097224,66.45384630871892,66.21588815067237,66.27995300292969,7577100,479.2428126687566,479.90289286822576,475.87442477356564,478.12646484375,75757100,184.25999450683594,184.67999267578125,175.00999450683594,181.05999755859375,134294400
2024-02-06,66.3805998968232,66.65516742586948,66.35314454042702,66.59110260009766,8310500,479.0680669349689,479.84465802363434,477.6411122849623,479.5146179199219,55918600,177.2100067138672,186.49000549316406,177.11000061035156,185.10000610351562,122676000
2024-02-07,66.49044517048922,66.68263969655551,66.45383569182744,66.4629898071289,9257500,481.75695184930976,483.93134756331705,480.8541628931194,483.5139465332031,70556500,188.17999267578125,189.7899932861328,182.67999267578125,187.5800018310547,111535200
2024-02-08,66.3531807665103,66.40809150928162,66.2525064163988,66.28911590576172,7987500,483.51398020972,484.10610316011065,482.69858176017516,483.7275390625,52343600,189.0,191.6199951171875,185.5800018310547,189.55999755859375,83034000
2024-02-09,66.19756716214708,66.26163199530275,66.16095768855196,66.23417663574219,5940700,484.2322866772762,486.9599980744067,483.8925299274153,486.523193359375,63979400,190.17999267578125,194.1199951171875,189.47999572753906,193.57000732421875,84476300
2024-02-12,66.3074055451652,66.34401502811582,66.17927584611047,66.25249481201172,6063000,486.4940393494017,488.7557959365899,485.59125041968997,486.3096008300781,56502300,192.11000061035156,194.72999572753906,187.27999877929688,188.1300048828125,95498600
2024-02-13,65.87724430842975,65.89554555432025,65.6575874624842,65.67589569091797,12938800,480.04849815534635,482.53353038052535,476.3500701317823,479.6116638183594,113099200,183.99000549316406,187.25999450683594,182.11000061035156,184.02000427246094,86759500
2024-02-14,65.73997896874953,65.9779301447997,65.72167073517937,65.92301940917969,6915700,482.2423099561509,484.4555426281319,479.9222830533005,483.9701843261719,68387800,185.3000030517578,188.88999938964844,183.35000610351562,188.7100067138672,81203000
2024-02-15,66.17926818826362,66.2067235516634,65.99622777723569,66.1060562133789,6733900,484.6690979139186,487.4938867654942,484.19342663721847,487.3094482421875,61683000,189.16000366210938,200.8800048828125,188.86000061035156,200.4499969482422,120831800
2024-02-16,65.81318749850227,65.9047077042002,65.76742390438125,65.89555358886719,5029200,487.0085929456435,488.14431492487785,484.1449667563623,484.8827209472656,75532900,202.05999755859375,203.1699981689453,197.39999389648438,199.9499969482422,111346700
2024-02-20,66.00539814372101,66.08776425419968,65.94133328583342,65.97793579101562,7605000,483.1450143046399,483.8148110550334,479.97078203566997,482.213134765625,71736700,196.1300048828125,198.60000610351562,189.1300048828125,193.75999450683594,104545800
2024-02-21,66.0511354552612,66.0511354552612,65.76742073650031,65.79487609863281,6625600,480.9124629140013,482.8053426352379,479.1069145137689,482.6500244140625,59293400,193.36000061035156,199.44000244140625,191.9499969482422,194.77000427246094,103500300
2024-02-22,65.83149603529185,65.9138621347761,65.74912295326273,65.82234191894531,11884200,489.25088043870596,493.5996718242251,488.2898508655614,492.638671875,76402500,194.0,198.32000732421875,191.36000061035156,197.41000366210938,92739500
2024-02-23,65.831498694284,66.12436758629867,65.831498694284,66.060302734375,6147200,494.35685563775104,495.1916873577398,492.25041710535265,492.97845458984375,61321800,195.30999755859375,197.57000732421875,191.5,191.97000122070312,78841900
2024-02-26,66.07859915464311,66.07859915464311,65.83149388172913,65.94132232666016,5255800,493.4152350521733,493.8520693709636,491.0466841824756,491.1728820800781,50386700,192.2899932861328,201.77999877929688,192.0,199.39999389648438,111747100
2024-02-27,65.91387208940937,65.99624518387888,65.81320472457365,65.84066009521484,5534300,491.86211180789684,492.30863314805396,489.9692025931845,492.0853576660156,48854500,204.0399932861328,205.60000610351562,198.25999450683594,199.72999572753906,108645400
2024-02-28,65.89557083480287,66.0145464350936,65.85896134643357,65.98709106445312,5255300,490.53217814092545,492.0173732682764,490.17301775947533,491.4349670410156,56506600,200.4199981689453,205.3000030517578,198.44000244140625,202.0399932861328,99806200
2024-02-29,66.07860796419546,66.22504591029316,66.05115259493854,66.09691619873047,6002900,493.1920036518268,494.8130838290683,490.5516532421677,493.2016906738281,83924800,204.17999267578125,205.27999877929688,198.4499969482422,201.8800048828125,85907000
2024-03-01,66.02531417921736,66.4199611667472,65.90599790258088,66.37406921386719,6366800,494.07533144522296,498.2590878764062,493.6676174504883,497.83197021484375,76844800,200.52000427246094,204.52000427246094,198.5,202.63999938964844,82243100
2024-03-04,66.19970376816974,66.29148769552086,66.17217139081663,66.21806335449219,26404700,497.03610351614157,499.14254217920546,497.0069535759895,497.29815673828125,49799300,198.72999572753906,199.75,186.72000122070312,188.13999938964844,134334900
2024-03-05,66.49339988697878,66.64942837570587,66.4383351275052,66.57600402832031,6208600,495.29839314371003,495.7449440770518,490.1244870696133,492.3280029296875,72855600,183.0500030517578,184.58999633789062,177.57000732421875,180.74000549316406,119660800
2024-03-06,66.6494122867698,66.82378631705325,66.64023249502979,66.69529724121094,28955300,495.59937641592427,497.07488469099843,493.53177482463775,494.82281494140625,68382400,179.99000549316406,181.5800018310547,173.6999969482422,176.5399932861328,107920900
2024-03-07,66.85132013609766,66.86049992803622,66.68612589398117,66.80543518066406,7495500,498.1135389799133,500.7830096761973,494.8810360564722,499.734619140625,58652100,174.35000610351562,180.0399932861328,173.6999969482422,178.64999389648438,102129000
2024-03-08,66.91558190598433,66.97064666177347,66.82379797682817,66.86968994140625,7187700,500.36563844693006,503.0447667007892,496.1624186562773,496.7351379394531,86532500,181.5,182.72999572753906,174.6999969482422,175.33999633789062,85544600
2024-03-11,66.9064076403762,66.9155874344764,66.7779185314988,66.8421630859375,5626200,495.5314219659159,496.89041928478855,493.6093924281333,496.3079833984375,62557200,175.4499969482422,182.8699951171875,174.8000030517578,177.77000427246094,85391500
2024-03-12,66.73200517667944,66.74118496783765,66.58516352879313,66.64022827148438,4699400,498.41446966211043,502.22937893995004,495.90028750048145,501.64697265625,73114400,177.77000427246094,179.42999267578125,172.41000366210938,177.5399932861328,87391700
2024-03-13,66.57598991934898,66.64941425117425,66.5117453795343,66.53009796142578,6123200,501.9672879725168,502.14200986510485,499.4240150117718,500.86065673828125,55104100,173.0500030517578,176.0500030517578,169.14999389648438,169.47999572753906,106524500
2024-03-14,66.35573292525183,66.35573292525183,66.12628710877742,66.13545989990234,5214000,501.8313823905043,501.98673024081194,496.832226949847,499.8705749511719,110171800,167.77000427246094,171.1699981689453,160.50999450683594,162.5,126325700
2024-03-15,66.10792704660747,66.18135138786232,66.05286229173161,66.09874725341797,4783900,496.80813351794416,498.2590153922283,494.7730358188075,496.4381103515625,107646300,163.16000366210938,165.17999267578125,160.75999450683594,163.57000732421875,97146800
2024-03-18,66.08956813305123,66.11710050785243,65.98861142402693,66.01614379882812,5284200,500.4985887866016,501.93969410963876,498.97956820958467,499.3885192871094,88893300,170.02000427246094,174.72000122070312,165.89999389648438,173.8000030517578,108214400
2024-03-19,66.12628432380701,66.2547734154508,66.09874494520021,66.1905288696289,4560100,498.6971800566581,502.44602683293346,497.69420694088996,502.1636657714844,60755300,172.36000061035156,172.82000732421875,167.4199981689453,171.32000732421875,77271400
2024-03-20,66.23640538258704,66.43831878717164,66.10791630732946,66.30982971191406,5287200,502.22213711517423,506.94471696954355,501.5502591703246,506.8083801269531,69594600,173.0,176.25,170.82000732421875,175.66000366210938,83846700
2024-03-21,66.44749516903242,66.484207331812,66.30064651791409,66.3648910522461,5492900,509.6419901809582,510.34304922248214,508.20082532016534,508.4832458496094,60256100,176.38999938964844,178.17999267578125,171.8000030517578,172.82000732421875,73178000
2024-03-22,66.64024694806507,66.64942674179602,66.53011042968674,66.5851821899414,4169400,508.39561095817277,508.8824773514824,507.2855413177628,507.519287109375,79070800,166.69000244140625,171.1999969482422,166.3000030517578,170.8300018310547,75580600
2024-03-25,66.53926978026587,66.53926978026587,66.4107807160329,66.45667266845703,7950500,506.1462770254766,507.26609347283284,505.9612654237029,506.1170959472656,48512100,168.75999450683594,175.24000549316406,168.72999572753906,172.6300048828125,74228600
2024-03-26,66.48420926583026,66.53009421904272,66.37407277428765,66.5117416381836,7603100,507.5386367689601,507.87947884663447,504.7830162330491,505.1822204589844,65463700,178.5800018310547,184.25,177.3800048828125,177.6699981689453,113186200
2024-03-27,66.60353441141739,66.7687356870169,66.55764244514438,66.74120330810547,7825200,508.00609219695343,509.4666912006187,505.8443747669276,509.4277038574219,82999800,181.41000366210938,181.91000366210938,176.0,179.8300018310547,81804000
2024-03-28,66.66777201684545,66.7687287304227,66.60352747203541,66.6585922241211,5326400,509.4666590943707,510.8298490860622,509.0479612048705,509.330322265625,96294900,177.4499969482422,179.57000732421875,175.3000030517578,175.7899932861328,77654800
2024-04-01,66.41558795993815,66.45240964070736,66.14863604162446,66.20386505126953,6157500,510.07039018205234,510.60593125263364,507.2854696375655,508.4442138671875,62477500,176.1699981689453,176.75,170.2100067138672,175.22000122070312,81562100
2024-04-02,65.98291597568192,66.1394027899925,65.89086532155892,66.13019561767578,9043000,504.627181070464,505.3477336967163,502.9134021583385,505.2114562988281,74230300,164.75,167.69000244140625,163.42999267578125,166.6300048828125,116650600
2024-04-03,65.95532359449967,66.18545381847001,65.87247306190147,66.1762466430664,5419200,504.1208688391064,507.266065898289,504.0721940901131,505.7664794921875,59155800,164.02000427246094,168.82000732421875,163.27999877929688,168.3800048828125,82950100
2024-04-04,66.33271548929332,66.33271548929332,66.15782134224082,66.3143081665039,12412900,509.76856679026787,510.10934946561747,499.2911933332161,499.5930480957031,96858100,170.07000732421875,177.19000244140625,168.00999450683594,171.11000061035156,123162000
2024-04-05,66.0657765476702,66.21306325077956,65.9829330444336,65.9829330444336,11531700,500.9465048519071,506.7694068986325,500.5083132867227,504.81219482421875,74546500,169.0800018310547,170.86000061035156,160.50999450683594,164.89999389648438,143157600
2024-04-08,65.91848905442018,66.00133254783754,65.88166738300723,65.92769622802734,13873100,505.5133313161047,506.51624504555883,504.28641866242464,505.0945739746094,48401800,169.33999633789062,174.5,167.7899932861328,172.97999572753906,104423300
2024-04-09,66.11180895873498,66.21306681682198,66.10260178354063,66.16703796386719,8886200,506.8278303713481,507.0712635271461,500.8393509659492,505.6788330078125,68049200,172.91000366210938,179.22000122070312,171.9199981689453,176.8800048828125,102951700
2024-04-10,65.70676486485965,65.72517921169994,65.36617670148561,65.39379119873047,8196500,499.99218385090813,502.601780021425,498.6387407392185,500.6153869628906,82652800,173.0399932861328,174.92999267578125,170.00999450683594,171.75999450683594,84532400
2024-04-11,65.53187070797034,65.56869237863535,65.27412603633088,65.39379119873047,16574100,502.1344572387197,505.8346295064768,498.6290433917763,504.3935241699219,70099000,172.5500030517578,175.8800048828125,168.50999450683594,174.60000610351562,94516000
2024-04-12,65.59633559002417,65.67917911802267,65.531899393908,65.54109954833984,12479100,500.8589251713878,502.2708495884285,495.7078704459787,497.431396484375,92561100,172.33999633789062,173.80999755859375,170.36000061035156,171.0500030517578,64722700
2024-04-15,65.21890986585508,65.2281170420771,65.01639412707696,65.10845184326172,8079200,501.5989519571189,501.7644698822578,490.3523209615631,491.1994934082031,92101400,170.24000549316406,170.69000244140625,161.3800048828125,161.47999572753906,100245300
2024-04-16,64.91511987234891,64.9979703913992,64.82306920241655,64.94274139404297,14378900,491.6765860412786,493.19560665785394,489.01828510429004,490.3036193847656,73484000,156.74000549316406,158.19000244140625,153.75,157.11000061035156,97000000
2024-04-17,65.14522655045417,65.30172035818455,65.04397576617697,65.25569152832031,6568500,492.7574157801548,492.9229634124424,486.00945537176443,487.4018859863281,75910300,157.63999938964844,158.3300018310547,153.77999877929688,155.4499969482422,82439700
2024-04-18,65.24651220227344,65.25571937677822,65.0255891752737,65.08081817626953,6349500,488.794360179131,490.8878795783521,485.46418121059236,486.3989562988281,74548100,151.25,152.1999969482422,148.6999969482422,149.92999267578125,96098800
2024-04-19,65.21888713413674,65.24650163016018,65.10842915004295,65.16365814208984,8338300,486.32104754330464,487.3142441699,480.8876025986124,482.1534729003906,102212600,148.97000122070312,150.94000244140625,146.22000122070312,147.0500030517578,87074500
2024-04-22,65.13605517786277,65.24651318151223,65.09923350230746,65.1912841796875,5938300,484.7533503648902,489.18385210193054,482.41639776348796,486.5937194824219,67961000,140.55999755859375,144.44000244140625,138.8000030517578,142.0500030517578,107097600
2024-04-23,65.15444915234146,65.45822264615963,65.09001298907837,65.3109359741211,6044400,488.5995489497242,492.79633413093177,486.4086505723251,492.3678894042969,64633600,143.3300018310547,147.25999450683594,141.11000061035156,144.67999267578125,124545100
2024-04-24,65.20967694577162,65.20967694577162,65.01636845953098,65.1452407836914,4616600,493.2540334865075,494.0427545951939,489.914137461728,492.1342468261719,55928100,162.83999633789062,167.97000122070312,157.50999450683594,162.1300048828125,181178000
2024-04-25,64.85067848480922,64.97955081695184,64.77704216859586,64.96114349365234,5367500,486.0678932982719,491.0241892900092,484.4222826199273,490.2646789550781,69122400,158.9600067138672,170.8800048828125,158.36000061035156,170.17999267578125,126427500
2024-04-26,65.08083031459567,65.20050253642876,65.08083031459567,65.10845184326172,4256600,493.04949947545424,496.4867743057136,492.41657923952914,494.9093322753906,64306100,168.85000610351562,172.1199951171875,166.3699951171875,168.2899932861328,109815700
2024-04-29,65.21889965611263,65.33857185921156,65.19128515478722,65.30175018310547,4799500,496.69128964862307,497.33395677101214,493.9258924563797,496.6620788574219,46415400,188.4199981689453,198.8699951171875,184.5399932861328,194.0500030517578,243869700
2024-04-30,65.10843578876066,65.20968661016548,64.99797077038815,65.0531997680664,6605800,495.20145909113546,496.1751917116098,488.7943115234375,488.7943115234375,77483600,186.97999572753906,190.9499969482422,182.83999633789062,183.27999877929688,127031800
2024-05-01,65.18615433112522,65.49085051743704,65.09382407464054,65.2877197265625,8119200,488.2101273744075,494.84124497607075,486.7397814235659,487.2071838378906,80242800,182.0,185.86000061035156,179.00999450683594,179.99000549316406,92829700
2024-05-02,65.2692662083587,65.57395539567659,65.23233269139786,65.54625701904297,6014800,490.90730120185356,492.60161619088024,486.4281251448712,491.7641906738281,62550200,182.86000061035156,184.60000610351562,176.02000427246094,180.00999450683594,89148000
2024-05-03,65.97096947403202,66.06330677121939,65.72167708692768,65.8786392211914,7256900,497.73321224009646,499.08668524553275,495.20150126804214,497.85980224609375,72756700,182.10000610351562,184.77999877929688,178.4199981689453,181.19000244140625,75491500
2024-05-06,65.92482747212986,65.98945937277087,65.86942366847411,65.94329071044922,5584300,500.255195688938,503.0400570645358,499.8170040691018,503.0011291503906,47264700,183.8000030517578,187.55999755859375,182.1999969482422,184.75999450683594,84390300
2024-05-07,66.14639203342327,66.22949417964506,66.02636342704258,66.07252502441406,4635400,503.96507290224616,504.9485523975052,502.8842439138016,503.5561218261719,52561300,182.39999389648438,183.25999450683594,177.39999389648438,177.80999755859375,75045900
2024-05-08,65.94327149169813,65.98944014056421,65.91557312011719,65.91557312011719,6774500,501.7254700555243,504.14030789046143,501.60862689782874,503.6047668457031,42047200,171.58999633789062,176.05999755859375,170.14999389648438,174.72000122070312,79969500
2024-05-09,65.92480614945391,66.12793692701055,65.88787264041211,66.09100341796875,4525200,503.7898378767789,506.5455181068331,503.1374535973279,506.50653076171875,43643700,175.00999450683594,175.6199951171875,171.3699951171875,171.97000122070312,65950300
2024-05-10,65.98022385307496,65.99869413563724,65.87865843202883,65.90635681152344,5562000,508.1034888313709,508.91170366265516,505.9418306327187,507.15899658203125,52233200,173.0500030517578,173.05999755859375,167.75,168.47000122070312,72627200
2024-05-13,66.109450282883,66.109450282883,65.95248819157607,65.96172332763672,5600500,508.8337028193061,508.9407991411694,506.08776976766853,507.2270202636719,36716400,170.0,175.39999389648438,169.0,171.88999938964844,67018900
2024-05-14,66.13719225232197,66.20182415867,66.05409710602426,66.1556625366211,4272500,507.42175308205213,510.07033651333364,506.8862120678195,509.5542297363281,57535900,174.5,179.49000549316406,174.07000732421875,177.5500030517578,86407400
2024-05-15,66.49727349550211,66.62654432958352,66.42341350447471,66.58037567138672,4208200,512.0178797101214,516.1562436643347,511.38492968552964,515.8641357421875,59504900,179.89999389648438,180.0,173.11000061035156,173.99000549316406,79663000
2024-05-16,66.5988377621184,66.62654318316869,66.45111073825727,66.46957397460938,4359500,515.9614786446474,517.558414507879,514.6566506998298,514.802734375,50244800,174.10000610351562,175.7899932861328,171.42999267578125,174.83999633789062,59812200
2024-05-17,66.41417579291468,66.46957254512773,66.29414714833707,66.30337524414062,4373500,514.9196434193897,515.6110151080264,513.4687910457112,515.5428466796875,59187600,173.5500030517578,179.6300048828125,172.75,177.4600067138672,77445800
2024-05-20,66.26643738796439,66.29414280660437,66.22951091847268,66.23873901367188,3699600,515.6595992673854,517.5973177042522,515.2700824401487,516.13671875,37764200,177.55999755859375,177.75,173.52000427246094,174.9499969482422,61727400
2024-05-21,66.41417655867606,66.41417655867606,66.34030952530833,66.37724304199219,4612300,515.3772058901883,517.5583573493641,515.1727006539206,517.4025268554688,33437000,175.50999450683594,186.8800048828125,174.7100067138672,186.60000610351562,115266500
2024-05-22,66.23872463706122,66.36798838526886,66.22026140632268,66.29412841796875,4306200,516.7113097871478,517.4221156794935,513.7413773413039,515.912841796875,48390000,182.85000610351562,183.8000030517578,178.1199951171875,180.11000061035156,88313500
2024-05-23,66.31260856632068,66.34030694166785,66.02638262860289,66.1002426147461,3589900,518.9605372397859,519.0676335599267,510.9369308576571,512.1444091796875,57211200,181.8000030517578,181.89999389648438,173.25999450683594,173.74000549316406,71975500
2024-05-24,66.08176490808812,66.19256542956042,66.04483140093068,66.1740951538086,4025200,513.9848197975488,516.3412958961842,513.0403275362747,515.5330810546875,41291100,174.83999633789062,180.0800018310547,173.72999572753906,179.24000549316406,65584500
2024-05-28,66.23873991018735,66.23873991018735,65.84171343647701,65.86018371582031,4743400,516.3412489766735,516.5749353115505,513.2642204156563,515.893310546875,36269600,176.39999389648438,178.25,173.16000366210938,176.75,59736600
2024-05-29,65.74016110850337,65.74939625001184,65.52780216425121,65.62013244628906,4877500,511.871810616093,513.4589997088932,511.56995584928654,512.28076171875,45190300,174.19000244140625,178.14999389648438,173.92999267578125,176.19000244140625,54782600
2024-05-30,65.8509600525342,65.9432903322992,65.79556329354497,65.90635681152344,3723200,510.7423397089747,511.40447087133504,507.6361297457073,508.8824768066406,46377600,178.5800018310547,182.6699981689453,175.3800048828125,178.7899932861328,77618400
2024-05-31,66.06330533920882,66.18333396086517,66.05407020082092,66.14640045166016,4193000,509.8367770177735,513.6440460717812,504.7441141188356,513.5174560546875,90785800,178.5,180.32000732421875,173.82000732421875,178.0800018310547,67314600
2024-06-03,66.28441605008778,66.52521652298562,66.24736927995357,66.51595306396484,4798900,515.1240197883811,515.4063808363203,508.8726139393969,513.93603515625,46835700,178.1300048828125,182.63999938964844,174.49000549316406,176.2899932861328,68568900
2024-06-04,66.64561738812849,66.8123243311679,66.59931422203103,66.7660140991211,5298400,512.631323194632,515.2506664560023,511.17072418863216,514.5106201171875,34632700,174.77999877929688,177.75999450683594,174.0,174.77000427246094,60056300
2024-06-05,66.84937892867116,66.96051925902341,66.68267196611785,66.95125579833984,5506400,516.8280887412405,520.645104022442,514.8416361330836,520.6256103515625,47610400,175.35000610351562,176.14999389648438,172.1300048828125,175.0,57953800
2024-06-06,66.84009886338693,66.98828593371023,66.84009886338693,66.96050262451172,4119700,520.9275073614583,521.3559521321091,518.6879340097541,520.6159057617188,30808500,174.60000610351562,179.72999572753906,172.72999572753906,177.94000244140625,69887000
2024-06-07,66.52521669539586,66.52521669539586,66.41407638470523,66.42333984375,3826500,519.6421901069427,522.7873872843439,518.55161418802,519.9830322265625,43224500,176.1300048828125,179.35000610351562,175.5800018310547,177.47999572753906,56244900
2024-06-10,66.33072036737484,66.35850367601202,66.25662683371019,66.32145690917969,3925100,519.1747616812378,521.9109480214009,518.5807990347079,521.589599609375,35686100,176.05999755859375,178.57000732421875,173.1699981689453,173.7899932861328,50774600
2024-06-11,66.38626560708288,66.61780252576467,66.36774576260457,66.59001922607422,4073200,520.0414700499772,522.9042467845098,518.0745108271142,522.8458251953125,36383400,173.9199981689453,174.75,167.41000366210938,170.66000366210938,64761900
2024-06-12,67.07161603254849,67.21980305906244,66.88638931535239,66.8956527709961,4495700,527.4028804771598,529.8274655446977,526.1077992631506,527.1399536132812,63251300,171.1199951171875,180.5500030517578,169.8000030517578,177.2899932861328,90389400
2024-06-13,67.10866725650739,67.27537413945987,67.04383719457847,67.19202423095703,4339600,528.8829798084458,529.0582445758802,525.4164935113477,528.2013549804688,44760900,188.38999938964844,191.0800018310547,181.22999572753906,182.47000122070312,118984100
2024-06-14,67.29390716552734,67.35873723334598,67.2383334888632,67.29390716552734,3527000,526.6726498510748,528.5519471953481,525.6696764478946,528.5227661132812,40089900,185.8000030517578,186.0,176.9199981689453,178.00999450683594,82038200
2024-06-17,67.0253262813288,67.06237304536114,66.95123275326412,67.0438461303711,4019000,527.8410888070123,534.1216772051151,527.3834034899254,532.7291870117188,55839500,177.9199981689453,188.80999755859375,177.0,187.44000244140625,109786100
2024-06-18,67.12720300566727,67.3679963725603,67.11793954818746,67.27538299560547,8491900,532.7875604635906,534.2092316077063,532.3688625324717,534.0826416015625,41376400,186.55999755859375,187.1999969482422,182.3699951171875,184.86000061035156,68982300
2024-06-20,67.05310044167804,67.17349710889997,67.0067902264675,67.14571380615234,4227800,535.0077463215187,535.6698774866474,530.8596351285086,532.6318359375,70328200,184.67999267578125,185.2100067138672,179.66000366210938,181.57000732421875,55893100
2024-06-21,67.27536297612701,67.3124097290743,67.08087282261299,67.16422271728516,4115300,531.8102827682807,533.0313753907063,530.4621917432297,531.917724609375,64338600,182.3000030517578,183.9499969482422,180.69000244140625,183.00999450683594,61937300
2024-06-24,67.18277409506663,67.21982086150656,67.10868056218679,67.2012939453125,31937200,531.7418545665156,534.3012597413704,530.0713785197397,530.1885986328125,45528700,184.97000122070312,188.8000030517578,182.5500030517578,182.5800018310547,61992100
2024-06-25,67.21055897616323,67.24760574347006,67.12720904918413,67.23834228515625,5958500,531.4097461795637,532.5917853363576,529.8956032092343,532.2303466796875,37936200,184.39999389648438,187.97000122070312,182.00999450683594,187.35000610351562,62905700
2024-06-26,66.96050868499637,66.97902853748877,66.89567860234936,66.9234619140625,5910600,531.1166742934914,533.6076912884868,530.4719636310322,532.8945922851562,38550600,186.5399932861328,197.75999450683594,186.36000061035156,196.3699951171875,95737100
2024-06-27,67.05310958786612,67.10867620094075,67.01606282383378,67.0438461303711,5514800,532.7577451835803,534.3110010096894,532.0153114364416,533.734619140625,35041500,195.1699981689453,198.72000122070312,194.0500030517578,197.4199981689453,72746500
2024-06-28,67.19203207369615,67.19203207369615,66.72895812988281,66.72895812988281,4824500,534.5063503169283,537.5542520433446,530.3937489459842,531.6343383789062,76144500,199.5500030517578,203.1999969482422,195.25999450683594,197.8800048828125,95438100
2024-07-01,66.49763577070841,66.66485558666268,66.33041595475414,66.37686157226562,4960000,533.0117876323043,533.2560061424955,529.9737236752046,532.728515625,40297800,201.02000427246094,213.22999572753906,200.85000610351562,209.86000061035156,135691400
2024-07-02,66.59981397341983,66.6462595825079,66.48833175377288,66.57194519042969,6080100,531.126400132376,536.3135986328125,531.0775683576217,536.3135986328125,40434800,218.88999938964844,231.3000030517578,218.05999755859375,231.25999450683594,205047900
2024-07-03,66.7577541078237,66.98071150052962,66.71130140248643,66.95284271240234,4438600,536.0010708200014,539.068469909586,535.9620173191718,538.70703125,32789900,234.55999755859375,248.35000610351562,234.25,246.38999938964844,166561500
2024-07-05,67.1293556009751,67.30586029127153,67.09219485362642,67.25941467285156,4201700,539.009731167597,542.2138465569928,538.3747392828008,541.8133544921875,41488400,249.80999755859375,252.3699951171875,242.4600067138672,251.52000427246094,154501200
2024-07-08,67.25012271409243,67.30586029127153,67.15722438956465,67.25941467285156,4742300,542.5949332840256,543.3861988920726,541.3738407022457,542.4386596679688,36110500,247.7100067138672,259.44000244140625,244.57000732421875,252.94000244140625,157219600
2024-07-09,67.2315444946289,67.27799011208887,67.08290150830653,67.2315444946289,8533200,543.3959524424528,544.2946598471173,542.6730752067231,542.9661254882812,27289700,251.0,265.6099853515625,250.3000030517578,262.3299865722656,160210900
2024-07-10,67.2779928921232,67.32444559919035,67.18509456567685,67.28728485107422,5591500,544.1872742397521,548.6808713510104,543.8942239279161,548.3389892578125,38701200,262.79998779296875,267.5899963378906,257.8599853515625,263.260009765625,128519400
2024-07-11,67.65888010564522,67.76107038328092,67.603135443861,67.62171936035156,4978100,548.4561564855596,549.3255886798729,542.9759074999535,543.61083984375,53054200,263.29998779296875,271.0,239.64999389648438,241.02999877929688,221707300
2024-07-12,67.67747406631659,67.79824829101562,67.63102843870787,67.79824829101562,4656800,544.7342644743289,550.6345620898736,544.2653840243584,547.0396728515625,53084400,235.8000030517578,251.83999633789062,233.08999633789062,248.22999572753906,155955800
2024-07-15,67.64029415200794,67.73319955628776,67.56597975134622,67.58455657958984,4557200,549.0325654558818,551.7775792240066,546.6880438244344,548.5441284179688,40584300,255.97000122070312,265.6000061035156,251.72999572753906,252.63999938964844,146912900
2024-07-16,67.64959978494076,67.8539803753711,67.64030782509701,67.84468841552734,4636600,549.8530274778409,552.090047326324,549.1008154677004,551.7969970703125,36475300,255.30999755859375,258.6199951171875,245.8000030517578,256.55999755859375,126332500
2024-07-17,67.76107783528381,67.94687449449758,67.71462512663625,67.90971374511719,8365100,545.8771519032762,547.5476278240299,543.7377955656038,544.0601806640625,57119000,252.72999572753906,258.4700012207031,246.17999267578125,248.5,115584800
2024-07-18,67.79823724084142,67.91900435816784,67.69604695399288,67.73320770263672,7673700,545.593898977862,546.580551242634,537.7007404833427,539.879150390625,56270400,251.08999633789062,257.1400146484375,247.1999969482422,249.22999572753906,110869000
2024-07-19,67.8075202174887,67.8075202174887,67.53811011311504,67.55669403076172,5593100,539.644738170822,541.2663824595259,535.2390267295067,536.2940673828125,65509100,247.7899932861328,249.44000244140625,236.8300018310547,239.1999969482422,87403900
2024-07-22,67.65885999037245,67.67743681365258,67.44518754038151,67.52880096435547,5055700,540.2113760766848,542.4288993582354,538.277184442637,541.8232421875,43346700,244.2100067138672,253.2100067138672,243.75,251.50999450683594,101225400
2024-07-23,67.56598470162223,67.65888302502107,67.52882395472514,67.5381088256836,6981700,541.7158240516679,543.8649593221226,540.4850125830039,540.9734497070312,34439600,253.60000610351562,255.75999450683594,245.6300048828125,246.3800048828125,111928200
2024-07-24,67.62171962507477,67.66816524110808,67.343017578125,67.343017578125,5080200,536.1670544374522,536.4698829953903,527.7952370228695,528.7135009765625,74515300,225.4199981689453,225.99000549316406,214.7100067138672,215.99000549316406,167942900
2024-07-25,67.41735482232154,67.64031225936702,67.41735482232154,67.4916763305664,4567700,528.8308137450439,534.7995603016705,525.0210402154329,525.9588012695312,61158300,216.8000030517578,226.0,216.22999572753906,220.25,100636500
2024-07-26,67.71461754801626,67.77964708023181,67.6681648445677,67.76107025146484,3692700,529.7392825093052,534.5357078065754,528.9675138593225,531.8493041992188,53763800,221.19000244140625,222.27999877929688,215.3300018310547,219.8000030517578,94604100
2024-07-29,67.86327233521483,67.94687871074251,67.77965887199848,67.84468841552734,5185000,533.3927971337158,534.3989464184045,530.1690650137424,532.1619262695312,39515800,224.89999389648438,234.27000427246094,224.6999969482422,232.10000610351562,129201800
2024-07-30,67.94686814991225,67.97473693742322,67.78894029555833,67.92829132080078,4282400,533.6271909452782,534.6822315404584,526.0661958644091,529.4656982421875,46853600,232.25,232.41000366210938,220.0,222.6199951171875,100560300
2024-07-31,68.16982953636794,68.29988861083984,67.99332484254923,68.29988861083984,6041400,536.284203519186,540.6996925359946,534.9166158614872,538.0718994140625,65663400,227.89999389648438,234.67999267578125,226.7899932861328,232.07000732421875,67497000
2024-08-01,68.48999327696548,68.65772415711979,68.43408535336384,68.55522155761719,8733700,539.7912440920945,542.0380422456446,526.955106117804,530.4523315429688,76428700,227.69000244140625,231.8699951171875,214.3300018310547,216.86000061035156,83861900
2024-08-02,69.07703909050308,69.36591324782592,68.955902901528,69.33795928955078,6476300,523.3603002519518,524.5716145988897,516.3756265717791,520.5762329101562,82789100,214.8800048828125,216.1300048828125,205.77999877929688,207.6699981689453,82880100
2024-08-05,69.69205869304866,69.70137904946927,69.13295816674415,69.2727279663086,8354200,499.80791295578933,511.47179289103417,498.46957030548145,505.4151611328125,146267400,185.22000122070312,203.8800048828125,182.0,198.8800048828125,100308800
2024-08-06,69.19818048396489,69.21681408585253,68.84407806396484,68.84407806396484,6484400,507.2125052074326,517.4990173620844,505.89374911647377,510.0747985839844,84826300,200.75,202.89999389648438,192.6699981689453,200.63999938964844,73783900
2024-08-07,68.77886368844537,68.8440919722524,68.57385847952338,68.67636108398438,5907200,516.2486294067602,519.2965314666948,506.0696179320819,506.6654968261719,70698300,200.77000427246094,203.49000549316406,191.47999572753906,191.75999450683594,71159800
2024-08-08,68.4899906568682,68.61112685648745,68.46203669613676,68.5738525390625,4357500,511.79405372836936,519.0033889369354,509.77197692780607,518.3782348632812,63276600,195.6999969482422,200.6999969482422,192.0399932861328,198.83999633789062,65033900
2024-08-09,68.8627262656067,68.90000058278473,68.77885727461884,68.81613159179688,6093100,517.5575496711185,522.1488688468696,516.3364573171235,520.6640014648438,45619600,197.0500030517578,200.8800048828125,195.11000061035156,200.0,58648300
2024-08-12,68.7788535015107,68.97453832394861,68.71362522736472,68.93727111816406,4822900,521.8559471668351,523.3407552909962,518.6713279832952,520.9376831054688,42542100,199.02000427246094,199.25999450683594,194.6699981689453,197.49000549316406,64044900
2024-08-13,69.13295288108449,69.20749439870337,69.08635821189287,69.19818115234375,4049000,524.1221746789957,529.7391995235392,523.8779562074939,529.5046997070312,52333100,198.47000122070312,208.49000549316406,197.05999755859375,207.8300018310547,76247400
2024-08-14,69.24475194827366,69.40316951956383,69.19816439970909,69.32862091064453,6333600,530.2960824274743,532.3573320967027,527.6292352085552,531.17529296875,42446900,207.38999938964844,208.44000244140625,198.75,201.3800048828125,70250000
2024-08-15,68.9186282159746,69.03976440429688,68.87204065554995,69.03976440429688,5108300,536.7922766972661,540.5629961238054,536.1866195717042,540.2797241210938,60846800,205.02000427246094,215.8800048828125,204.82000732421875,214.13999938964844,89848500
2024-08-16,69.16091932819197,69.18887329101562,69.00250879929148,69.18887329101562,4647700,538.6678476452682,542.1846298407453,538.5115740387317,541.4910278320312,44430700,211.14999389648438,219.8000030517578,210.8000030517578,216.1199951171875,88765100
2024-08-19,69.17954573014933,69.34727659897558,69.15159177023644,69.2727279663086,4964700,541.9013070349608,546.66845703125,541.0514314058853,546.66845703125,39121800,217.07000732421875,222.97999572753906,214.08999633789062,222.72000122070312,76435200
2024-08-20,69.41250914649763,69.49637814074606,69.33796761859267,69.47773742675781,4444000,546.2190851764095,547.8700045132335,544.4411674580102,545.7794799804688,33732300,224.8800048828125,228.22000122070312,219.55999755859375,221.10000610351562,74001200
2024-08-21,69.56160277784353,69.73864689536346,69.4218258676496,69.6268310546875,4541800,546.8248322343893,549.1106842316043,541.9013486274712,547.6551513671875,41514600,222.6699981689453,224.66000366210938,218.86000061035156,223.27000427246094,70146000
2024-08-22,69.47773132934485,69.49637204169717,69.26341290273413,69.34727478027344,3999700,549.5502187339081,550.155875826028,542.1454973391976,543.3568115234375,56121500,223.82000732421875,224.8000030517578,210.32000732421875,210.66000366210938,79514500
2024-08-23,69.49637464207152,69.68273911647573,69.40319240486942,69.65478515625,4292000,546.5903394303513,550.0680084955276,544.4020915801096,549.1301879882812,50639400,214.4600067138672,221.47999572753906,214.2100067138672,220.32000732421875,81525200
2024-08-26,69.74796156958871,69.74796156958871,69.58023071289062,69.58023071289062,4427200,550.1559102385648,550.8690092024209,546.1214157161334,547.8211669921875,35788600,218.75,219.08999633789062,211.00999450683594,213.2100067138672,59301200
2024-08-27,69.43114056768589,69.60818467078224,69.41249985619254,69.58023071289062,3715900,546.5511671009976,549.0617401711636,545.4082413361126,548.5733032226562,32693900,213.25,215.66000366210938,206.94000244140625,209.2100067138672,62821400
2024-08-28,69.58022555707275,69.63614057806113,69.5149972903762,69.53363800048828,5179900,548.2315922971716,548.6614193309421,542.2042355425785,545.3888549804688,41066000,209.72000122070312,211.83999633789062,202.58999633789062,205.75,64116400
2024-08-29,69.4311294555664,69.47771700814685,69.34726048596599,69.4311294555664,3840800,547.3522554939839,550.6443160255352,544.294635177053,545.4375610351562,38715200,209.8000030517578,214.88999938964844,205.97000122070312,206.27999877929688,62308800
2024-08-30,69.46841779702432,69.55227967421898,69.25409226194569,69.29136657714844,5037400,547.8016709409602,551.1523417216108,544.2556134288437,550.6443481445312,62700100,208.6300048828125,214.57000732421875,207.02999877929688,214.11000061035156,63370600
2024-09-03,69.54932725970171,69.68952312155008,69.47455137936896,69.58670806884766,6220100,547.5086116923438,547.8407751289367,536.8021094517958,539.3126831054688,60600100,215.25999450683594,219.89999389648438,209.63999938964844,210.60000610351562,76714200
2024-09-04,69.62410722812747,69.92320366663395,69.60541682054276,69.8951644897461,7338600,537.4761456891545,541.6083040829072,536.7532683896355,538.2088012695312,47224900,210.58999633789062,222.22000122070312,210.57000732421875,219.41000366210938,80651800
2024-09-05,70.03536872057478,70.09144707532366,69.84843611739736,70.06340789794922,9994300,538.1501466111926,540.9928237930679,534.4477558926965,536.8997192382812,44264300,223.49000549316406,235.0,222.25,230.1699981689453,119355000
2024-09-06,70.10080813633977,70.43729258587604,69.97930263607171,70.14754486083984,22536000,537.2221796738046,538.8437645502386,526.9650009606123,527.8637084960938,68493800,232.60000610351562,233.60000610351562,210.50999450683594,210.72999572753906,112177000
2024-09-09,70.12884109361751,70.29708330345156,70.04472355421166,70.24100494384766,5040900,532.054494369654,535.0437266855093,530.1300214174476,533.7737426757812,40445800,216.1999969482422,219.8699951171875,213.6699981689453,216.27000427246094,67443500
2024-09-10,70.26901744014653,70.49333792440247,70.23162950426726,70.47464752197266,5653900,535.6786451567546,536.4504138231891,530.8138314182086,536.0986938476562,36394600,220.07000732421875,226.39999389648438,218.63999938964844,226.1699981689453,78891100
2024-09-11,70.36250285545835,70.57748176249116,70.31577327116186,70.4372787475586,6471000,536.0107592184578,542.5167136236998,527.4728902611638,541.5984497070312,75248600,224.5500030517578,228.47000122070312,216.8000030517578,228.1300048828125,83548600
2024-09-12,70.40923976720624,70.4653181209271,70.27838552117653,70.36250305175781,5685400,542.1748597619055,546.4633510224045,539.9573366553728,546.1605224609375,51819600,224.66000366210938,231.4499969482422,223.8300018310547,229.80999755859375,71894900
2024-09-13,70.53076011365529,70.58683847919892,70.43729379407488,70.51206970214844,4786700,546.7660805022687,550.0093088180744,546.5120837631322,549.0128784179688,39310500,228.0,232.6699981689453,226.32000732421875,230.2899932861328,59515100
2024-09-16,70.56813561763298,70.72702904598904,70.51205726198305,70.69898986816406,4734900,548.7492552395013,550.0875680057417,546.9518402590558,549.8238525390625,36656100,229.3000030517578,229.9600067138672,223.52999877929688,226.77999877929688,54323000
2024-09-17,70.69900373597498,70.71770127887376,70.56814945977646,70.60553741455078,5398400,552.031423916307,553.477237850398,547.8210997398118,550.0484008789062,49321000,229.4499969482422,234.57000732421875,226.5500030517578,227.8699951171875,66761600
2024-09-18,70.49334850360853,70.72701778965684,70.38119181015858,70.39053344726562,5695700,550.702966140304,555.5385046014119,547.8602888957543,548.4171142578125,59044900,230.08999633789062,235.67999267578125,226.8800048828125,227.1999969482422,78010200
2024-09-19,70.30641592717816,70.42792138875583,70.25967921756022,70.39053344726562,5135600,557.8048475354702,559.6315971955383,554.9426137920285,557.7755126953125,75315500,234.0,244.24000549316406,232.1300048828125,243.9199981689453,102694600
2024-09-20,70.30641156062856,70.46530495382798,70.23163568229226,70.38118743896484,4265000,556.4096197933483,557.8500005367814,553.7933228326182,556.8113403320312,77503100,241.52000427246094,243.99000549316406,235.9199981689453,238.25,99879100
2024-09-23,70.26903790276903,70.4372800977087,70.14753242404328,70.33446502685547,6632500,557.8794446150124,558.8495067502496,556.6643550711399,558.2027587890625,44116900,242.61000061035156,250.0,241.9199981689453,250.0,86927200
2024-09-24,70.21295610097297,70.4466254085269,70.16621938705364,70.4185791015625,5017900,558.9965477779842,559.8588386704985,556.1745157309471,559.800048828125,46805700,254.0800018310547,257.19000244140625,249.0500030517578,254.27000427246094,88491000
2024-09-25,70.31579146372083,70.31579146372083,70.15689086914062,70.15689086914062,4793100,559.6431398003925,560.3780425284191,557.4579883539482,558.5652465820312,38428600,252.5399932861328,257.04998779296875,252.27999877929688,257.0199890136719,65034300
2024-09-26,70.23166678058737,70.25970596462406,70.0260365896205,70.15689086914062,4919700,562.817932214862,563.1413061737785,558.4281322177342,560.77978515625,48336000,260.6000061035156,261.75,251.52999877929688,254.22000122070312,67142200
2024-09-27,70.31577346733097,70.40923976720624,70.2409975750221,70.36250305175781,3927900,561.8478858705382,562.6611352170194,558.9376397719122,559.9664916992188,42100900,257.3800048828125,260.70001220703125,254.1199951171875,260.4599914550781,70988100
2024-09-30,70.33446753408748,70.34381630386785,70.12883738505089,70.20361328125,5661900,558.937595094156,562.8179029799776,556.6447321030395,562.2103881835938,63557400,259.0400085449219,264.8599853515625,255.77000427246094,261.6300048828125,80705700
2024-10-01,70.42952742367797,70.55139861752842,70.35453801830697,70.41078186035156,6267100,561.857759819067,562.5044480240527,554.6066943100618,557.1739501953125,72668800,262.6700134277344,263.9800109863281,248.52999877929688,258.0199890136719,87397600
2024-10-02,70.16704618018314,70.30766293646913,70.09204962322188,70.279541015625,6902500,556.282242548741,558.4281611024765,553.8913563966638,557.4090576171875,38097800,247.5500030517578,251.16000366210938,241.5,249.02000427246094,93983900
2024-10-03,70.14829935774115,70.1670449206123,69.97018432617188,69.97018432617188,7733800,555.9393137222664,558.3302001396713,554.106960667849,556.3900756835938,40846500,244.47999572753906,249.7899932861328,237.80999755859375,240.66000366210938,80729200
2024-10-04,69.52957930062477,69.65145047538725,69.47333546738932,69.51083374023438,5218300,560.828843806913,561.8185225581165,556.6643942780399,561.4461669921875,42939100,246.69000244140625,250.9600067138672,244.5800018310547,250.0800018310547,86573200
2024-10-07,69.31399519465565,69.38898461210754,69.26712055069001,69.30461883544922,7044200,559.800030305375,560.446778356638,555.22405160681,556.3704833984375,49964700,249.0,249.8300018310547,240.6999969482422,240.8300018310547,68113300
2024-10-08,69.2577445920293,69.4077377319336,69.20150074059848,69.4077377319336,8642400,558.9376805045769,562.2300906410503,558.0656412646009,561.63232421875,37398700,243.55999755859375,246.2100067138672,240.55999755859375,244.5,56303200
2024-10-09,69.31397936906575,69.31397936906575,69.18273897840626,69.22023010253906,4997800,561.6224751598685,566.0809331902332,561.0247685875196,565.5223999023438,37912200,243.82000732421875,247.42999267578125,239.50999450683594,241.0500030517578,66289500
2024-10-10,69.1733778468935,69.22962169753727,69.01401550202517,69.19212341308594,4579000,564.1799148709799,565.9534776371613,562.9256522396411,564.5326538085938,44138100,241.80999755859375,242.7899932861328,232.33999633789062,238.77000427246094,83087100
2024-10-11,69.21086103726036,69.29522679482682,69.11711892260932,69.20148468017578,8508000,564.4542980317323,568.6481717987969,564.3171018304082,567.9132690429688,42268000,220.1300048828125,223.33999633789062,214.3800048828125,217.8000030517578,142628900
2024-10-14,68.99525498272051,69.15461730957031,68.97650941864757,69.15461730957031,3380100,569.520288010914,573.4888112745962,569.0401610478535,572.5579223632812,36217200,220.1300048828125,221.91000366210938,213.74000549316406,219.16000366210938,86291900
2024-10-15,69.36084769937476,69.45458981498413,69.22960730710864,69.42646789550781,4456200,572.8224884018784,573.1262458468478,566.8942243784207,568.1093139648438,54203600,220.00999450683594,224.25999450683594,217.1199951171875,219.57000732421875,62988800
2024-10-16,69.50147280828595,69.5952149351704,69.4733508854272,69.52022552490234,7437800,568.1092586044506,571.0978512020905,567.305757742965,570.5784912109375,30725400,221.39999389648438,222.82000732421875,218.92999267578125,221.3300018310547,49632800
2024-10-17,69.36084713038976,69.36084713038976,69.14524098146336,69.1827392578125,4250400,574.1158386665669,574.3216329805343,570.4413246734956,570.6275024414062,34393700,221.58999633789062,222.0800018310547,217.89999389648438,220.88999938964844,50791800
2024-10-18,69.27648109286805,69.35147764526344,69.22023010253906,69.22023010253906,3930300,572.3128969974695,573.6063330690159,570.8528997080355,572.8224487304688,37416800,220.7100067138672,222.27999877929688,219.22999572753906,220.6999969482422,49611900
2024-10-21,69.04213578848925,69.04213578848925,68.73278031315878,68.75152587890625,5259900,572.0973176864316,573.0771881011084,568.912738838732,571.8817749023438,36439000,218.89999389648438,220.47999572753906,215.72999572753906,218.85000610351562,47329000
2024-10-22,68.85462195900705,68.89212023036288,68.69525966979279,68.77963256835938,4633000,569.3537388044809,572.7343039714391,568.6972423190728,571.5780639648438,34183800,217.30999755859375,218.22000122070312,215.25999450683594,217.97000122070312,43268700
2024-10-23,68.7702708313916,68.77964718923974,68.50779002816778,68.61090850830078,6429400,569.5594196255329,570.0003732214365,562.8570804647936,566.355224609375,49314600,217.1300048828125,218.72000122070312,212.11000061035156,213.64999389648438,80938900
2024-10-24,68.69526675347426,68.84525985436446,68.59214828462844,68.723388671875,6219500,568.3052337104026,568.3836400907534,564.9639018539431,567.5801391601562,34979900,244.67999267578125,262.1199951171875,242.64999389648438,260.4800109863281,204491900
2024-10-25,68.88277330525767,68.88277330525767,68.55466511279053,68.58279418945312,4641400,569.8044050522926,572.6950344865168,566.443456997856,567.3840942382812,47268200,256.010009765625,269.489990234375,255.32000732421875,269.19000244140625,161611900
2024-10-28,68.65778305481315,68.69528133799686,68.38592586578089,68.49842071533203,4582800,570.8528344834444,570.9802224021391,568.834304134212,569.1380615234375,30174700,270.0,273.5400085449219,262.239990234375,262.510009765625,107653600
2024-10-29,68.339035607243,68.56401807932136,68.23591715086046,68.55464172363281,5543800,568.1778707648036,571.1762720247682,566.7864714367279,570.0592651367188,42899700,264.510009765625,264.9800109863281,255.50999450683594,259.5199890136719,80521800
2024-10-30,68.68590481163776,68.83589794400673,68.45154590636088,68.48904418945312,4610300,569.5888588084969,571.5780244818477,567.6291179550885,568.3346557617188,41435800,258.0400085449219,263.3500061035156,255.82000732421875,257.54998779296875,53993600
2024-10-31,68.38591077088067,68.5827785021569,68.27342309822528,68.47966003417969,6115700,563.9742291931302,564.0428273008541,556.9975564307639,557.1935424804688,60182500,257.989990234375,259.75,249.25,249.85000610351562,66575300
2024-11-01,68.68464742929011,68.72226310214616,68.1862523192454,68.21446228027344,6409800,559.8195584319851,563.9643910438907,559.1336371976272,559.545166015625,45667500,252.0399932861328,254.0,246.6300048828125,248.97999572753906,57544800
2024-11-04,68.4777845320459,68.6564572359419,68.36493748098663,68.48719024658203,6860100,559.6823223393656,560.9757583388703,556.4585705161212,558.3399047851562,38217000,244.55999755859375,248.89999389648438,238.8800048828125,242.83999633789062,68802400
2024-11-05,68.27088545058642,68.675244984958,68.27088545058642,68.65644073486328,6236900,559.251198693126,565.1304208425688,559.0356559214524,565.0912475585938,39478300,247.33999633789062,255.27999877929688,246.2100067138672,251.44000244140625,69282500
2024-11-06,67.95116712617472,68.26148390564843,67.92295716208228,68.09222412109375,6382500,577.3396500855225,580.0146771322202,573.6063462638446,579.142578125,68182000,284.6700134277344,289.5899963378906,275.6199951171875,288.5299987792969,165228700
2024-11-07,68.17686511250821,68.6752603578312,68.17686511250821,68.60002899169922,6590200,581.1416251858423,584.6397701216673,581.063218798349,583.6206665039062,47233200,288.8900146484375,299.75,285.5199890136719,296.9100036621094,117309200
2024-11-08,68.60943623189083,68.87273884475043,68.60943623189083,68.73168182373047,5398500,584.1692634497057,587.569444510154,584.1692634497057,586.1486206054688,46444900,299.1400146484375,328.7099914550781,297.6600036621094,321.2200012207031,204782800
2024-11-11,68.6470503891462,68.6470503891462,68.50599337126322,68.60002899169922,4372000,587.7360051791314,588.0887441353201,584.9825720146739,586.7071533203125,37586800,346.29998779296875,358.6400146484375,336.0,350.0,210521600
2024-11-12,68.40256818689245,68.47779957078723,68.13926551772039,68.18628692626953,7197800,586.6287204841349,587.2264269895784,582.4054820528869,584.8845825195312,43006100,342.739990234375,345.8399963378906,323.30999755859375,328.489990234375,155726000
2024-11-13,68.57180863926449,68.57180863926449,68.09222489532628,68.15805053710938,5458100,585.3451927424278,587.1677373847895,582.9837313260188,585.1688232421875,47388600,335.8500061035156,344.6000061035156,322.5,330.239990234375,125405600
2024-11-14,68.27090301689066,68.38375006986384,68.09223748442253,68.13925170898438,6643300,585.2962448517161,585.7763718199695,580.7202664359244,581.4061279296875,38904100,327.69000244140625,329.9800109863281,310.3699951171875,311.17999267578125,120726100
2024-11-15,68.0263920790863,68.32731749804547,67.89474079552011,68.15805053710938,18467300,577.8491633593196,578.3195418358689,572.1071369723535,573.9591064453125,75988800,310.57000732421875,324.67999267578125,309.2200012207031,320.7200012207031,114440300
2024-11-18,68.08281234138104,68.28028924688778,68.01698670621214,68.22386932373047,4964800,574.4196493771738,577.6238450144261,573.5574183688442,576.3108520507812,37001700,340.7300109863281,348.54998779296875,330.010009765625,338.739990234375,126085600
2024-11-19,68.42136937311619,68.44017362904388,68.32733374456059,68.34613800048828,4900500,572.9399780116551,579.142513878155,572.2736733921519,578.4174194335938,49412000,335.760009765625,347.3800048828125,332.75,346.0,88852500
2024-11-20,68.18628987011402,68.3555569039553,68.17688415310619,68.27091979980469,6557800,578.4957626478764,578.8974831074943,572.861509103186,578.6133422851562,50032600,345.0,346.6000061035156,334.29998779296875,342.0299987792969,66340700
2024-11-21,68.27092257986877,68.40257392549964,68.17688692934104,68.23330688476562,5115500,581.455141177832,583.1404896221547,575.6249001169805,581.7196655273438,46750300,343.80999755859375,347.989990234375,335.2799987792969,339.6400146484375,58011700
2024-11-22,68.28971464172629,68.33672886642269,68.19567184341706,68.2614974975586,10409500,581.7097870344509,584.1497143652956,581.2101034094488,583.5225830078125,38226400,341.0899963378906,361.5299987792969,337.70001220703125,352.55999755859375,89140700
2024-11-25,68.65644791705677,68.90093906614611,68.65644791705677,68.89154052734375,10207100,587.4518855330788,588.7648782973704,583.2188384863542,585.501953125,42441400,360.1400146484375,361.92999267578125,338.20001220703125,338.5899963378906,95890900
2024-11-26,68.81630086614665,68.81630086614665,68.59061399635269,68.76927947998047,5537900,586.7463470552605,589.2254477201681,586.0310608458545,588.5591430664062,45621300,341.0,346.9599914550781,335.6600036621094,338.2300109863281,62295900
2024-11-27,68.84452752326274,69.04200447902879,68.84452752326274,68.9573745727539,5366600,588.3730114334577,588.755115442667,585.2570306878304,586.7758178710938,34000200,341.79998779296875,342.54998779296875,326.5899963378906,332.8900146484375,57896400
2024-11-29,69.11723757033218,69.23948316282171,69.11723757033218,69.21127319335938,3870800,587.5891193661275,591.204843913549,587.3147867247623,590.4209594726562,30177400,336.0799865722656,345.45001220703125,334.6499938964844,345.1600036621094,37167600
2024-12-02,69.12919871510039,69.3084143838717,69.01600873541423,69.25181579589844,6212800,590.8323780737772,592.1552388895445,590.3424429138348,591.4791259765625,31746000,352.3800048828125,360.0,351.1499938964844,357.0899963378906,77986500
2024-12-03,69.3555792262746,69.37444782312706,69.04431214455973,69.09147644042969,6249200,591.2439870884159,591.9984465923378,590.2151351783115,591.7534790039062,26906600,351.79998779296875,355.69000244140625,348.20001220703125,351.4200134277344,58267200
2024-12-04,69.04431437476393,69.37445006399498,68.94055867750755,69.32728576660156,6769700,593.438872844782,595.6729460981672,592.7725681970518,595.427978515625,42787600,353.0,358.1000061035156,348.6000061035156,357.92999267578125,50810900
2024-12-05,69.21408379534553,69.38386516182062,69.18578810030971,69.33670806884766,6146200,595.4279904670244,596.2314913306755,594.0953811448159,594.4481201171875,28762200,359.8699951171875,375.42999267578125,359.5,369.489990234375,81403600
2024-12-06,69.54424396706631,69.60083537710697,69.39332394527423,69.52537536621094,4880500,595.212525949607,596.8097196143469,594.8009970944031,595.5750732421875,31241500,377.4200134277344,389.489990234375,370.79998779296875,389.2200012207031,81455800
2024-12-09,69.4687834851242,69.4687834851242,69.29900205989071,69.31786346435547,5432900,595.457476264727,595.6240374954255,591.9201582931329,592.508056640625,34742700,397.6099853515625,404.79998779296875,378.010009765625,389.7900085449219,96359200
2024-12-10,69.21410585212598,69.2990001605473,69.1575144440201,69.2424087524414,5751900,593.1842290759141,593.6055662349224,590.0094580682774,590.6659545898438,37234500,392.67999267578125,409.7300109863281,390.8500061035156,400.989990234375,97563600
2024-12-11,69.41217062430958,69.41217062430958,69.0631807414122,69.09147644042969,4642900,593.5859415432025,596.1825623151827,593.3115491139272,595.2321166992188,28677700,409.70001220703125,424.8800048828125,402.3800048828125,424.7699890136719,104287600
2024-12-12,68.86511932369301,69.05376215757998,68.78965931163307,68.81795501708984,6880600,594.3698697768823,594.9381516110824,592.1651611328125,592.1651611328125,31543800,424.8399963378906,429.29998779296875,415.0,418.1000061035156,87752200
2024-12-13,68.77079837267445,68.77079837267445,68.51612262931248,68.54441833496094,5171400,594.1933425526647,594.9086286959063,590.6755820460321,592.0474243164062,35904700,420.0,436.29998779296875,415.7099914550781,436.2300109863281,89000200
2024-12-16,68.61986541748047,68.7519168164661,68.52554401767094,68.61986541748047,7871100,593.8014854078001,595.5456834945226,593.0274092921627,594.5755615234375,43695200,441.0899963378906,463.19000244140625,436.1499938964844,463.0199890136719,114083800
2024-12-17,68.61043437989991,68.70475578419286,68.58213867823822,68.62930297851562,6084800,592.0280134262439,592.9882674651493,590.754193622143,592.1259765625,55773500,475.8999938964844,483.989990234375,457.510009765625,479.8599853515625,131223000
2024-12-18,68.6293148177938,68.6859062308798,68.08224050375213,68.0916748046875,7962700,591.822113059209,594.2031909866316,574.0962907751041,574.4784545898438,108248700,466.5,488.5400085449219,427.010009765625,440.1300048828125,149340800
2024-12-19,67.95018707313703,68.02564708586988,67.79926704767135,67.90302276611328,7669100,579.456191269411,581.0631932062172,574.0570953688857,574.3020629882812,85919500,451.8800048828125,456.3599853515625,420.0199890136719,436.1700134277344,118566100
2024-12-20,68.19542134303451,68.29917705056256,68.09166563550646,68.11052703857422,6696400,571.9778879961826,585.722562754752,571.1323175828937,581.2000122070312,125716700,425.510009765625,447.0799865722656,417.6400146484375,421.05999755859375,132216200
2024-12-23,68.03505606654088,68.11051605917208,67.85584757936799,67.8935775756836,7605400,580.9443313472664,585.2800771480029,577.7686569320756,584.6803588867188,57635800,431.0,434.510009765625,415.4100036621094,430.6000061035156,72698100
2024-12-24,67.80176485347623,67.99102020263672,67.77337727306504,67.99102020263672,4185300,586.0272849416975,591.2184422848073,585.4471892507113,591.1790771484375,33160100,435.8999938964844,462.7799987792969,435.1400146484375,462.2799987792969,59551800
2024-12-26,67.78287304806452,68.05729851218213,67.78287304806452,68.03837585449219,8714400,589.409327922106,592.3391499159457,588.0132458991934,591.2183837890625,41219100,465.1600036621094,465.3299865722656,451.0199890136719,454.1300048828125,76366400
2024-12-27,68.02890358830214,68.0667561192377,67.88695840220184,67.89642333984375,9018700,587.4823797773107,587.7183905820746,580.8165297326684,584.9949951171875,64969300,449.5199890136719,450.0,426.5,431.6600036621094,82666800
2024-12-30,68.03838450160765,68.20871732099637,68.03838450160765,68.1613998413086,8054500,577.9948725430215,581.7800467977985,574.5734057798932,578.3192749023438,56578800,419.3999938964844,427.0,415.75,417.4100036621094,64941000
2024-12-31,68.2181465735995,68.29385162165451,68.01942623717818,68.04782104492188,8724200,579.9808236627084,580.698577374324,574.5832389413312,576.21533203125,57052700,423.7900085449219,427.92999267578125,402.5400085449219,403.8399963378906,76825100
2025-01-02,68.31279054315578,68.31279054315578,67.99104765611482,68.07621765136719,8053300,579.4695486945864,581.180251846637,570.7291685588775,574.7994995117188,50204000,390.1000061035156,392.7300109863281,373.0400085449219,379.2799987792969,109710700
2025-01-03,68.10457774391028,68.18974048514387,67.97209755557219,67.99102020263672,6857000,577.6408633877121,582.6254735449975,576.5593423217554,581.9864501953125,37888500,381.4800109863281,411.8800048828125,379.45001220703125,410.44000244140625,95423300
2025-01-06,67.92479705810547,68.01942475629866,67.84909201169867,67.92479705810547,5375700,586.2338281568046,589.6060884935793,583.6087253809885,585.339111328125,47679400,423.20001220703125,426.42999267578125,401.70001220703125,411.04998779296875,85516500
2025-01-07,67.86802247435529,67.91533271404874,67.60306202925386,67.68822479248047,7875900,587.3643786767495,587.6888410122485,576.903513754268,578.7223510742188,60393100,405.8299865722656,414.3299865722656,390.0,394.3599853515625,75699500
2025-01-08,67.64091598504952,67.81124873474009,67.61252117707541,67.76393127441406,5844300,578.7911897402016,580.6395509433228,575.350100693004,579.56787109375,47304700,392.95001220703125,402.5,387.3999938964844,394.94000244140625,73038800
2025-01-10,67.88696420707905,67.88696420707905,67.35704316793297,67.413818359375,9602400,576.0185903209236,576.0874192959229,568.8119506064235,570.7192993164062,73105000,391.3999938964844,399.2799987792969,377.2900085449219,394.739990234375,62287300
2025-01-13,67.4138048138492,67.42326975039862,67.28132458068207,67.34756469726562,11856300,566.0789072948215,571.9582353156698,565.6659333477378,571.6043090820312,47910100,383.2099914550781,403.7900085449219,380.07000732421875,403.30999755859375,67580500
2025-01-14,67.32863446362796,67.42326215957497,67.29078194132308,67.3948745727539,5166000,574.5242667122994,575.1535088845837,568.6154150795988,572.3908081054688,48420600,414.3399963378906,422.6400146484375,394.5400085449219,396.3599853515625,84565000
2025-01-15,67.75445983888986,68.01942026418463,67.75445983888986,67.93425750732422,5867900,580.3937768602567,583.9430001285099,579.2827918470954,582.8025512695312,56900200,409.8999938964844,429.79998779296875,405.6600036621094,428.2200012207031,81375500
2025-01-16,67.8491145557131,68.16139256117783,67.79233936185878,68.06676483154297,8494100,584.1690862304802,584.34604932179,580.9836305712422,581.6817016601562,43319700,423.489990234375,424.0,409.1300048828125,413.82000732421875,68335200
2025-01-17,68.22761563998014,68.22761563998014,68.04782516450352,68.0856704711914,5600200,586.9122299431212,589.27179809953,585.5849165977943,587.5217895507812,58070600,421.5,439.739990234375,419.75,426.5,94991400
2025-01-21,68.33174172384852,68.33174172384852,68.1992614267118,68.28443145751953,8491600,590.5596519481012,592.9094384516549,588.5933154613438,592.8995971679688,42532900,432.6400146484375,433.20001220703125,406.30999755859375,424.07000732421875,87320900
2025-01-22,68.27493629317928,68.32224653856548,68.10460352659963,68.1424560546875,6616600,595.7213382459036,597.5893820777127,595.1707663809229,596.2326049804688,48196000,416.80999755859375,428.0,414.5899963378906,415.1099853515625,60963300
2025-01-23,68.13300358220758,68.13300358220758,67.94374812677681,68.03837585449219,7529700,595.6032899728609,599.48681640625,595.3280340779654,599.48681640625,41152100,416.05999755859375,420.7300109863281,408.95001220703125,412.3800048828125,50690600
2025-01-24,68.13299250288088,68.21815527808629,68.00997719881808,68.17084503173828,5555700,599.5458113037603,600.4995156835615,596.5864653530726,597.7367553710938,34604700,414.45001220703125,418.8800048828125,405.7799987792969,406.5799865722656,56427100
2025-01-27,68.45472859659716,68.54936352914801,68.37903075804088,68.53043365478516,8621200,584.798310310645,589.5961762199101,584.6311885086425,589.2815551757812,70361100,394.79998779296875,406.69000244140625,389.0,397.1499938964844,58125500
2025-01-28,68.50203390522816,68.50203390522816,68.33170116435144,68.49256896972656,4424300,590.5105293609671,595.1805787054238,587.1972570477369,594.3449096679688,44433300,396.9100036621094,400.5899963378906,386.5,398.0899963378906,48910700
2025-01-29,68.53988952756272,68.59666470387934,68.2938517308061,68.45471954345703,5780200,593.5584283650862,593.9615610343399,589.1341703360996,591.6806030273438,37177400,395.2099914550781,398.5899963378906,384.4800109863281,389.1000061035156,68033600
2025-01-30,68.56828483697663,68.63452495668203,68.49257978027572,68.54936218261719,5622300,593.7943006280343,596.389819126707,590.6087851839717,594.8560791015625,39281300,410.7799987792969,412.5,384.4100036621094,400.2799987792969,98092900
2025-01-31,68.58720698758042,68.64398216389704,68.3222393189644,68.45471954345703,6738300,597.2746959271392,599.6933113603776,590.9332488823969,591.6903076171875,66566900,401.5299987792969,419.989990234375,401.3399963378906,404.6000061035156,83283600
2025-02-03,68.57341644731717,68.76328870790994,68.41201705833461,68.51644897460938,7163800,582.6943020815504,590.1860392450765,580.5510025263411,587.70849609375,65857200,386.67999267578125,389.1700134277344,374.3599853515625,383.67999267578125,93732100
2025-02-04,68.39302916677083,68.63037310172915,68.32657315470898,68.61138153076172,7296200,587.767535135661,592.1622687341741,587.2268045597665,591.6510620117188,33457800,382.6300048828125,394.0,381.3999938964844,392.2099914550781,57072200
2025-02-05,68.84871879908829,69.07657416966171,68.82973447312119,68.962646484375,8981700,590.5302880913656,594.1974870575806,588.5049635673978,594.0499877929688,30653100,387.510009765625,388.3900146484375,375.5299987792969,378.1700134277344,57223300
2025-02-06,68.88668823242188,68.97213579916203,68.81074369251591,68.88668823242188,5722100,595.7901616750784,596.242440705887,592.4867305159943,596.1146240234375,35771500,373.0299987792969,375.3999938964844,363.17999267578125,374.32000732421875,77918200
2025-02-07,68.7253052386304,68.77277692013189,68.61137754892381,68.6778335571289,6415300,596.6750666805723,597.8941858585465,589.9501686239648,590.6580810546875,50788500,370.19000244140625,380.54998779296875,360.3399963378906,361.6199951171875,70298300
2025-02-10,68.78227873029675,68.83924620772015,68.65886247501167,68.69683837890625,5439200,593.8631663388722,595.3083949100401,592.5948408497425,594.6693115234375,26048700,356.2099914550781,362.70001220703125,350.510009765625,350.7300109863281,77514900
2025-02-11,68.64935701263484,68.64935701263484,68.52594077474434,68.58290100097656,6870800,592.4080280097315,595.662312577201,592.2900526181724,595.12158203125,30056700,345.79998779296875,349.3699951171875,325.1000061035156,328.5,118543400
2025-02-12,68.28859627312164,68.34555649888,68.11770835268459,68.23163604736328,5279600,589.1145136580423,594.3744405625547,588.4361250659014,593.2044677734375,45076100,329.94000244140625,346.3999938964844,329.1199951171875,336.510009765625,105382700
2025-02-13,68.50695766426334,68.70632570278045,68.42151008023477,68.6398696899414,6452900,594.3055297285264,599.6736500230521,593.0471055616473,599.4671630859375,40921300,345.0,358.69000244140625,342.8500061035156,355.94000244140625,89441500
2025-02-14,68.79175932568208,69.00062312939704,68.79175932568208,68.85821533203125,6131500,599.6736338799176,600.7059485220444,598.8182823186273,599.4376831054688,26910400,360.6199951171875,362.0,347.5,355.8399963378906,68277300
2025-02-18,68.68731562301933,68.78225172389891,68.59237952213977,68.60187530517578,7151700,600.5978525430173,601.1975708007812,598.1399318067746,601.1975708007812,26749000,355.010009765625,359.1000061035156,350.0199890136719,354.1099853515625,51631700
2025-02-19,68.6303823578815,68.72531849603642,68.55443055009235,68.69683837890625,4720700,599.8113366176324,602.908280775238,599.3000698962699,602.6133422851562,31011100,354.0,367.3399963378906,353.6700134277344,360.55999755859375,67094400
2025-02-20,68.79176049430141,68.82973639045484,68.75378459814797,68.78226470947266,6199000,601.2467110134413,601.3843689751305,596.8028311734677,600.1062622070312,36554000,361.510009765625,362.29998779296875,348.0,354.3999938964844,45965400
2025-02-21,68.86772244795368,69.17152241884487,68.85822666172383,69.08607482910156,4460600,599.8900551425863,600.0277131320789,589.3799816597252,589.8421020507812,76519800,353.44000244140625,354.9800109863281,334.4200134277344,337.79998779296875,74058600
2025-02-24,69.01962324043009,69.22848709191243,69.01013469675406,69.18102264404297,5580100,591.8869960824046,592.8800056614799,586.4500466079941,587.157958984375,50737200,338.1400146484375,342.3999938964844,324.70001220703125,330.5299987792969,76052300
2025-02-25,69.40885013899138,69.61771392822266,69.35188992125957,69.61771392822266,4835300,587.098968367302,587.8265033006376,579.6366946428752,584.2379150390625,58266500,327.0199890136719,328.8900146484375,297.25,302.79998779296875,134228800
2025-02-26,69.59874446691335,69.76014387368718,69.50380832615201,69.72216796875,5825400,585.8994552001853,589.488043359785,581.8979531727184,584.5328369140625,43321600,303.7099914550781,309.0,288.0400085449219,290.79998779296875,100118300
2025-02-27,69.5987275954795,69.7031594979506,69.51328726245488,69.63670349121094,14908500,586.8039490929929,587.9542991571739,574.809344386224,575.2025756835938,74196700,291.1600036621094,297.2300109863281,280.8800048828125,281.95001220703125,101748200
2025-02-28,69.79809575773714,69.9594951257146,69.69367109821505,69.93101501464844,8363500,575.7039886670112,584.70978328648,572.636508577737,584.1788940429688,88744100,279.5,293.8800048828125,273.6000061035156,292.9800109863281,115697000
2025-03-03,69.74913921857008,70.11097514118201,69.7205741805692,70.09193420410156,7549300,586.1453068357338,587.2858157400013,570.1393571070072,573.9442138671875,74249200,300.3399963378906,303.94000244140625,277.29998779296875,284.6499938964844,115551400
2025-03-04,70.09193794426884,70.2252463052267,69.81579712092444,69.89197540283203,7693100,569.9525173224438,575.5369060706639,562.6180601948478,567.1504516601562,109648200,270.92999267578125,284.3500061035156,261.8399963378906,272.0400085449219,126706600
2025-03-05,69.79675047224822,70.00622983321384,69.63486982024902,69.64439392089844,7758400,566.9831958833081,575.035344765484,563.4339735575252,573.2459716796875,71230500,272.9200134277344,279.54998779296875,267.7099914550781,279.1000061035156,94042900
2025-03-06,69.61583005231597,69.70152516531857,69.41586752388288,69.58726501464844,7196400,565.7936477589768,570.4047092717689,560.5238803180225,563.0703125,80094900,272.05999755859375,272.6499938964844,260.0199890136719,263.45001220703125,98451600
2025-03-07,69.82532311245251,69.86341225443734,69.46347989597716,69.51109313964844,5036100,561.2907328755356,567.6714847046253,556.1094174114145,566.2261962890625,81158800,259.32000732421875,266.25,250.72999572753906,262.6700134277344,102369600
2025-03-10,69.7967493653197,69.95862274999148,69.7681770638246,69.83483123779297,8167000,558.0366127932136,559.953743284554,546.2385912694426,551.1445922851562,99326600,252.5399932861328,253.3699951171875,220.0,222.14999389648438,189076900
2025-03-11,69.70151512018617,69.92052581867482,69.54916585299524,69.56820678710938,8359200,549.9843938775969,554.5266268117218,542.728606721458,546.5629272460938,88102100,225.30999755859375,237.05999755859375,217.02000427246094,230.5800018310547,174896400
2025-03-12,69.42539978027344,69.56822498538915,69.40635157641721,69.42539978027344,6193000,552.7077001878538,553.631880779765,544.3704523001988,549.4632568359375,69588200,247.22000122070312,251.83999633789062,241.10000610351562,248.08999633789062,142215700
2025-03-13,69.43490990393417,69.65392063853794,69.2920774478674,69.63487243652344,4711400,549.0896174558009,549.6991769603108,540.4279077137791,542.1386108398438,74079400,248.1300048828125,248.2899932861328,232.60000610351562,240.67999267578125,114813500
2025-03-14,69.53013990564297,69.57775315330477,69.45396888005037,69.46348571777344,5094900,546.7497351697265,554.3398260143258,542.2075022062043,553.3369750976562,62660300,247.30999755859375,251.5800018310547,240.72999572753906,249.97999572753906,100242300
2025-03-17,69.63488684985522,69.73963018833372,69.52062667316014,69.5587158203125,4772900,553.3171622105525,560.1207287765629,552.8845658393484,557.6038208007812,49008700,245.05999755859375,245.39999389648438,232.8000030517578,238.00999450683594,111900600
2025-03-18,69.49204724521717,69.7205748160677,69.48252314420992,69.63487243652344,4196100,555.2934322950165,555.5097605205915,549.6500559715837,551.5770874023438,66041400,228.16000366210938,230.10000610351562,222.27999877929688,225.30999755859375,111477600
2025-03-19,69.57774363655182,69.87292539034783,69.51108945779914,69.8443603515625,4201600,553.3565563629542,561.3398770802173,552.1767425607164,557.5841674804688,66556000,231.61000061035156,241.41000366210938,229.1999969482422,235.86000061035156,111993800
2025-03-20,70.13002468112185,70.14906561856561,69.84435976614158,69.8729248046875,3760700,553.848245552193,560.966374832501,553.1304918485869,555.9718627929688,62958200,233.35000610351562,238.0,230.0500030517578,236.25999450683594,99028300
2025-03-21,69.9300709611796,70.00624198531648,69.79676258798818,69.81580352783203,7078500,551.5204692681951,557.0526205906217,550.2878120115934,556.1552124023438,83763000,234.99000549316406,249.52000427246094,234.5500030517578,248.7100067138672,132728700
2025-03-24,69.69201474788612,69.72057978818448,69.49205220103653,69.51109313964844,5637000,562.880651498493,567.1703352751009,562.2890000340255,566.1151733398438,58766800,258.0799865722656,278.6400146484375,256.3299865722656,278.3900146484375,169079900
2025-03-25,69.5110990002977,69.6729724188104,69.50157489780824,69.59679412841797,6133700,567.3182603575567,568.4128457426297,565.7306119858723,567.47607421875,38355700,283.6000061035156,288.20001220703125,271.2799987792969,288.1400146484375,150361500
2025-03-26,69.53013787459749,69.56822701866197,69.40635360495895,69.44444274902344,4856900,567.2097001365158,568.3338979913931,559.3206937528307,560.7012939453125,51848300,282.6600036621094,284.8999938964844,266.510009765625,272.05999755859375,153629800
2025-03-27,69.39682246402296,69.43491160422418,69.33969238610148,69.4158706665039,5567900,559.3108077400744,562.9792269072261,557.1018956425098,559.2122192382812,42164200,272.4800109863281,291.8500061035156,271.82000732421875,273.1300048828125,162572100
2025-03-28,69.66345421479677,69.84436856997856,69.57775182359573,69.81580352783203,4850500,557.6838014665011,558.4135249923543,547.3689030262066,547.95068359375,71662700,275.5799865722656,276.1000061035156,260.57000732421875,263.54998779296875,123809400
2025-03-31,69.98720370266113,70.04433378912323,69.76819292995356,69.93959045410156,7106000,542.201546342058,552.9305994826874,539.282592409213,551.62890625,95328200,249.30999755859375,260.55999755859375,243.36000061035156,259.1600036621094,134008900
2025-04-01,69.94914361145135,70.29306240377406,69.9395882870599,70.15931701660156,4667900,549.715889513425,555.1297110203275,545.9981756472096,553.18701171875,54609600,263.79998779296875,277.45001220703125,259.25,268.4599914550781,146486900
2025-04-02,70.321718467446,70.33127379148134,69.91092699684745,70.10198974609375,5313100,547.3491017135567,559.547472787333,547.1124411566806,556.687744140625,76014500,254.60000610351562,284.989990234375,251.27000427246094,282.760009765625,212787800
2025-04-03,70.46500396728516,70.69428067461803,70.33125861395973,70.46500396728516,7426200,537.5470145495102,540.3673198616506,529.2537231445312,529.2537231445312,125986000,265.2900085449219,276.29998779296875,261.510009765625,267.2799987792969,136174300
2025-04-04,70.88536101816187,71.01910640476174,70.41725216506234,70.5223388671875,12678000,516.4045547647906,518.574043873056,498.0527654446422,498.26971435546875,217965100,255.3800048828125,261.0,236.0,239.42999267578125,181229400
2025-04-07,70.35992611992907,70.39814012404209,69.59566061482084,69.67208862304688,14283000,482.4029468413161,515.9114867336431,475.1154617622772,497.3822021484375,256611400,223.77999877929688,252.0,214.25,233.2899932861328,183453800
2025-04-08,69.66253191461557,69.78672924765718,69.22308180891854,69.2708511352539,12629200,514.6196468974629,517.6963548854247,482.3733480760591,489.591796875,165816600,245.0,250.44000244140625,217.8000030517578,221.86000061035156,171603500
2025-04-09,68.29640759323044,69.45235378332623,68.28685955947807,69.4332504272461,20862000,486.59399925019795,541.0084228515625,486.20939567811143,541.0084228515625,241867300,224.69000244140625,274.69000244140625,223.8800048828125,272.20001220703125,219433400
2025-04-10,69.18487039912318,69.36638509971102,68.8409516446284,68.87916564941406,8058500,524.7866027854379,526.0981670837639,502.25365007002944,517.3019409179688,162331200,260.0,262.489990234375,239.3300018310547,252.39999389648438,181722600
2025-04-11,68.48748919992282,68.92693934997051,68.21999843803088,68.80274200439453,7260400,515.7536950429114,528.9874872153164,512.8544826104954,526.5320434570312,97866300,251.83999633789062,257.739990234375,241.36000061035156,252.30999755859375,128948100
2025-04-14,68.99382464096507,69.28997414020675,68.97471398958164,69.19444274902344,5409300,536.5017912856171,536.7286411738348,526.453165817952,531.6401977539062,68034000,258.3599853515625,261.79998779296875,245.92999267578125,252.35000610351562,100135200
2025-04-15,69.12755434557226,69.49057646504777,69.11799902205082,69.36638641357422,5667500,532.1825399641931,535.6931457102869,529.3622343758641,530.151123046875,56892900,249.91000366210938,258.75,247.5399932861328,254.11000061035156,79594300
2025-04-16,69.41416354416974,69.59567098001925,69.27086282954753,69.55745697021484,33963000,524.3034408726064,530.4273047249436,513.0714517926509,518.366943359375,83484800,247.61000061035156,251.97000122070312,233.88999938964844,241.5500030517578,112378700
2025-04-17,69.53833214072725,69.57654613873368,69.35681747234044,69.40458679199219,7613800,520.3194821276195,523.800475242003,516.6411916080497,519.1065063476562,79868100,243.47000122070312,244.33999633789062,237.67999267578125,241.3699951171875,83404800
2025-04-21,69.25174531441223,69.39504601482695,69.02246856689453,69.02246856689453,6092900,513.9293621868783,514.4619087085769,501.4055809569725,506.7503967285156,69368100,230.25999450683594,232.2100067138672,222.7899932861328,227.5,97768000
2025-04-22,69.25173126536534,69.28994526362857,69.13709655915054,69.14664459228516,5408200,512.9235348557764,521.9564215250564,511.9867032226325,519.9348754882812,75948100,230.9600067138672,242.7899932861328,229.85000610351562,237.97000122070312,120858500
2025-04-23,69.56700885952294,69.8631583101615,69.26130408476085,69.28996276855469,5283000,532.9319549297188,537.8625838932508,526.4728430251603,527.991455078125,90590700,254.86000061035156,259.45001220703125,244.42999267578125,250.74000549316406,150381900
2025-04-24,69.54790287601799,69.69119628958109,69.50013354577929,69.68164825439453,3751500,529.2734571828396,539.8348871004667,528.0211182344198,539.1051635742188,64150400,250.5,259.5400085449219,249.1999969482422,259.510009765625,94464200
2025-04-25,69.82492823987977,69.92046688198404,69.74850753020145,69.9109115600586,4021800,539.0657336001437,543.4046513367819,536.1467793425768,543.0003662109375,61119600,261.69000244140625,286.8500061035156,259.6300048828125,284.95001220703125,167560700
2025-04-28,69.83450594194436,70.11155205796764,69.82495061695668,70.08289337158203,4685400,543.7399439376,545.8699492792146,537.4583271221219,543.2073974609375,47613800,288.9800109863281,294.8599853515625,272.4200134277344,285.8800048828125,151731800
2025-04-29,70.0160016758451,70.27393707190546,70.00644635345016,70.26438903808594,3790700,541.2943585019403,547.7436606136026,540.9393676118534,546.6293334960938,47775100,285.5,293.32000732421875,279.4700012207031,292.0299987792969,108906600
2025-04-30,70.21662139892578,70.29304940276779,70.09243135911422,70.21662139892578,8020700,539.9729835885655,548.7988227140515,534.0069337400583,546.8462524414062,93101500,279.8999938964844,284.45001220703125,270.7799987792969,282.1600036621094,128961100
2025-05-01,70.28947059037097,70.31822890352278,69.91569295200485,70.0211181640625,6295400,552.5952816524762,556.2439589647481,550.1200963901105,550.7216186523438,63186100,280.010009765625,290.8699951171875,279.80999755859375,280.5199890136719,99659000
2025-05-02,69.68566489901919,69.8198410876583,69.58982580885609,69.67607879638672,6960800,556.8948640346016,560.4942476694231,554.5774922291787,558.896728515625,60717300,284.8999938964844,294.7799987792969,279.80999755859375,287.2099914550781,114454700
2025-05-05,69.6090046026592,69.6665139178845,69.46524959473429,69.58025360107422,7575000,554.7648117792631,558.7882219920989,553.9068871278389,555.6917724609375,38659200,284.57000732421875,284.8500061035156,274.3999938964844,280.260009765625,94618900
2025-05-06,69.5419036770358,69.74316796308916,69.48440168446456,69.73358917236328,6994000,550.1891944565425,555.533979770925,549.2326812616892,551.047119140625,48264700,273.1099853515625,277.7300109863281,271.3500061035156,275.3500061035156,76715800
2025-05-07,69.77192823964408,69.934855431228,69.7623421365938,69.86776733398438,4357400,552.3784371058738,555.9975022415719,548.3254139860352,553.3645629882812,55588000,276.8800048828125,277.9200134277344,271.0,276.2200012207031,71592600
2025-05-08,69.82942851507103,69.88693050784902,69.49398803710938,69.49398803710938,4283200,557.3977713110521,562.3974366423718,553.9069074354913,557.2202758789062,65130800,279.6300048828125,289.79998779296875,279.4100036621094,284.82000732421875,97539400
2025-05-09,69.58984315051002,69.71443326756427,69.54191993745916,69.55150604248047,3730700,558.6205786168767,559.6264462916283,554.9522191721212,556.5103149414062,37603400,290.2099914550781,307.0400085449219,290.0,298.260009765625,132387800
2025-05-12,69.29272475458508,69.4364797386135,69.29272475458508,69.3118896484375,6982800,573.4026196086874,574.9114211824733,569.0340889310521,574.9015502929688,78993600,321.989990234375,322.2099914550781,311.5,318.3800048828125,112826700
2025-05-13,69.29273582372288,69.41732593380146,69.1968894029875,69.28314971923828,5610300,575.3156554869938,580.9070323903663,574.7536167184122,578.6981201171875,67947200,320.0,337.5899963378906,316.79998779296875,334.07000732421875,136992600
2025-05-14,69.23522680215652,69.28315001272722,69.01479758246408,69.04354858398438,6426700,579.6546629482465,580.8084133986617,577.4161378946785,579.437744140625,66283500,342.5,350.0,337.0,347.67999267578125,136997300
2025-05-15,69.24479933470585,69.43647751530908,69.16812513764299,69.41731262207031,5659000,577.4357820961777,582.7706958315019,576.9821425909696,582.267822265625,71268100,340.3399963378906,346.1400146484375,334.7200012207031,342.82000732421875,97882600
2025-05-16,69.59942432047175,69.65692632241095,69.43648979488538,69.46524810791016,5310000,583.0469103495059,586.2518193704545,581.1042713102905,585.9559936523438,76052100,346.239990234375,351.6199951171875,342.3299865722656,349.9800109863281,95895700
2025-05-19,69.16812931296846,69.46524001650857,69.06270411365654,69.4460678100586,5787700,579.9405744991373,587.2773530559552,579.9405744991373,586.596923828125,68168500,336.29998779296875,343.0,333.3699951171875,342.0899963378906,88869900
2025-05-20,69.29272879887954,69.37898179433077,69.196882387861,69.32147979736328,5810300,584.8614155899625,585.8080578995526,581.419785763877,584.6246948242188,60614500,347.8699951171875,354.989990234375,341.6300048828125,343.82000732421875,131715500
2025-05-21,69.14897138266218,69.19688727950417,68.81353085654807,68.89019775390625,10880400,580.2758530681597,584.3584282191854,573.7477052570061,574.7732543945312,95197700,344.42999267578125,347.3500061035156,332.20001220703125,334.6199951171875,102354800
2025-05-22,68.88062196705421,69.09146508405719,68.77519675252503,69.0818862915039,7067200,574.5760350084579,578.4811148637216,573.3433777523152,575.0001220703125,70860400,331.8999938964844,347.2699890136719,331.3900146484375,341.0400085449219,97113400
2025-05-23,69.26396852550803,69.28314073199024,69.09145522743978,69.18730163574219,4272600,567.9887994120531,573.7379304924723,567.6140667399493,571.0753784179688,76029000,337.9200134277344,343.17999267578125,333.2099914550781,339.3399963378906,84654800
2025-05-27,69.35981960365625,69.58024880866239,69.31189639627848,69.5131607055664,6148800,577.938827709351,583.1061179228353,570.4048112020747,582.9483642578125,72588500,347.3500061035156,363.7900085449219,347.32000732421875,362.8900146484375,120146400
2025-05-28,69.39816224082553,69.44607813996917,69.28315092118099,69.35982513427734,5214700,583.3526236048898,584.545857588394,578.8460211072919,579.5757446289062,68445500,364.8399963378906,365.0,355.9100036621094,356.8999938964844,91404300
2025-05-29,69.46524615885345,69.6760892640664,69.46524615885345,69.60900115966797,4685800,584.8317737253767,584.9698457847473,577.9387639052553,581.863525390625,69973300,365.2900085449219,367.7099914550781,356.0,358.42999267578125,88087800
2025-05-30,69.60899549401859,69.75275779518692,69.52274250055022,69.74317169189453,5995600,580.7591899526665,582.928679235147,575.1481304892388,581.2128295898438,90601200,355.5199890136719,363.67999267578125,345.2900085449219,346.4599914550781,123474900
2025-06-02,69.57009693158915,69.74318109113165,69.46432287096592,69.5893325805664,6888000,579.6053591727813,584.5655410710423,576.9428072484826,584.4866943359375,61630500,343.5,348.0199890136719,333.3299865722656,342.69000244140625,81873800
2025-06-03,69.65662812891607,69.71432039129537,69.4835440055291,69.51239013671875,7436800,584.121791379625,588.7960181097066,583.6385391723649,587.8197631835938,63606200,346.6000061035156,355.3999938964844,343.0400085449219,344.2699890136719,99324500
2025-06-04,69.75279404750015,70.0124166005693,69.72394791229803,69.94510650634766,8343000,588.6776647088699,589.6539195966438,587.2280285207049,587.6619262695312,57314200,345.1000061035156,345.6000061035156,327.3299865722656,332.04998779296875,98912100
2025-06-05,69.9643416748682,70.03165176862889,69.79125752859069,69.81048583984375,6620600,589.3383724752952,590.6893600195378,582.8496477946317,584.8218994140625,92278700,322.489990234375,324.54998779296875,273.2099914550781,284.70001220703125,287499800
2025-06-06,69.58931876793747,69.70470329389634,69.41623464275004,69.43546295166016,14677200,590.3540722792903,592.4940086999786,588.5790577947733,590.8274536132812,66588700,298.8299865722656,305.5,291.1400146484375,295.1400146484375,164747700
2025-06-09,69.42585263215717,69.6085545996694,69.42585263215717,69.54124450683594,10147300,591.3993476813894,592.9081490758875,590.1864321834666,591.3599243164062,53016400,285.9599914550781,309.8299865722656,281.8500061035156,308.5799865722656,140908900
2025-06-10,69.72395459017636,69.77202904136759,69.59894487732751,69.67587280273438,9257000,591.8924637491524,595.0973729509094,590.7781968461302,594.7128295898438,66247000,314.94000244140625,327.8299865722656,310.6700134277344,326.0899963378906,151256500
2025-06-11,69.80086250458955,69.9258721947386,69.73355241614368,69.89702606201172,8034900,595.8074157747775,596.6653405011278,590.9556931519085,593.0166625976562,73658200,334.3999938964844,335.5,322.5,326.42999267578125,122611400
2025-06-12,70.09896208771553,70.1662721816926,70.02203416995604,70.15665435791016,5950100,591.6854337777163,595.37353515625,591.2022416981604,595.37353515625,64129000,323.0799865722656,332.55999755859375,316.8599853515625,319.1099853515625,105127500
2025-06-13,70.01240550620646,70.05086945913087,69.76240081657114,69.90663146972656,5656200,590.1963519379123,593.499849631983,587.218232455665,588.7171630859375,89506000,313.9700012207031,332.989990234375,313.29998779296875,325.30999755859375,128964300
2025-06-16,69.85856416960344,69.99318435047125,69.76240794559067,69.77201843261719,6415500,592.0699627819344,596.0637602908375,591.892407169678,594.3182983398438,79984100,331.2900085449219,332.04998779296875,326.4100036621094,329.1300048828125,83925900
2025-06-17,69.89703072309867,70.02203308533409,69.8104849828973,69.9931869506836,5123400,591.8826171802143,593.4012293190596,588.4804709653109,589.2398071289062,82209400,326.0899963378906,327.260009765625,314.739990234375,316.3500061035156,88282700
2025-06-18,70.07009541733377,70.21432605055095,69.96432139547592,70.03163146972656,5176900,590.1371267775953,592.8785252065284,588.1944276516227,589.1510009765625,76605000,317.30999755859375,329.32000732421875,315.45001220703125,322.04998779296875,95137700
2025-06-20,69.91626084809106,70.15665509141536,69.87779688880916,70.07972717285156,5396600,591.8225009850784,592.8906824249698,586.3629740326184,587.7674560546875,94051400,327.95001220703125,332.3599853515625,317.7799987792969,322.1600036621094,108688000
2025-06-23,70.2431895017105,70.40665580009941,70.17587941788867,70.25279998779297,5391900,588.5190130228361,593.9587392448562,585.4035696790836,593.5730590820312,87426000,327.5400085449219,357.5400085449219,327.4800109863281,348.67999267578125,190716800
2025-06-24,70.1854972818179,70.50281942586992,70.1854972818179,70.46435546875,8789700,597.7072083922786,601.1885919192599,596.7972471416377,600.13037109375,67735300,356.1700134277344,356.260009765625,340.44000244140625,340.4700012207031,114736200
2025-06-25,70.37781512726188,70.49319965919105,70.29126939206553,70.48358917236328,5346300,601.247995602986,601.940336500435,598.903972841808,600.4666748046875,62114800,342.70001220703125,343.0,320.3999938964844,327.54998779296875,119845100
2025-06-26,70.55089618520798,70.69512684383061,70.48358609910102,70.68551635742188,5373300,602.3161684365299,605.5997923429508,601.7029677445283,605.1646118164062,78548400,324.6099853515625,331.04998779296875,323.6099853515625,325.7799987792969,80440900
2025-06-27,70.5605129079773,70.72398656261322,70.50282063942923,70.52204895019531,6928700,606.1635425121184,609.6350865938839,604.1360202356653,608.1712646484375,86258400,324.510009765625,329.3399963378906,317.5,323.6300048828125,89067000
2025-06-30,70.68551878944444,70.83936727601832,70.627819187761,70.8009033203125,6986700,610.6142201701539,612.4340220516922,608.2998373553096,611.0790405273438,92502500,319.8999938964844,325.5799865722656,316.6000061035156,317.6600036621094,76695100
2025-07-01,70.79607660709061,70.8539535901914,70.64173553224236,70.74784088134766,6286300,609.6053849111585,612.0483479268365,608.7746241554748,610.8812866210938,70030100,298.4599914550781,305.8900146484375,293.2099914550781,300.7099914550781,145085700
2025-07-02,70.58386196680658,70.67068481445312,70.55492347083758,70.67068481445312,6342300,610.4757907292374,613.6901746824169,609.8526899336259,613.650634765625,66510400,312.6300048828125,316.8299865722656,303.82000732421875,315.6499938964844,119483700
2025-07-03,70.54527579833166,70.58386291338765,70.45846030926042,70.4970474243164,6428400,615.6287169448548,619.4167617045248,615.6089168033244,618.487060546875,51065800,317.989990234375,318.45001220703125,312.760009765625,315.3500061035156,58042300
2025-07-07,70.38128716482477,70.43916415843172,70.21729744311189,70.2655258178711,8191000,616.5286134886126,617.1913144548079,611.0987877910964,613.8779907226562,74814500,291.3699951171875,296.1499938964844,288.7699890136719,293.94000244140625,131177900
2025-07-08,70.1690748643164,70.22695922851562,70.13048774143064,70.22695922851562,5934200,614.5406899285775,615.2923708557059,612.7307881009865,613.5418090820312,59024600,297.0,304.04998779296875,294.3500061035156,297.80999755859375,103246700
2025-07-09,70.31375514866363,70.5163319675784,70.31375514866363,70.50668334960938,6720200,615.945166968477,617.8737488887257,614.1055045789822,617.2210083007812,66113300,297.54998779296875,300.1499938964844,293.54998779296875,295.8800048828125,75586800
2025-07-10,70.49704465679051,70.52598315201153,70.39093193448714,70.5163345336914,6650900,617.3594282689005,620.0001509389845,616.1824670185033,618.961669921875,57529000,300.04998779296875,310.4800109863281,300.0,309.8699951171875,104365300
2025-07-11,70.31377473520273,70.32342335585945,70.19801336654544,70.22695922851562,4962400,615.9155275578457,618.0122901417473,614.7188263007702,616.785888671875,63670200,307.8900146484375,314.0899963378906,305.6499938964844,313.510009765625,79236400
2025-07-14,70.19800317652681,70.28482603035177,70.13047756121411,70.21730041503906,5624700,616.3308265898004,618.3089087938923,614.9857451789246,617.9627685546875,51898500,317.7300109863281,322.6000061035156,312.6700134277344,316.8999938964844,78043400
2025-07-15,70.30412216263645,70.30412216263645,69.98579129626982,70.00508117675781,5908400,620.6431287961128,620.9793689858044,615.242942324076,615.3220825195312,74317300,319.67999267578125,321.20001220703125,310.5,310.7799987792969,77556300
2025-07-16,70.13045758466414,70.20763179725002,69.95681928621492,70.14010620117188,7874900,616.9044910111767,617.8836320494379,611.276844692317,617.3792114257812,88987500,312.79998779296875,323.5,312.6199951171875,321.6700134277344,97284800
2025-07-17,70.1497675804673,70.24623168388096,70.11118046715397,70.15941619873047,6857300,617.5573456006476,621.5135103761386,617.3397251475282,621.1574096679688,68885700,323.1499938964844,324.3399963378906,317.05999755859375,319.4100036621094,73922900
2025-07-18,70.30410786727671,70.3234051035816,70.23658225968802,70.2751693725586,5206800,622.4035753929759,622.5716954836944,619.5947323692288,620.7024536132812,65621600,321.6600036621094,330.8999938964844,321.4200134277344,329.6499938964844,94255000
2025-07-21,70.5163321683992,70.59350639289292,70.45845517989848,70.47774505615234,5338500,621.87939453125,624.6189973413707,621.4541141003111,621.87939453125,63375000,334.3999938964844,338.0,326.8800048828125,328.489990234375,75768800
2025-07-22,70.51633163546454,70.65138284743831,70.49704175935645,70.593505859375,5507300,622.2057439990875,622.8288447335428,619.3276609031153,621.9683837890625,60046300,329.739990234375,335.4100036621094,321.54998779296875,332.1099853515625,77370400
2025-07-23,70.49704249307615,70.535629605433,70.41986826836246,70.44880676269531,5269400,624.6288825447934,627.259765625,622.8288205336723,627.259765625,70511000,330.8999938964844,336.20001220703125,328.6700134277344,332.55999755859375,92553800
2025-07-24,70.26552803967036,70.45846362402712,70.24623816110469,70.36199951171875,6139200,627.6454884244192,629.1785504969665,627.0421878119985,627.4674682617188,71307100,310.0,310.1499938964844,300.4100036621094,305.29998779296875,156966000
2025-07-25,70.37163220578374,70.53562927246094,70.35234232956596,70.53562927246094,4845900,628.1301809903662,630.5928838363332,627.8829206987424,630.1181030273438,56865400,308.739990234375,323.6300048828125,308.010009765625,316.05999755859375,148227000
2025-07-28,70.43915071411773,70.46809656513625,70.38127373155741,70.41986083984375,5806600,630.4939604147171,631.0478210681617,628.5752180855901,629.9598999023438,54917100,318.45001220703125,330.489990234375,315.69000244140625,325.5899963378906,112673800
2025-07-29,70.49706086857081,70.79610186760928,70.49706086857081,70.78645324707031,7397900,631.3543820995848,631.6708825055948,627.3883778702398,628.2982788085938,60556300,325.54998779296875,326.25,318.25,321.20001220703125,87358900
2025-07-30,70.60315704345703,70.75749813714862,70.54527269355077,70.60315704345703,5554600,628.9510415464463,630.6917636576716,624.6190364089183,627.507080078125,80418900,322.17999267578125,324.45001220703125,311.6199951171875,319.0400085449219,83931900
2025-07-31,70.75750808303516,70.76715670266567,70.59351834801842,70.61280822753906,6463200,632.4522656090571,632.8379457731452,623.8574957354674,625.1531372070312,103385200,319.6099853515625,321.3699951171875,306.1000061035156,308.2699890136719,85270900
2025-08-01,71.13738384844967,71.24384855106386,71.02123852264731,71.2244873046875,10782300,619.436379958757,619.475980234049,612.5031927364548,614.9065551757812,140103600,306.2099914550781,309.30999755859375,297.82000732421875,302.6300048828125,89121400
2025-08-04,71.26321518806473,71.28257643791183,71.13739660067165,71.27289581298828,6834400,618.8133862322555,624.3025527793549,618.7244063300172,624.2531127929688,73218000,309.0799865722656,312.1199951171875,303.0,309.260009765625,78683900
2025-08-05,71.1954533264126,71.33095251540458,71.17609946405031,71.30191802978516,8145300,624.866279158634,625.6773001361546,620.1683337507773,621.088134765625,68051400,308.95001220703125,312.45001220703125,305.5,308.7200012207031,57961300
2025-08-06,71.2051355982349,71.28256581778072,70.98252556307871,71.24385070800781,8082200,622.1562946160922,626.4981995520814,621.2463937026511,625.845458984375,64357500,307.8900146484375,320.4700012207031,306.92999267578125,319.9100036621094,78523600
2025-08-07,71.33095117271347,71.33095117271347,71.16641750119913,71.21481323242188,4193100,629.2675537310744,629.9994345491891,622.2156852544556,625.3212890625,74205800,319.7900085449219,322.3999938964844,316.1600036621094,322.2699890136719,66658700
2025-08-08,71.13738199741337,71.14706262034966,71.04059792050573,71.05995178222656,5566300,627.1114011688534,630.6620853000642,626.7949007710238,630.1972045898438,64051600,321.42999267578125,335.1499938964844,320.9800109863281,329.6499938964844,91200300
2025-08-11,71.12769889278384,71.18577524422349,71.0793105480942,71.10834503173828,8668100,630.4742118551501,631.947873553624,627.70484826023,628.9510498046875,58742300,335.0,346.6400146484375,334.1499938964844,339.0299987792969,105320200
2025-08-12,71.030915896993,71.11802673339844,70.97284692882376,71.11802673339844,5493400,631.2950454377703,635.8050706066525,629.8114837326607,635.6468505859375,64730800,345.0,345.260009765625,332.94000244140625,340.8399963378906,80522100
2025-08-13,71.32128740641905,71.4083908732065,71.30192615769772,71.37935638427734,6208900,637.8424936799373,639.10849531226,635.6369512596368,637.82275390625,60092800,341.5,348.9800109863281,338.20001220703125,339.3800048828125,67838900
2025-08-14,71.3793428232183,71.3793428232183,71.12769832671981,71.17609405517578,6818100,635.7457174616427,638.5447207235369,635.300697252298,637.882080078125,59327500,335.760009765625,340.4700012207031,330.3999938964844,335.5799865722656,75000700
2025-08-15,71.16641864216204,71.22448761323882,71.03091945354825,71.07931518554688,4309100,638.9106535836406,639.0095939138803,635.4787099260534,636.3886108398438,68592500,337.6600036621094,339.29998779296875,327.0199890136719,330.55999755859375,74319800
2025-08-18,71.10834916276355,71.27288283573955,70.95348872879654,71.00188446044922,6941600,635.8150025688236,636.9425240091701,635.1424618060598,636.2501831054688,43804900,329.6199951171875,336.2699890136719,329.5899963378906,335.1600036621094,56956600
2025-08-19,71.07932116076046,71.14707076076266,71.07932116076046,71.13739013671875,5098500,636.0721245937336,637.0512656505922,631.4829592777961,632.7984008789062,69750700,335.7900085449219,340.54998779296875,327.8500061035156,329.30999755859375,75956000
2025-08-20,71.12769940497807,71.23416410187403,71.09866492112492,71.18577575683594,5512500,632.3929060531275,632.6500060324975,626.013578858981,631.1170043945312,88890300,329.2200012207031,331.3699951171875,314.6000061035156,323.8999938964844,77481800
2025-08-21,71.07930812028745,71.10834260293983,70.93412832287436,71.01155853271484,5695500,629.3071851926883,630.978606926108,626.8642219548319,628.5851440429688,54805800,322.0799865722656,324.8999938964844,318.67999267578125,320.1099853515625,55744400
2025-08-22,71.13739139053737,71.4374242838135,71.11803752626103,71.36967468261719,5828700,630.7709706915778,639.41518174206,630.2665499847296,638.2382202148438,84083200,321.6600036621094,340.25,319.69000244140625,340.010009765625,94016300
2025-08-25,71.26321518806473,71.35032604407014,71.2245000725238,71.27289581298828,5361700,636.9820621561176,638.218363635622,635.3105801411765,635.4292602539062,51274300,338.8999938964844,349.5299987792969,335.0299987792969,346.6000061035156,86670000
2025-08-26,71.28256276472757,71.38902746600512,71.22448641047956,71.35999298095703,4648300,635.1622594491828,638.4359833484747,634.5391586749303,638.0897827148438,51581600,344.92999267578125,351.8999938964844,343.7200012207031,351.6700134277344,76651600
2025-08-27,71.29224281914966,71.43741524323217,71.22448584237546,71.42774200439453,6053900,637.5062179210042,640.2755208793137,637.3578376120881,639.5436401367188,48341100,351.94000244140625,355.3900146484375,349.1600036621094,349.6000061035156,65519000
2025-08-28,71.41805510343211,71.54387365462752,71.38902062116787,71.51483917236328,5857300,640.146950913372,642.3623933153343,638.267809046051,641.8085327148438,61519500,350.9100036621094,353.54998779296875,340.260009765625,345.9800109863281,67903200
2025-08-29,71.4470958662216,71.49549159701695,71.3890268965886,71.42774200439453,7736300,640.374419619015,640.7404203673219,636.0919150690585,637.98095703125,74522200,347.2300109863281,348.75,331.70001220703125,333.8699951171875,81145700
2025-09-02,71.21702322525476,71.30442184740605,71.18789282071981,71.2752914428711,6222400,630.5137545728464,633.4709780533357,627.9620114164865,633.25341796875,81983500,328.2300109863281,333.3299865722656,325.6000061035156,329.3599853515625,58392000
2025-09-03,71.32384410596751,71.5860325802641,71.31413890954681,71.50834655761719,6005100,635.6270215222661,637.1501834379544,633.4412793439511,636.685302734375,70820900,335.20001220703125,343.3299865722656,328.510009765625,334.0899963378906,88733300
2025-09-04,71.66371367311946,71.7899478948268,71.58602765581662,71.78023529052734,8842600,637.3579030521721,642.0361089027498,636.4579021356687,642.0064086914062,65219200,336.1499938964844,338.8900146484375,331.4800109863281,338.5299987792969,60711000
2025-09-05,72.1395195057454,72.21720551437026,72.10067650143296,72.1200942993164,6321800,644.3404973975818,645.0625384730564,636.2798483910566,640.14697265625,85178900,348.0,355.8699951171875,344.67999267578125,350.8399963378906,108989800
2025-09-08,72.27547102976614,72.36286223875886,72.25605323061642,72.35315704345703,6414400,641.5118841129237,642.7185457406785,640.1371023874503,641.7196044921875,63133100,354.6400146484375,358.44000244140625,344.8399963378906,346.3999938964844,75208300
2025-09-09,72.31432031296772,72.36286851932864,72.14924307595659,72.21721649169922,6613200,641.8579832056892,643.7272854003053,640.1271612550325,643.203125,66133900,348.44000244140625,350.7699890136719,343.82000732421875,346.9700012207031,53816000
2025-09-10,72.33373222031923,72.4599738453746,72.28518401791385,72.34344482421875,5680700,646.4570213518696,647.3768223058731,643.4997982019892,645.0625,78034500,350.54998779296875,356.3299865722656,346.07000732421875,347.7900085449219,72121700
2025-09-11,72.41141120493411,72.59591361838342,72.41141120493411,72.49880981445312,6437200,647.0109525903231,651.1154976382888,646.4274520986086,650.4231567382812,69934400,350.1700134277344,368.989990234375,347.6000061035156,368.80999755859375,103756000
2025-09-12,72.38229232453142,72.42113533399461,72.27547590064424,72.41142272949219,5493000,650.393364548417,651.8868261792371,649.7010841125947,650.2054443359375,72780100,370.94000244140625,396.69000244140625,370.239990234375,395.94000244140625,168156400
2025-09-15,72.49882270432047,72.56679612001149,72.48911009963699,72.54737091064453,7193600,652.4110731340584,653.7956944276398,652.114372883025,653.6671142578125,63772400,423.1300048828125,425.70001220703125,402.42999267578125,410.0400085449219,163823700
2025-09-16,72.54736289687769,72.60562370144959,72.48910209230579,72.55707550048828,7012200,654.2210123755038,654.5276730798186,651.9858301119879,652.7671508789062,61169000,414.5,423.25,411.42999267578125,421.6199951171875,104285700
2025-09-17,72.63475188585157,72.75127347955254,72.37256348293467,72.43082427978516,8872000,652.7770978636573,654.4683196962441,647.1296508296768,651.9561767578125,101952200,415.75,428.30999755859375,409.6700134277344,425.8599853515625,106133500
2025-09-18,72.23663291551382,72.32403153897211,72.13952909609637,72.24634552001953,7641400,654.6363789857319,657.6035020628194,653.0341373534065,655.0023193359375,90459200,428.8699951171875,432.2200012207031,416.55999755859375,416.8500061035156,90454500
2025-09-19,72.25604912090003,72.2948847169906,72.18806830637753,72.27546691894531,5295700,656.8877828567474,659.0895125014193,654.9438659954435,658.2465209960938,97945600,421.82000732421875,429.4700012207031,421.7200012207031,426.07000732421875,93131000
2025-09-22,72.23663018293169,72.25605539120828,72.12010115891091,72.1395263671875,7813900,656.7588293222589,661.8069717744121,656.7290467709187,661.3607177734375,69452200,431.1099853515625,444.9800109863281,429.1300048828125,434.2099914550781,97108800
2025-09-23,72.21721335478807,72.29489196330074,72.15894513772064,72.28518676757812,6492000,661.2417286303936,661.8566899635472,656.540685502851,657.7606201171875,81708900,439.8800048828125,440.9700012207031,423.7200012207031,425.8500061035156,83422700
2025-09-24,72.21721238320136,72.2269175787934,72.11039596331887,72.1395263671875,5158400,659.0498612769777,659.1490153831234,654.2496039734066,655.6678466796875,68082200,429.8299865722656,444.2099914550781,429.0299987792969,442.7900085449219,93133600
2025-09-25,72.04241081671381,72.0715412158375,71.92588181167402,72.06182861328125,7402700,652.5338627083877,653.9917550046746,649.0328388399253,652.6429443359375,89622100,435.239990234375,435.3500061035156,419.0799865722656,423.3900146484375,96746400
2025-09-26,72.0715412158375,72.17835761832104,72.00356781503388,72.06182861328125,5531400,654.0910020825955,656.9274877414105,652.4743904900326,656.3820190429688,69179200,428.29998779296875,440.4700012207031,421.0199890136719,440.3999938964844,101628200
2025-09-29,72.15894689656125,72.28518852949583,72.13952909609637,72.24634552001953,5534500,658.9010899003678,659.8135740530697,656.4216318338509,658.2266845703125,73499000,444.3500061035156,450.9800109863281,439.5,443.2099914550781,79491500
2025-09-30,72.27547730275099,72.38229372871035,72.18807867762666,72.21721649169922,8840700,657.4828203674869,661.1722852976668,656.173659297658,660.7061157226562,86288000,441.5199890136719,445.0,433.1199951171875,444.7200012207031,74358000
2025-10-01,72.39936065673828,72.43832783544866,72.29220277334207,72.39936065673828,8762900,657.7208749627936,663.8699431635192,657.611793334362,662.95751953125,72545400,443.79998779296875,462.2900085449219,440.75,459.4599914550781,98122300
2025-10-02,72.37015227484414,72.49679005798089,72.33118508797953,72.47731018066406,7155600,664.9410037342527,665.0600128657511,661.3011766397112,663.7210693359375,56896000,470.5400085449219,470.75,435.57000732421875,436.0,137009000
2025-10-03,72.49679108605046,72.52601461855559,72.37015330111787,72.38963317871094,8372400,664.4848020775174,667.1527012490268,662.6698219114437,663.7112426757812,70494400,443.2900085449219,446.7699890136719,416.5799865722656,429.8299865722656,133188200
2025-10-06,72.25324544157922,72.36040333957932,72.21427825755825,72.2240219116211,8688800,666.1014192164715,666.9841207809839,663.9591941673339,666.0914916992188,54623300,440.75,453.54998779296875,436.69000244140625,453.25,85324900
2025-10-07,72.30195028379782,72.42858804719137,72.27272675626314,72.36039733886719,7229500,667.0138297258598,667.4601442579947,662.1838505424819,663.6219482421875,72020100,447.82000732421875,452.67999267578125,432.45001220703125,433.0899963378906,102296100
2025-10-08,72.4772988812357,72.48704253449053,72.34091746458733,72.36039733886719,6298400,664.7426772273783,667.6783772359653,663.919480237528,667.5791625976562,60702200,437.57000732421875,441.3299865722656,425.2300109863281,438.69000244140625,71192100
2025-10-09,72.32145802653461,72.34094534055353,72.26301094894318,72.31172180175781,9071000,667.9957845708525,668.4023890582872,663.7112737749407,665.6452026367188,66501900,431.80999755859375,436.3500061035156,426.17999267578125,435.5400085449219,69339900
2025-10-10,72.5065219228663,72.65264699179023,72.4383312149991,72.59419250488281,7202600,666.6071968358344,668.4122493878771,647.4757221413303,647.6542358398438,159422600,436.5400085449219,443.1300048828125,411.45001220703125,413.489990234375,112107900
2025-10-13,72.61369871550735,72.71111297607422,72.526020678435,72.71111297607422,4358400,655.2216030747315,659.664772492732,654.3488290056752,657.5919189453125,79560500,423.5299987792969,436.8900146484375,419.70001220703125,435.8999938964844,79552800
2025-10-14,72.70136625517509,72.84749135598042,72.64291918774549,72.81826782226562,6550100,651.7701536094826,660.3590300864076,647.8030207789583,656.78857421875,88779600,426.7900085449219,434.20001220703125,417.8599853515625,429.239990234375,72669400
2025-10-15,72.83774485826751,72.9351665431569,72.73059438290512,72.7695541381836,6264800,661.3409343998026,664.7228887516702,653.5157497881946,659.7044677734375,81702600,434.8999938964844,440.510009765625,426.3299865722656,435.1499938964844,71558200
2025-10-16,72.7403188258349,73.06179249655492,72.7403188258349,73.04231262207031,8485100,661.3408828539109,663.215367636124,651.7106461582608,655.211669921875,110563300,434.7300109863281,439.3500061035156,421.30999755859375,428.75,77189900
2025-10-17,72.97413147659786,72.98386769900121,72.87670979471771,72.94490051269531,20337500,654.0810128478913,660.2895852935891,652.7322022395391,658.9308471679688,96500900,425.5,441.4599914550781,423.6000061035156,439.30999755859375,89331600
2025-10-20,73.0130816619986,73.05204884319768,72.97412191302939,73.04231262207031,6287200,661.8367798071084,666.6866142382812,661.7872027532737,665.7840576171875,60493400,443.8699951171875,449.79998779296875,440.6099853515625,447.42999267578125,63719000
2025-10-21,73.15921315443015,73.20792399326169,73.11050974782913,73.12998962402344,6179900,665.9228395283285,667.4600912091562,664.4748144266518,665.7740478515625,56249000,445.760009765625,449.29998779296875,442.04998779296875,442.6000061035156,54412200
2025-10-22,73.09102243940431,73.13973327823585,73.03257537859088,73.12998962402344,7164500,666.4783066993808,666.4783066993808,657.8497808005621,662.3128051757812,80564000,443.45001220703125,445.5400085449219,429.0,438.9700012207031,84023500
2025-10-23,73.05206218145251,73.08128571463014,72.96439158191959,72.98387145996094,6041700,662.6301900162397,667.1825015615415,662.3128121266341,666.2402954101562,65604500,420.0,449.3999938964844,413.8999938964844,448.9800109863281,126709800
2025-10-24,73.10077087903647,73.11051453388673,72.97413309490706,73.08128356933594,6912300,670.9016937183009,672.8951271271609,670.0983517375236,671.6851806640625,74356500,446.8299865722656,451.67999267578125,430.1700134277344,433.7200012207031,94727800
2025-10-27,73.02283264055227,73.12024688720703,72.95464192467088,73.12024688720703,7706600,677.1201116013259,679.9070199177999,676.5151383891614,679.6094970703125,63339800,439.9800109863281,460.1600036621094,438.69000244140625,452.4200134277344,105867500
2025-10-28,73.10077076992033,73.17870514414409,73.07154723764415,73.15921783447266,7399700,681.4046232640447,683.2493254549719,679.2028936555786,681.41455078125,61738100,454.7799987792969,467.0,451.6000061035156,460.54998779296875,80185700
2025-10-29,73.12999228158587,73.13973593615238,72.77929503949981,72.79878234863281,8938700,683.0608492697363,684.0328379014793,677.2589421639235,681.7418212890625,85657100,462.5,465.70001220703125,452.6499938964844,461.510009765625,67983500
2025-10-30,72.58446380830927,72.78903595311762,72.57472015410968,72.67213439941406,7109500,678.2805222142791,680.303738053287,674.2439575195312,674.2439575195312,76335800,451.04998779296875,455.05999755859375,439.6099853515625,440.1000061035156,72447900
2025-10-31,72.73059092649113,72.75007080320461,72.6136893695181,72.65265655517578,7106700,679.4111219213156,679.4508319897004,673.6587916341136,676.4556274414062,87164100,446.75,458.0,443.69000244140625,456.55999755859375,83135800
2025-11-03,72.55882787847459,72.6076986076003,72.4904133316744,72.568603515625,7085100,680.0359699637585,680.1649066224819,674.3530715971103,677.7251586914062,57315000,455.989990234375,474.07000732421875,453.79998779296875,468.3699951171875,84595200
2025-11-04,72.57836945290217,72.68587907730932,72.5588181812143,72.6076889038086,11476200,670.5545580097922,674.3729598389511,669.0371611161902,669.6917114257812,78427000,454.4599914550781,460.2200012207031,443.6000061035156,444.260009765625,87756600
2025-11-05,72.5588311091553,72.57838238432664,72.36336309720195,72.40245819091797,10862500,669.4337786331213,675.2654684624238,668.6304366940664,672.012451171875,74402400,452.04998779296875,466.3299865722656,440.7099914550781,462.07000732421875,85573000
2025-11-06,72.61746802741669,72.715202020674,72.5979167547898,72.68588256835938,6461200,670.9115428502156,671.8140994484131,663.2252231578799,664.8021850585938,85035300,461.9599914550781,467.45001220703125,435.0899963378906,445.9100036621094,109622900
2025-11-07,72.57836738567856,72.74451590716622,72.57836738567856,72.64678192138672,7073200,662.4218719882706,665.5658682287408,655.7769731606511,665.4567260742188,100592400,437.9200134277344,439.3599853515625,421.8800048828125,429.5199890136719,103471500
2025-11-10,72.6370186792256,72.6858894087663,72.59792358691833,72.62724304199219,7235100,671.6752576501947,676.57466917413,669.4834554774103,675.8407592773438,75842900,439.6000061035156,449.6700134277344,433.3599853515625,445.2300109863281,76515900
2025-11-11,72.77384247839666,72.84225702079941,72.73474738893425,72.83248138427734,5229400,674.3629519753922,677.9532020666294,673.1529450781785,677.3878784179688,58953400,439.3999938964844,442.489990234375,432.3599853515625,439.6199951171875,60533200
2025-11-12,72.79339344123917,72.85203234686998,72.75429835194338,72.80316162109375,7129700,679.1631581075335,679.3318048264125,675.3547447293747,677.7647705078125,62312500,442.1499938964844,442.3299865722656,426.55999755859375,430.6000061035156,58513500
2025-11-13,72.67611584877629,72.72498657971383,72.58815002441406,72.58815002441406,7105100,674.9084518036677,675.2654792192372,665.010475070097,666.5179443359375,103457800,423.1300048828125,424.5,396.3399963378906,401.989990234375,118948000
2025-11-14,72.71519966422099,72.73474347958881,72.48063659667969,72.48063659667969,6473000,659.9127671356764,670.1082678298286,657.8201189320223,666.408935546875,96846700,386.29998779296875,412.19000244140625,382.7799987792969,404.3500061035156,105506700
2025-11-17,72.52951288140358,72.59792743240861,72.50996906252792,72.51973724365234,6908300,664.1972328051172,668.1742931923078,656.7290761218832,660.2003173828125,90456100,398.739990234375,423.9599914550781,398.739990234375,408.9200134277344,102214300
2025-11-18,72.64678367798743,72.69564694374613,72.5001789674607,72.578369140625,8009200,656.6596720569411,659.6548768721069,650.4709542015795,654.6563110351562,114467500,405.3800048828125,408.8999938964844,393.7099914550781,401.25,80688600
2025-11-19,72.6565591849974,72.6858860953608,72.51973009647254,72.54905700683594,7527500,655.3505889035424,661.8566848395906,653.3372397764296,657.1853637695312,94703000,406.17999267578125,411.7799987792969,398.5,403.989990234375,72047700
2025-11-20,72.6272433499776,72.7152091721986,72.6076995320543,72.65656280517578,8461100,667.3808213360044,670.0090710879778,646.5335791707308,647.1683349609375,165293500,414.6300048828125,428.94000244140625,394.739990234375,395.2300109863281,113548800
2025-11-21,72.86180829384355,72.86180829384355,72.71520357251597,72.83248138427734,6818400,649.667590792559,659.0895314498267,645.5020891320908,653.6149291992188,123956200,402.32000732421875,402.79998779296875,383.760009765625,391.0899963378906,100460600
2025-11-24,72.93022186824959,72.98886077335196,72.8618073267549,72.95954132080078,5734400,657.2447591605586,664.5541959227929,656.1538219404428,663.235107421875,80437900,402.1700134277344,421.7200012207031,401.0899963378906,417.7799987792969,96806400
2025-11-25,73.00840900098495,73.19410882053093,73.00840900098495,73.12569427490234,7446200,663.135941149376,670.6536740212097,659.020017057554,669.4734497070312,81077100,414.4200134277344,420.4800109863281,405.95001220703125,419.3999938964844,71915600
2025-11-26,73.08659504278614,73.2038803100586,72.988861048372,73.2038803100586,7327100,672.0620713400136,676.0986363282427,671.1595147067713,674.09521484375,71879600,423.95001220703125,426.94000244140625,416.8900146484375,426.5799865722656,63463000
2025-11-28,73.16478380459766,73.18432762045182,73.01817908750162,73.08659362792969,4812100,675.2654787466182,678.0523870500939,674.9084513312986,677.7747192382812,49212000,426.5899963378906,432.92999267578125,426.20001220703125,430.1700134277344,36252900
2025-12-01,72.82088364083523,72.85030458192263,72.7620567197289,72.80127716064453,6891500,673.2323336611282,677.3779800628074,673.1629015749381,674.6803588867188,61201200,425.32000732421875,433.6600036621094,425.2900085449219,430.1400146484375,57463600
2025-12-02,72.80128491446342,72.90913926833505,72.77187145077752,72.86991882324219,6756900,676.316803165018,678.2012155152329,673.7481184984898,675.9300537109375,62953800,430.80999755859375,436.79998779296875,422.1199951171875,429.239990234375,69336600
2025-12-03,72.95815383611809,73.01698075312176,72.88951245890219,72.9777603149414,9774000,674.9779023816353,679.2822075879724,674.105128319461,678.2706298828125,57238500,432.1000061035156,447.9200134277344,431.1099853515625,446.739990234375,87483000
2025-12-04,72.90914141812672,72.91894839982285,72.81109404277105,72.84050750732422,7337500,679.6689755171525,679.7384076011712,675.7415530139849,678.7664794921875,61970300,449.94000244140625,454.6300048828125,445.3900146484375,454.5299987792969,71906500
2025-12-05,72.86010501515287,72.87971897612906,72.70323073001485,72.75225067138672,7270500,679.8375623637357,682.7336127271673,678.9549213715281,680.0557861328125,79241000,453.0299987792969,458.8699951171875,451.6600036621094,455.0,56427500
2025-12-08,72.75224826109135,72.76205524125454,72.5365470612396,72.64439392089844,8585700,680.9484564225444,680.9980334759979,675.9696853695019,678.0127563476562,55231500,447.45001220703125,449.75,435.25,439.5799865722656,69165800
2025-12-09,72.76206397053039,72.76206397053039,72.56596922694544,72.59538269042969,6665200,677.5366323782647,679.7582167824522,676.9812362772177,677.427490234375,58310100,437.5400085449219,452.3900146484375,435.70001220703125,445.1700134277344,62367400
2025-12-10,72.56595879809636,72.82088043201362,72.55615181816603,72.81108093261719,8771100,676.9515664343469,683.3088703732143,675.711837383319,681.92041015625,85671300,446.07000732421875,456.8800048828125,443.6099853515625,451.45001220703125,63257500
2025-12-11,72.95815570943647,72.97776218876322,72.79146697275654,72.81108093261719,8924600,679.51034738166,683.5865617528303,676.5647198382891,683.5072021484375,86173700,448.95001220703125,449.2699890136719,440.3299865722656,446.8900146484375,55979500
2025-12-12,72.60518525054759,72.64439821244878,72.5659648081119,72.5855712890625,8117600,682.5153843270051,683.2195721462687,673.5893360954813,676.1580810546875,113160300,448.0899963378906,463.010009765625,441.6700134277344,458.9599914550781,95656700
2025-12-15,72.72282517007227,72.79145906105693,72.63458480189188,72.6738052368164,10495500,680.1053789946951,680.1252340287925,673.6687159286942,675.1365356445312,90811000,469.44000244140625,481.7699890136719,467.6600036621094,475.30999755859375,114542200
2025-12-16,72.67381313572824,72.82088043201362,72.61497873668019,72.81108093261719,6999300,673.6488975485244,675.4837328267965,669.4338188610296,673.2918701171875,122030600,472.2099914550781,491.5,465.8299865722656,489.8800048828125,107608100
2025-12-17,72.73264646497266,72.82088685052149,72.72283948417794,72.79147338867188,10071300,674.3034691132465,674.8489377460819,665.6848710067972,665.8832397460938,110625200,488.2200012207031,495.2799987792969,466.20001220703125,467.260009765625,106490400
2025-12-18,72.9459228515625,72.99510642738981,72.8868920528624,72.9459228515625,6940500,672.0322187932205,675.1464323222394,669.3544527925658,670.9114990234375,108650100,478.1600036621094,490.8599853515625,473.1199951171875,483.3699951171875,95168400
2025-12-19,72.8672344307122,72.92625773549597,72.81804333972124,72.83772277832031,7540400,673.0134542661981,677.4896664833268,672.8940327515619,676.9923095703125,103599500,488.1199951171875,490.489990234375,474.7200012207031,481.20001220703125,103305400
2025-12-22,72.82786339828381,72.837703114927,72.76884010943407,72.81802368164062,9855300,680.3245900087294,681.7370666700199,676.9923229108747,681.2098999023438,69556700,489.8800048828125,498.8299865722656,485.3299865722656,488.7300109863281,86916100
2025-12-23,72.66064651046771,72.81804449422214,72.65080679101217,72.80821228027344,10188700,680.3046207584179,684.562024812114,680.2548972126992,684.3233032226562,64840000,489.3999938964844,491.9700012207031,482.8399963378906,485.55999755859375,58223600
2025-12-24,72.87706851054848,72.99511511098119,72.8475568604403,72.98528289794922,5341700,684.313382495532,687.1781631452748,684.164151137988,686.7305297851562,39445600,488.4800109863281,490.8999938964844,476.79998779296875,485.3999938964844,41285400
2025-12-26,73.04430619816557,73.07381784827375,72.93609181076484,72.98528289794922,6730500,686.989161229118,688.0037280321676,685.6264081645946,686.660888671875,41613300,485.2300109863281,489.0899963378906,473.82000732421875,475.19000244140625,58780700
2025-12-29,73.05413161025145,73.0934829711914,73.00494053270033,73.0934829711914,9105700,683.9055083361335,685.5567672531378,682.4433081832867,684.2138671875,62559500,469.0,469.3999938964844,459.0,459.6400146484375,66263000
2025-12-30,73.02462098776415,73.08364427724769,72.9754299095247,73.06396484375,7743200,683.8160334465714,684.9201512250444,682.9506372729019,683.3783569335938,47160700,461.0899963378906,463.1199951171875,453.8299865722656,454.42999267578125,59238500
2025-12-31,72.96560031158933,73.04430304548498,72.85738592885924,72.86722564697266,8846700,683.5076844111845,683.726492314561,678.1063955310838,678.3152465820312,74144800,456.1000061035156,456.54998779296875,449.29998779296875,449.7200012207031,49078000
2026-01-02,72.92625773549597,72.95577689339456,72.81804333972124,72.83772277832031,7453500,682.0852055985325,683.2390468658663,676.2263268834449,679.55859375,89377200,457.79998779296875,458.3399963378906,435.29998779296875,438.07000732421875,85535400
2026-01-05,72.90657034013077,73.00494499574232,72.87705869399782,72.97543334960938,11059100,682.910778712987,685.7855161168121,682.7516512212146,684.0845336914062,71927200,447.989990234375,457.54998779296875,444.57000732421875,451.6700134277344,67940800
2026-01-06,72.92624226905103,72.98527306682206,72.82786761343948,72.97543334960938,9079000,684.2934596862484,688.6602678554459,684.1442890432024,688.1529541015625,69273800,446.3800048828125,448.25,428.7799987792969,432.9599914550781,89093800
2026-01-07,73.0934895480745,73.11316147756222,72.99510738411993,73.05413818359375,11576600,688.5309418430683,690.2916046822218,685.6761181181482,685.9347534179688,75588300,435.8999938964844,438.3699951171875,431.2900085449219,431.4100036621094,59828800
2026-01-08,72.91641443076911,72.97543772657515,72.89673499516338,72.9262466430664,9906800,685.1787573638412,686.9692300361542,683.8557710289468,685.8651123046875,64019200,427.8900146484375,436.8900146484375,424.3699951171875,435.79998779296875,57041100
2026-01-09,72.97544954359158,73.15252696518968,72.92625845211725,73.08366394042969,10536800,686.9791831428475,691.6344363504869,685.5368360184962,690.4010009765625,80125500,435.95001220703125,449.04998779296875,430.3900146484375,445.010009765625,67331500
2026-01-12,73.00495367761324,73.09349613204685,72.95577009671103,73.0147933959961,9851000,687.0289310253164,692.410366767912,686.979207477028,691.4852294921875,63976000,441.2300109863281,454.29998779296875,438.0,448.9599914550781,61649600
2026-01-13,73.1033260408022,73.11316575887491,73.01479109466513,73.07381439208984,11835200,691.813478661017,692.4103433578374,687.6953490317495,690.1026000976562,78309700,450.20001220703125,451.80999755859375,443.95001220703125,447.20001220703125,53719200
2026-01-14,73.11316013775604,73.25088615816219,73.11316013775604,73.22137451171875,8765900,687.3472637531122,688.0634285762314,682.4134612479594,686.7106323242188,94676700,442.80999755859375,443.9100036621094,434.2200012207031,439.20001220703125,57259500
2026-01-15,73.24106076658069,73.26074020506235,73.11317443847656,73.11317443847656,9959500,690.8983886882239,691.7737417111902,687.5959315038539,688.5806884765625,77862000,441.1300048828125,445.3599853515625,437.6499938964844,438.57000732421875,49465800
2026-01-16,73.11316365506372,73.12300337285329,72.97543762803187,72.99510955810547,16105100,689.9931507530615,690.5800586110835,686.4519720383781,688.0037231445312,79289200,439.5,447.25,435.260009765625,437.5,60220600
2026-01-20,72.70982788611902,72.82787448178372,72.69998816797835,72.72949981689453,12982700,677.8874730475171,681.1501633341576,672.9934983300664,673.9981689453125,111623300,429.3599853515625,430.7300109863281,417.44000244140625,419.25,63187300
2026-01-21,72.80820224873729,72.95576799821136,72.74917144564418,72.93608856201172,11453200,676.0572511802958,685.0991655259935,674.5452667925615,681.77685546875,127844500,421.6600036621094,438.20001220703125,419.6199951171875,431.44000244140625,68124000
2026-01-22,72.88688870634762,73.00494279282228,72.8475448496943,72.96559143066406,13512400,686.2033478813381,687.476610793547,683.2888434897402,685.3379516601562,77112200,435.1600036621094,449.5,432.6300048828125,449.3599853515625,71546700
2026-01-23,72.99511280841027,73.05414361227068,72.91641757910622,73.04430389404297,8079700,684.5123006998919,687.3074439470811,683.5274830754288,685.5865478515625,63059600,447.42999267578125,452.42999267578125,444.0400085449219,449.05999755859375,56771400
2026-01-26,73.1328353881836,73.17218675373037,73.1033237403999,73.1328353881836,7137300,686.8399050563427,690.4606777697717,686.272910918868,689.0680541992188,60473800,445.0,445.0400085449219,434.2799987792969,435.20001220703125,49397400
2026-01-27,73.1033260408022,73.17218905629963,73.04430274337749,73.07381439208984,9827900,690.5104039402848,692.8480177488461,689.9036431059924,691.8134765625,55506100,437.4100036621094,437.5199890136719,430.69000244140625,430.8999938964844,37733100
2026-01-28,73.03446417581524,73.05414361227068,72.94592922828348,73.04430389404297,9328300,693.3652237572153,694.1510864943795,690.271678492269,691.7438354492188,61172200,431.9100036621094,438.260009765625,430.1000061035156,431.4599914550781,54857400
2026-01-29,72.94592380764799,73.11316147756222,72.93608409015147,73.05413818359375,16397300,692.7087686795362,693.375209936545,681.2098793986574,690.3711547851562,97486200,437.79998779296875,440.2300109863281,414.6199951171875,416.55999755859375,81686100
2026-01-30,73.0442996153441,73.09349069809534,72.96559688514431,73.02462768554688,8977500,688.1330315570439,690.5402826440542,683.487735152998,688.3120727539062,101835100,425.3500061035156,439.8800048828125,422.70001220703125,430.4100036621094,82626100
2026-02-02,73.06903716631895,73.07890946776455,72.93085506751896,72.95059967041016,8636400,685.9348095869553,693.2459322689688,685.7756213682558,691.7339477539062,79286500,421.2900085449219,427.1499938964844,414.5,421.80999755859375,58739500
2026-02-03,72.90124586450048,72.98020921553126,72.88150126156299,72.9703369140625,11287100,692.529690413304,693.2757257351432,680.4140840721383,685.885009765625,107904600,424.2699890136719,428.55999755859375,413.69000244140625,421.9599914550781,56886500
2026-02-04,72.9308549324594,72.99994598173144,72.89137325710972,72.94072723388672,11709600,686.7006659106327,687.7948875474046,678.1561081391175,682.5626831054688,105204600,420.4599914550781,423.8999938964844,399.17999267578125,406.010009765625,74606900
2026-02-05,73.09864982928902,73.27631361150559,73.04930338055993,73.25657653808594,12216700,677.3404209861714,680.0758839506523,672.2176206040476,674.0379638671875,113610800,397.0199890136719,402.1000061035156,387.5299987792969,397.2099914550781,72819800
2026-02-06,73.26644897460938,73.28618604806529,73.16774101624993,73.26644897460938,8257200,677.8576866055596,688.6503070282812,677.2508650473027,686.96923828125,89127600,400.8699951171875,414.54998779296875,397.75,411.1099853515625,62677100
2026-02-09,73.20722286353478,73.30592329176346,73.17761348810217,73.28618621826172,9429800,685.7755944360715,692.1915108078678,684.7013472083629,690.2816772460938,73885200,409.9100036621094,421.25,407.2900085449219,417.32000732421875,54484300
2026-02-10,73.48358944091265,73.55268049593349,73.46385236677537,73.50333404541016,8288400,691.276360737094,692.8579216647231,688.0037135108784,688.4613037109375,65185700,418.0799865722656,427.25,417.0,425.2099914550781,64450200
2026-02-11,73.34540571310572,73.51320472619254,73.32566863940377,73.35527801513672,7968800,692.7087599208829,693.4547952732178,685.5368515439336,688.3021850585938,76353900,427.9599914550781,436.3500061035156,420.0299987792969,428.2699890136719,57362000
2026-02-12,73.49345618474459,73.71060163563283,73.46384681059796,73.69086456298828,9884300,690.5701102294341,691.6742279947084,676.7734344520502,677.668701171875,118829000,430.29998779296875,436.2300109863281,414.0,417.07000732421875,61933400
2026-02-13,73.86852308387695,73.92774936435475,73.838913708818,73.90800476074219,8307900,678.0864377658819,682.6522007204912,673.9384983110481,678.1461181640625,96267500,414.30999755859375,424.05999755859375,410.8800048828125,417.44000244140625,51434100
2026-02-17,73.91786939542419,73.93761399698874,73.85865065144874,73.89813232421875,9689000,676.5446598627462,681.31927396984,672.2077222570326,679.2402954101562,81354700,412.3599853515625,413.7200012207031,400.510009765625,410.6300048828125,59678800
2026-02-18,73.81917572021484,73.8882667712823,73.79943111684712,73.81917572021484,6972500,680.4041503420104,685.507036973797,679.2204384959671,682.662109375,73570300,411.1099853515625,416.8999938964844,409.5799865722656,411.32000732421875,45921400
2026-02-19,73.75008497422307,73.87839477520491,73.75008497422307,73.84878540039062,8147900,680.225062656192,682.5526587813481,677.9471293624403,680.8616333007812,58649400,407.25,415.25,404.1099853515625,411.7099914550781,51019600
2026-02-20,73.8685147061735,73.8685147061735,73.72046784766928,73.83890533447266,9131300,678.7131823752115,686.4122580979458,678.126274472082,685.7855834960938,100034000,408.29998779296875,414.70001220703125,405.5,411.82000732421875,57912200
2026-02-23,73.8685164803386,74.0461802451698,73.8685164803386,73.99683380126953,6286900,684.1940214696967,686.3525334522094,676.7734345413753,678.7827758789062,90558100,407.2900085449219,407.70001220703125,394.0400085449219,399.8299865722656,69680000
2026-02-24,73.97709638737085,73.99684099113679,73.9178776367929,73.95735931396484,9854400,678.295350173768,684.7112054782021,676.4053697086953,683.7164916992188,73798700,399.5,410.82000732421875,397.6400146484375,409.3800048828125,58579500
2026-02-25,73.90799753839332,73.99683318524897,73.89813276791092,73.93761444091797,7002000,686.53156929616,690.0130676270821,686.4519751919497,689.4859008789062,56369500,412.1499938964844,420.3399963378906,412.1499938964844,417.3999938964844,54809700
2026-02-26,73.95736022752799,74.05606065649711,73.95736022752799,74.04618835449219,14876200,689.615191050754,689.6350440416309,680.7323436648176,685.6561889648438,71671000,414.4200134277344,416.80999755859375,403.6600036621094,408.5799865722656,53602500
2026-02-27,74.17450731068443,74.25347066772962,74.15476270624303,74.19424438476562,8500900,679.4790749097389,683.2291046432514,678.0367277603054,682.3637084960938,83308900,402.94000244140625,407.1199951171875,398.1099853515625,402.510009765625,56890100
2026-03-02,73.97445963087804,73.99425675134248,73.80615767048563,73.89525604248047,8732600,675.1123137702438,684.9798583327654,674.4359156260907,682.751708984375,87477200,390.6000061035156,404.5400085449219,388.25,403.32000732421875,55088300
2026-03-03,73.58834680816365,73.91505592417009,73.56854213571326,73.81604766845703,8939900,671.4915420947397,679.0016196644848,666.1200629162043,676.7337036132812,105003100,395.0899963378906,396.3399963378906,385.3900146484375,392.42999267578125,62617300
2026-03-04,73.82595470072344,73.85565415801877,73.75665344927774,73.76655578613281,11305400,678.026741603972,683.4579005621853,676.0273572426378,681.5082397460938,79182200,397.8500061035156,408.3299865722656,394.5799865722656,405.94000244140625,68305500
2026-03-05,73.53884480085381,73.62795072291111,73.49924300808053,73.5982437133789,10025800,678.474445192334,681.9062201445739,672.0386149612469,677.70849609375,106606500,401.57000732421875,408.6199951171875,399.4200134277344,405.54998779296875,51925900
2026-03-06,73.38043924510976,73.67744133697158,73.3309351198316,73.49923706054688,10878000,669.8502072585248,672.5359467168151,666.2195382406165,668.82568359375,100687000,398.0899963378906,402.3500061035156,394.2099914550781,396.7300109863281,64054600
2026-03-09,73.41014357931128,73.75664981948718,73.37054178710981,73.70714569091797,8201800,662.8673651303956,676.3258117079225,658.888509802078,674.6845703125,102667700,390.04998779296875,401.5899963378906,381.3999938964844,398.67999267578125,67018900
2026-03-10,73.64774836666449,73.7071472796122,73.46954407455162,73.47944641113281,8622900,674.1374043547928,679.7476047325034,671.1930903760745,673.6002807617188,81505300,402.2200012207031,406.5899963378906,398.19000244140625,399.239990234375,59258700
2026-03-11,73.35073424912449,73.36063658510542,73.11313105846656,73.1527328491211,9003400,673.9982140650914,676.4849986405864,669.7806371390539,672.7548217773438,68441700,402.2799987792969,416.3800048828125,402.1499938964844,407.82000732421875,62559900
2026-03-12,73.04383663586307,73.09334076712253,72.82603054355343,72.88543701171875,12383500,667.6120785283837,668.0995392824933,662.3500644519811,662.5390625,108882200,405.17999267578125,406.5,394.6499938964844,395.010009765625,60973800
2026-03-13,73.00423066262177,73.06363712738657,72.77652979971018,72.81613159179688,7060100,665.7321452917186,668.7859240392634,657.863924887251,658.7890014648438,97200200,399.1700134277344,400.20001220703125,389.95001220703125,391.20001220703125,58504100
2026-03-16,73.09333038330078,73.14282695425867,73.00422447034637,73.09333038330078,7716600,664.8468199428278,668.5173163233716,663.5934708305671,665.493408203125,82023100,396.2200012207031,403.7300109863281,394.4200134277344,395.55999755859375,58068300
2026-03-17,73.19234004695345,73.27154363411377,73.19234004695345,73.2418441772461,5948100,668.8355969918504,670.8747480492216,666.1598145596139,667.2440185546875,87128000,395.69000244140625,400.1199951171875,393.0,399.2699890136719,46890500
2026-03-18,73.16264558045143,73.21214216085039,72.93493714015113,72.94483947753906,9210900,664.8268919718373,666.1796881508768,657.6948111200146,657.9335327148438,82062600,399.0,403.07000732421875,392.30999755859375,392.7799987792969,50853100
2026-03-19,72.78642945374656,73.1230409323752,72.76663233301313,73.02404022216797,8861500,653.4971375917409,659.4753776238247,651.7066647804095,656.3121948242188,111272500,387.2699890136719,387.2699890136719,378.7300109863281,380.29998779296875,67078300
2026-03-20,72.77652997497921,72.79632709443547,72.43002373497303,72.4399185180664,12983200,654.8230422006715,655.0025723674255,643.063298812559,646.9034423828125,163617500,379.8500061035156,379.8900146484375,364.4599914550781,367.9599914550781,78628600
2026-03-23,72.56862004313666,72.8755244647914,72.50921358329431,72.71711730957031,14898800,656.3790129905765,660.9173090129275,652.2596206790361,653.6959228515625,134802700,373.0899963378906,385.3299865722656,372.7300109863281,380.8500061035156,74606000
2026-03-24,72.44981863485921,72.67752704461265,72.39041972504063,72.52902221679688,11800800,649.6463809650626,655.3417305137531,648.2100787416998,651.5015869140625,96457500,376.55999755859375,387.4800109863281,376.30999755859375,383.0299987792969,60004900
2026-03-25,72.83592809319096,72.88543222119667,72.71712271793893,72.80622863769531,9313300,656.9774239230809,659.1917509309695,652.5588148295345,655.1322021484375,90653800,389.989990234375,396.2300109863281,385.010009765625,385.95001220703125,55157300
2026-03-26,72.59832977427028,72.69733048366467,72.37062134472019,72.38052368164062,8602900,650.3844333840033,653.1672421520028,643.1630473705688,643.432373046875,96494400,381.6000061035156,384.44000244140625,371.8699951171875,372.1099853515625,55522900
2026-03-27,72.2518235147549,72.47952439103501,72.21222172034315,72.38052368164062,13021800,640.8489947137006,641.0085567819559,631.4831091918358,632.4606323242188,103649400,369.69000244140625,369.8599853515625,359.4700012207031,361.8299865722656,62065700
2026-03-30,72.746826171875,72.86562398805242,72.6874197105172,72.746826171875,10353800,638.4651675144013,638.7245091624994,627.6630399662237,630.3460693359375,99275900,365.8599853515625,367.2900085449219,352.1400146484375,355.2799987792969,67954400
2026-03-31,72.93492711594436,73.04383015243286,72.83592641548279,72.90522766113281,10948300,637.2981538716512,649.865752001465,636.3405988140365,648.6688842773438,152534100,361.510009765625,373.3299865722656,361.0,371.75,75534900
2026-04-01,72.94496414406869,73.0741027107307,72.90522745148057,72.93502807617188,9624800,652.219751792706,656.8278752918841,651.3220400966815,653.5562744140625,97841500,378.6300048828125,383.1400146484375,374.0799865722656,381.260009765625,58683800
2026-04-02,72.87543085003546,73.16351620295431,72.85555871314475,73.09397888183594,7975600,644.7589215344626,656.5086804928782,643.4522901873171,654.144775390625,68358700,364.20001220703125,370.2799987792969,359.0299987792969,360.5899963378906,83031200
2026-04-06,72.96483855488196,73.07411257950713,72.93503792616605,72.98471069335938,9844300,654.1746977251443,658.0247645183308,653.8356054757206,657.23681640625,39105800,362.5899963378906,367.7200012207031,346.6400146484375,352.82000732421875,77697600
2026-04-07,73.00456942382685,73.11384343972708,72.76615683413523,73.09397888183594,7270000,654.9626585699763,657.9150134208243,649.386996170508,657.5260009765625,69980400,346.44000244140625,348.0199890136719,337.239990234375,346.6499938964844,74515400
2026-04-08,73.45160315129358,73.46153164095502,73.18338235043994,73.2330551147461,5760200,674.6519776493207,675.3402070755335,669.734652974974,674.27294921875,93606100,363.7900085449219,364.5,339.6700134277344,343.25,78838600
2026-04-09,73.19331820735755,73.40193017464037,73.09398025803237,73.26285552978516,5646600,673.1059235004034,679.4096297331154,672.0386657215836,678.162841796875,57134400,343.1499938964844,348.8800048828125,337.25,345.6199951171875,62164000
2026-04-10,73.25291765879508,73.28271828495943,73.1436436435261,73.15357971191406,6334300,679.5692561407437,680.2774536083281,676.7066358948267,677.7140502929688,42253500,346.2900085449219,350.3599853515625,342.739990234375,348.95001220703125,51336000
2026-04-13,73.1535761177836,73.33238744498402,73.1138394251836,73.3125228881836,6438100,675.669302461078,684.536473353906,674.8414790590384,684.3369750976562,54185800,350.07000732421875,356.3500061035156,348.57000732421875,352.4200134277344,53617500
2026-04-14,73.35225841145416,73.50126912697523,73.29265715684566,73.49134063720703,5600100,685.9229138241225,692.7952238870419,685.8929616905456,692.675537109375,63480500,357.6700134277344,367.6300048828125,354.7699890136719,364.20001220703125,59979600
2026-04-15,73.41187042941365,73.44167105801056,73.33239703382183,73.39199829101562,6724300,693.4734516118131,698.480571570673,692.4161778504387,698.1414184570312,58240400,366.8299865722656,394.6499938964844,362.5,391.95001220703125,113810400
2026-04-16,73.46152617133903,73.47146223926042,73.23304966214144,73.28271484375,7582500,699.2585607342904,700.9741726960574,696.7350934539525,699.8569946289062,49972400,393.80999755859375,394.05999755859375,381.79998779296875,388.8999938964844,63515100
2026-04-17,73.57080841064453,73.66021787393942,73.52114322348072,73.57080841064453,5806900,704.3255249385737,710.5594650064761,703.9464965121796,708.3152465820312,70661900,395.9200134277344,409.2799987792969,391.6499938964844,400.6199951171875,90640000
2026-04-20,73.56087774820364,73.57080623794317,73.44166766033099,73.5211410522461,7609600,706.9587079747221,708.0857482546458,704.3254772575062,706.8988037109375,43546800,402.5799865722656,406.79998779296875,388.3299865722656,392.5,64603900
2026-04-21,73.45160272648485,73.49133942190001,73.28271987622051,73.29265594482422,5852600,708.4548936431559,709.4523240430285,700.8345107773317,702.2708129882812,58941400,393.0,393.95001220703125,385.2200012207031,386.4200134277344,50530600
2026-04-22,73.47146165969441,73.49133379538043,73.36218765041872,73.37212371826172,5936800,707.3278031045794,709.6218808832724,706.4001392457644,709.3825073242188,42518500,387.57000732421875,393.010009765625,385.29998779296875,387.510009765625,62362800
2026-04-23,73.37212715844326,73.44166447860646,73.13371457202658,73.24298858642578,6181500,707.6768673789517,710.5295037064266,700.4754491270062,706.6295776367188,56174000,375.2799987792969,386.0,368.3900146484375,373.7200012207031,93969500
2026-04-24,73.26284970898601,73.40192434279162,73.17344783539632,73.37212371826172,5118200,708.9236633096505,712.6340752101273,707.1881441382454,712.10546875,45182000,373.5,382.760009765625,370.7300109863281,376.29998779296875,62893300
2026-04-27,73.31252325741072,73.36218843916149,73.2131777359108,73.25291442871094,6095200,711.3374146094498,713.7911152864904,710.4696550399041,713.332275390625,33135900,372.0899963378906,380.7799987792969,364.0199890136719,378.6700134277344,66735800
2026-04-28,73.16351779211732,73.2330551147461,73.11384502781117,73.2330551147461,7242000,709.9908768700561,711.0481506026886,707.4274735730012,709.8612060546875,43117400,374.67999267578125,382.2900085449219,372.5400085449219,376.0199890136719,50864400
2026-04-29,73.06417443194235,73.06417443194235,72.83569034365343,72.90522766113281,7207000,709.1729992133655,710.3699278433978,706.5497524472755,709.7515258789062,41859200,375.3999938964844,376.3999938964844,370.0400085449219,372.79998779296875,45384800
2026-04-30,73.04431173702714,73.09398450407511,72.96483834135049,73.01451110839844,7829100,712.7936806635566,717.9403946619685,708.6244289610544,716.8132934570312,67240900,372.75,384.75,368.1700134277344,381.6300048828125,51076000
2026-05-01,73.05636702363408,73.28559828673644,73.01649906395632,73.11616516113281,6933100,719.3966516418469,723.0073446973263,718.6186267345964,718.7982177734375,43049800,382.489990234375,397.82000732421875,378.79998779296875,390.82000732421875,65338300
2026-05-04,73.01649971425086,73.03642989224934,72.73743159805693,72.86699676513672,7912200,718.2196821209096,720.2644021704073,713.152718877996,716.1649780273438,51950600,390.2300109863281,394.6400146484375,384.79998779296875,392.510009765625,48765100
2026-05-05,72.94673752214273,73.06633380613552,72.93676863046454,72.99656677246094,8336200,719.9153564929043,723.1769124909786,719.6360467603954,721.9102172851562,36933200,395.19000244140625,402.1199951171875,389.0,389.3699951171875,47780600
2026-05-06,73.2556975133465,73.32546454015018,73.22579844529288,73.30553436279297,7658300,726.288861980811,732.7023927493656,725.9497697512824,731.9443359375,53288900,386.25,401.67999267578125,384.0199890136719,398.7300109863281,53465400
2026-05-07,73.40520216576971,73.40520216576971,73.07629720145506,73.11616516113281,9777000,733.161188473549,734.238430329629,727.8748196364371,729.7001342773438,51724600,407.4800109863281,415.8299865722656,402.1199951171875,411.7900085449219,64294200
2026-05-08,73.31549564945377,73.36533249890022,73.27562769070371,73.30553436279297,7382800,733.0415191543954,736.1834492768152,732.6824588199246,735.724609375,47227100,416.4800109863281,431.20001220703125,416.3900146484375,428.3500061035156,65050000
2026-05-11,73.22580288067937,73.25570195054401,73.11616788848491,73.12613677978516,9494200,734.5576163199453,738.8864300819614,734.5576163199453,737.4002685546875,44024000,422.1600036621094,449.1600036621094,416.79998779296875,445.0,78376100
2026-05-12,72.96666612165873,72.98660390458345,72.88693019803233,72.90686798095703,7431700,734.9964788307154,736.9414802248905,729.9494836014034,736.2831420898438,54185300,441.4100036621094,447.79998779296875,422.260009765625,433.45001220703125,60569300
2026-05-13,72.88693072448947,72.94673646965936,72.78726462125469,72.936767578125,10761000,736.5723674930287,741.9983910774667,733.5800764180441,740.4025268554688,44200200,436.6700134277344,453.3999938964844,430.2099914550781,445.2699890136719,68283200
2026-05-14,72.97663010689631,73.13609433939213,72.9068630794227,72.91683197021484,6262500,741.7391534739264,747.6040491923611,741.649357949993,746.2474975585938,45307600,446.489990234375,451.9800109863281,441.1600036621094,443.29998779296875,46070400
2026-05-15,72.57795826950466,72.59788844709442,72.458354391859,72.49822235107422,12189900,739.8838927249178,741.5496453663399,736.0637780312098,737.2706298828125,60410800,433.9800109863281,434.6600036621094,422.0,422.239990234375,52688700
2026-05-18,72.53809198266607,72.61782790293483,72.34872107303673,72.44839477539062,8771700,737.9289136337939,739.5147938000424,731.5054597381557,736.751953125,47843900,419.2699890136719,421.1300048828125,405.3299865722656,409.989990234375,52474200
2026-05-19,72.22912815166357,72.30886407563601,72.0995553741993,72.20919036865234,13221200,732.8919551385734,735.7545755811656,729.650306265128,731.8446044921875,54255900,403.1600036621094,405.6300048828125,393.6300048828125,404.1099853515625,46500600
2026-05-20,72.23909143779342,72.65769360011303,72.21915365632925,72.60785675048828,11123000,733.8195334397973,739.9636778498481,732.0042028263388,739.3452758789062,45768000,407.6000061035156,417.4599914550781,406.3900146484375,417.260009765625,45294700
2026-05-21,72.40853104890729,72.69756807375434,72.3387640156019,72.6875991821289,10364600,736.7419902854853,742.9559620700644,735.1361419849363,740.8114624023438,43332200,422.17999267578125,426.95001220703125,412.8999938964844,417.8500061035156,42636900
2026-05-22,72.79723032607859,72.80719921717656,72.57796034613888,72.75736236572266,6817600,744.3224328967863,747.015507083493,742.566945697205,743.7239990234375,41762000,422.6700134277344,431.510009765625,420.510009765625,426.010009765625,46104700
2026-05-26,73.01650402928816,73.03643420846446,72.88693125051518,72.96666717529297,7374200,748.0827892360243,750.1973368284331,746.4469887578754,748.6613159179688,41123600,430.260009765625,435.20001220703125,426.1199951171875,433.5899963378906,45658900
2026-05-27,73.04639924996759,73.09622849730009,72.99656239859918,73.03643035888672,7349100,748.9505199197505,749.4492351039673,746.2973210478585,748.5316162109375,42106300,442.8900146484375,445.6000061035156,435.5199890136719,440.3599853515625,44656500
2026-05-28,73.04639918767165,73.23577009786702,72.99656233634575,73.17596435546875,7239100,748.3221518516883,753.2095851254732,747.3047533704411,752.6609497070312,41562600,437.6199951171875,443.9599914550781,436.29998779296875,442.1000061035156,32435000
2026-05-29,73.22580446280469,73.30554038685727,73.13609964723648,73.21583557128906,9177400,753.9576670103595,756.1320579864754,752.7507543048832,754.5361328125,55075700,439.8500061035156,441.07000732421875,428.1400146484375,435.7900085449219,45176800
2026-06-01,72.75736555068788,72.94673646965936,72.69756740955427,72.936767578125,7268300,753.4189990020213,758.3264003155792,752.7507376917755,756.5908203125,43634900,427.489990234375,429.6000061035156,415.42999267578125,415.8800048828125,44937900
2026-06-02,73.02646258720429,73.05636926090531,72.91683519977798,72.95669555664062,7682700,755.0847737682097,758.4461093852723,754.805464031348,757.6182250976562,31581900,418.2200012207031,424.4200134277344,413.6499938964844,423.739990234375,37596000
2026-06-03,72.7972313816096,72.87696730347763,72.73743324222661,72.8171615600586,9330700,756.2018667594974,756.8501599793441,751.6336185743088,752.3018798828125,51402500,418.70001220703125,433.6000061035156,416.0,423.70001220703125,44500700
2026-06-04,72.94673103855558,72.98659899768846,72.88692529783842,72.91683197021484,6815000,750.1673635570705,756.3614281257201,749.5389775481502,755.1445922851562,49923000,419.8399963378906,426.3500061035156,417.1600036621094,418.45001220703125,35323300
2026-06-05,72.69756376123979,72.70752504823798,72.5779598809386,72.58792877197266,8487200,750.3768677170906,750.8855669656407,733.6400171295905,735.65478515625,93989400,420.5,424.67999267578125,388.5899963378906,391.0,63420200
2026-06-08,72.73743390057466,72.76733297053678,72.55803187676587,72.5679931640625,14019000,741.4498108327123,743.4247643242134,736.2931129658897,737.3204345703125,49319100,396.3299865722656,412.94000244140625,394.7200012207031,408.95001220703125,50328800
2026-06-09,72.67762591746254,72.75736183759562,72.59788999732943,72.72746276855469,8703500,741.7191759970133,744.9807928982774,720.7332622187009,735.1560668945312,87683500,411.0299987792969,418.5,384.239990234375,396.67999267578125,59940200
2026-06-10,72.72746171143145,72.79722873952485,72.5978889420896,72.66766357421875,5252500,731.5054857614351,736.4826536495077,723.4661992814284,723.56591796875,60341300,391.5400085449219,397.0899963378906,380.1499938964844,381.5899963378906,49695600
2026-06-11,72.73743042435132,73.11616463249804,72.68759357410549,73.08626556396484,9058700,726.8873842592473,738.0984921563339,722.5485255148498,735.8642578125,86330500,388.2799987792969,399.5400085449219,380.6600036621094,399.1499938964844,45324300
2026-06-12,72.96666770146274,73.0464036268155,72.86700159678996,72.99656677246094,7379300,738.8066884479139,742.5270843334097,733.1412911200548,739.843994140625,57079500,399.489990234375,406.67999267578125,386.760009765625,406.42999267578125,63514500
2026-06-15,73.13609428096325,73.18593113084845,73.0463970760127,73.05636596679688,7738300,749.9179969688896,754.7356026867302,749.8282623277308,752.890380859375,60176400,412.3699951171875,416.0,407.1000061035156,411.1499938964844,45620500
2026-06-16,73.09622573531726,73.23576739306898,73.07629555794452,73.16600036621094,5902800,752.6111046530555,753.4988323298886,747.9531216783239,748.4019775390625,67093100,404.1099853515625,412.4200134277344,400.5400085449219,404.6600036621094,40255500
2026-06-17,73.17596448052052,73.22580133193159,72.8769661841618,72.89689636230469,8531600,749.3594421826946,750.217278570044,737.3204502885575,739.0560302734375,85945200,401.5299987792969,405.94000244140625,393.760009765625,396.3800048828125,43534300
2026-06-18,73.07629937480894,73.25570139667653,73.07629937480894,73.09622955322266,6312500,747.760009765625,748.22998046875,743.8599853515625,746.739990234375,80875700,398.1000061035156,402.5199890136719,384.70001220703125,400.489990234375,58384700
2026-06-22,72.92679543153696,72.97663228294805,72.8669972930724,72.89689636230469,7359400,747.7000122070312,750.1799926757812,743.1300048828125,744.3900146484375,46628100,394.8500061035156,414.75,394.3999938964844,405.04998779296875,47819500
2026-06-23,72.93676320484009,73.05636708397215,72.93676320484009,72.97663116455078,7081800,733.8099975585938,739.6300048828125,732.2999877929688,733.5800170898438,66846800,392.6099853515625,392.8699951171875,379.05999755859375,381.6099853515625,50420200
2026-06-24,73.2357673359893,73.3553636082038,73.21582955459647,73.30553436279297,7819400,735.1699829101562,739.9500122070312,730.8400268554688,733.239990234375,57439500,380.0799865722656,384.5799865722656,373.04998779296875,375.5299987792969,37081400
2026-06-25,73.40520642136649,73.48494234534462,73.34540067636476,73.3553695678711,7638100,738.9099731445312,739.3699951171875,729.5999755859375,734.2999877929688,53934400,375.2699890136719,379.1199951171875,371.2200012207031,375.1199951171875,30138800
2026-06-26,73.32546665373471,73.47496960234783,73.31549776275094,73.42513275146484,5965100,728.9500122070312,736.530029296875,716.5800170898438,728.989990234375,71034000,370.1499938964844,387.79998779296875,368.6000061035156,379.7099914550781,53434100
2026-06-29,73.44507378847017,73.48494175013631,73.39523693537845,73.46500396728516,7224800,736.530029296875,741.5599975585938,732.0900268554688,741.0,58035200,381.7900085449219,413.2699890136719,379.29998779296875,411.8399963378906,57645800
